Using pre-set license
Built from '2022.3/staging' branch; Version is '2022.3.55f1 (9f374180d209) revision 10434369'; Using compiler version '192829333'; Build Type 'Release'
OS: 'Windows 11  (10.0.26100) 64bit CoreSingleLanguage' Language: 'en' Physical Memory: 8010 MB
BatchMode: 1, IsHumanControllingUs: 0, StartBugReporterOnCrash: 0, Is64bit: 1, IsPro: 1

COMMAND LINE ARGUMENTS:
C:\Program Files\Unity\Hub\Editor\2022.3.55f1\Editor\Unity.exe
-adb2
-batchMode
-noUpm
-name
AssetImportWorker1
-projectPath
C:/Users/panget/OneDrive/Documents/DelRosario_MichelleAngela_SpaceShooter/Quiz5/Tower Defense_DelRosario
-logFile
Logs/AssetImportWorker1.log
-srvPort
58626
Successfully changed project path to: C:/Users/panget/OneDrive/Documents/DelRosario_MichelleAngela_SpaceShooter/Quiz5/Tower Defense_DelRosario
C:/Users/panget/OneDrive/Documents/DelRosario_MichelleAngela_SpaceShooter/Quiz5/Tower Defense_DelRosario
[UnityMemory] Configuration Parameters - Can be set up in boot.config
    "memorysetup-bucket-allocator-granularity=16"
    "memorysetup-bucket-allocator-bucket-count=8"
    "memorysetup-bucket-allocator-block-size=33554432"
    "memorysetup-bucket-allocator-block-count=8"
    "memorysetup-main-allocator-block-size=16777216"
    "memorysetup-thread-allocator-block-size=16777216"
    "memorysetup-gfx-main-allocator-block-size=16777216"
    "memorysetup-gfx-thread-allocator-block-size=16777216"
    "memorysetup-cache-allocator-block-size=4194304"
    "memorysetup-typetree-allocator-block-size=2097152"
    "memorysetup-profiler-bucket-allocator-granularity=16"
    "memorysetup-profiler-bucket-allocator-bucket-count=8"
    "memorysetup-profiler-bucket-allocator-block-size=33554432"
    "memorysetup-profiler-bucket-allocator-block-count=8"
    "memorysetup-profiler-allocator-block-size=16777216"
    "memorysetup-profiler-editor-allocator-block-size=1048576"
    "memorysetup-temp-allocator-size-main=16777216"
    "memorysetup-job-temp-allocator-block-size=2097152"
    "memorysetup-job-temp-allocator-block-size-background=1048576"
    "memorysetup-job-temp-allocator-reduction-small-platforms=262144"
    "memorysetup-allocator-temp-initial-block-size-main=262144"
    "memorysetup-allocator-temp-initial-block-size-worker=262144"
    "memorysetup-temp-allocator-size-background-worker=32768"
    "memorysetup-temp-allocator-size-job-worker=262144"
    "memorysetup-temp-allocator-size-preload-manager=33554432"
    "memorysetup-temp-allocator-size-nav-mesh-worker=65536"
    "memorysetup-temp-allocator-size-audio-worker=65536"
    "memorysetup-temp-allocator-size-cloud-worker=32768"
    "memorysetup-temp-allocator-size-gi-baking-worker=262144"
    "memorysetup-temp-allocator-size-gfx=262144"
Player connection [29864]  Target information:

Player connection [29864]  * "[IP] 192.168.5.109 [Port] 0 [Flags] 2 [Guid] 205399845 [EditorId] 205399845 [Version] 1048832 [Id] WindowsEditor(7,MICHIKO) [Debug] 1 [PackageName] WindowsEditor [ProjectName] Editor" 

Player connection [29864] Host joined multi-casting on [225.0.0.222:54997]...
Player connection [29864] Host joined alternative multi-casting on [225.0.0.222:34997]...
[PhysX] Initialized MultithreadedTaskDispatcher with 16 workers.
Refreshing native plugins compatible for Editor in 53.57 ms, found 3 plugins.
Preloading 0 native plugins for Editor in 0.00 ms.
Initialize engine version: 2022.3.55f1 (9f374180d209)
[Subsystems] Discovering subsystems at path C:/Program Files/Unity/Hub/Editor/2022.3.55f1/Editor/Data/Resources/UnitySubsystems
[Subsystems] Discovering subsystems at path C:/Users/panget/OneDrive/Documents/DelRosario_MichelleAngela_SpaceShooter/Quiz5/Tower Defense_DelRosario/Assets
GfxDevice: creating device client; threaded=0; jobified=0
Direct3D:
    Version:  Direct3D 11.0 [level 11.1]
    Renderer: NVIDIA GeForce RTX 2050 (ID=0x25ad)
    Vendor:   NVIDIA
    VRAM:     3964 MB
    Driver:   32.0.15.6636
Initialize mono
Mono path[0] = 'C:/Program Files/Unity/Hub/Editor/2022.3.55f1/Editor/Data/Managed'
Mono path[1] = 'C:/Program Files/Unity/Hub/Editor/2022.3.55f1/Editor/Data/MonoBleedingEdge/lib/mono/unityjit-win32'
Mono config path = 'C:/Program Files/Unity/Hub/Editor/2022.3.55f1/Editor/Data/MonoBleedingEdge/etc'
Using monoOptions --debugger-agent=transport=dt_socket,embedding=1,server=y,suspend=n,address=127.0.0.1:56168
Begin MonoManager ReloadAssembly
Registering precompiled unity dll's ...
Register platform support module: C:/Program Files/Unity/Hub/Editor/2022.3.55f1/Editor/Data/PlaybackEngines/WebGLSupport/UnityEditor.WebGL.Extensions.dll
Register platform support module: C:/Program Files/Unity/Hub/Editor/2022.3.55f1/Editor/Data/PlaybackEngines/AndroidPlayer/UnityEditor.Android.Extensions.dll
Register platform support module: C:/Program Files/Unity/Hub/Editor/2022.3.55f1/Editor/Data/PlaybackEngines/WindowsStandaloneSupport/UnityEditor.WindowsStandalone.Extensions.dll
Registered in 0.017629 seconds.
- Loaded All Assemblies, in  0.483 seconds
Native extension for WindowsStandalone target not found
Native extension for Android target not found
Native extension for WebGL target not found
Mono: successfully reloaded assembly
- Finished resetting the current domain, in  0.310 seconds
Domain Reload Profiling: 790ms
	BeginReloadAssembly (183ms)
		ExecutionOrderSort (0ms)
		DisableScriptedObjects (0ms)
		BackupInstance (0ms)
		ReleaseScriptingObjects (0ms)
		CreateAndSetChildDomain (1ms)
	RebuildCommonClasses (38ms)
	RebuildNativeTypeToScriptingClass (8ms)
	initialDomainReloadingComplete (87ms)
	LoadAllAssembliesAndSetupDomain (164ms)
		LoadAssemblies (180ms)
		RebuildTransferFunctionScriptingTraits (0ms)
		AnalyzeDomain (160ms)
			TypeCache.Refresh (158ms)
				TypeCache.ScanAssembly (144ms)
			ScanForSourceGeneratedMonoScriptInfo (0ms)
			ResolveRequiredComponents (1ms)
	FinalizeReload (310ms)
		ReleaseScriptCaches (0ms)
		RebuildScriptCaches (0ms)
		SetupLoadedEditorAssemblies (262ms)
			LogAssemblyErrors (0ms)
			InitializePlatformSupportModulesInManaged (61ms)
			SetLoadedEditorAssemblies (7ms)
			RefreshPlugins (0ms)
			BeforeProcessingInitializeOnLoad (2ms)
			ProcessInitializeOnLoadAttributes (142ms)
			ProcessInitializeOnLoadMethodAttributes (49ms)
			AfterProcessingInitializeOnLoad (0ms)
			EditorAssembliesLoaded (0ms)
		ExecutionOrderSort2 (0ms)
		AwakeInstancesAfterBackupRestoration (0ms)
========================================================================
Worker process is ready to serve import requests
Caller must complete domain reload
Begin MonoManager ReloadAssembly
- Loaded All Assemblies, in  0.879 seconds
Native extension for WindowsStandalone target not found
Native extension for Android target not found
Native extension for WebGL target not found
Mono: successfully reloaded assembly
- Finished resetting the current domain, in  0.732 seconds
Domain Reload Profiling: 1598ms
	BeginReloadAssembly (183ms)
		ExecutionOrderSort (0ms)
		DisableScriptedObjects (5ms)
		BackupInstance (0ms)
		ReleaseScriptingObjects (0ms)
		CreateAndSetChildDomain (52ms)
	RebuildCommonClasses (30ms)
	RebuildNativeTypeToScriptingClass (8ms)
	initialDomainReloadingComplete (49ms)
	LoadAllAssembliesAndSetupDomain (596ms)
		LoadAssemblies (497ms)
		RebuildTransferFunctionScriptingTraits (0ms)
		AnalyzeDomain (190ms)
			TypeCache.Refresh (167ms)
				TypeCache.ScanAssembly (149ms)
			ScanForSourceGeneratedMonoScriptInfo (16ms)
			ResolveRequiredComponents (5ms)
	FinalizeReload (733ms)
		ReleaseScriptCaches (0ms)
		RebuildScriptCaches (0ms)
		SetupLoadedEditorAssemblies (578ms)
			LogAssemblyErrors (0ms)
			InitializePlatformSupportModulesInManaged (21ms)
			SetLoadedEditorAssemblies (5ms)
			RefreshPlugins (0ms)
			BeforeProcessingInitializeOnLoad (66ms)
			ProcessInitializeOnLoadAttributes (453ms)
			ProcessInitializeOnLoadMethodAttributes (24ms)
			AfterProcessingInitializeOnLoad (9ms)
			EditorAssembliesLoaded (0ms)
		ExecutionOrderSort2 (0ms)
		AwakeInstancesAfterBackupRestoration (8ms)
Launched and connected shader compiler UnityShaderCompiler.exe after 0.13 seconds
Refreshing native plugins compatible for Editor in 5.47 ms, found 3 plugins.
Preloading 0 native plugins for Editor in 0.00 ms.
Unloading 3337 Unused Serialized files (Serialized files now loaded: 0)
Unloading 32 unused Assets / (128.3 KB). Loaded Objects now: 3824.
Memory consumption went from 140.1 MB to 140.0 MB.
Total: 4.159200 ms (FindLiveObjects: 0.314800 ms CreateObjectMapping: 0.124500 ms MarkObjects: 3.502200 ms  DeleteObjects: 0.215700 ms)

AssetImportParameters requested are different than current active one (requested -> active):
  custom:container-demuxer-ogg: 62fdf1f143b41e24485cea50d1cbac27 -> 
  custom:video-codec-MediaFoundation-h265: 746d11721c4dcdbdad8f713fa42b33f4 -> 
  custom:video-decoder-ogg-theora: a1e56fd34408186e4bbccfd4996cb3dc -> 
  custom:framework-win-MediaFoundation: 216162199b28c13a410421893ffa2e32 -> 
  custom:CustomObjectIndexerAttribute: 9a22284fe3817be447336de3de66b15e -> 
  custom:container-demuxer-webm: 4f35f7cbe854078d1ac9338744f61a02 -> 
  custom:container-muxer-webm: aa71ff27fc2769a1b78a27578f13a17b -> 
  custom:video-decoder-webm-vp8: 9c59270c3fd7afecdb556c50c9e8de78 -> 
  custom:SearchIndexIgnoredProperties: e643bd26f0fe6173181afceb89e7c659 -> 
  custom:AudioImporter_EditorPlatform: d09bf68614088b80899f8185d706f6e7 -> 
  custom:video-encoder-webm-vp8: eb34c28f22e8b96e1ab97ce403110664 -> 
  custom:audio-decoder-ogg-vorbis: bf7c407c2cedff20999df2af8eb42d56 -> 
  custom:audio-encoder-webm-vorbis: bf7c407c2cedff20999df2af8eb42d56 -> 
========================================================================
Received Import Request.
  Time since last request: 103899.655096 seconds.
  path: Assets/TowerDefenseAssets/Builder/NPC_Tools_Axe_004.prefab
  artifactKey: Guid(c333d7981397d95428d0fa6dc5f84f96) Importer(815301076,1909f56bfc062723c751e8b465ee728b)
Start importing Assets/TowerDefenseAssets/Builder/NPC_Tools_Axe_004.prefab using Guid(c333d7981397d95428d0fa6dc5f84f96) Importer(815301076,1909f56bfc062723c751e8b465ee728b) [PhysX] Initialized MultithreadedTaskDispatcher with 16 workers.
[PhysX] Initialized MultithreadedTaskDispatcher with 16 workers.
 -> (artifact id: 'd30efd68d5ea323a88466ae3daa12404') in 0.114485 seconds
Number of updated asset objects reloaded before import = 0
Number of asset objects unloaded after import = 9
========================================================================
Received Import Request.
  Time since last request: 0.000021 seconds.
  path: Assets/TowerDefenseAssets/Builder/Lumberjack3.prefab
  artifactKey: Guid(a9a1333964c1bd94d855c53081841cb1) Importer(815301076,1909f56bfc062723c751e8b465ee728b)
Start importing Assets/TowerDefenseAssets/Builder/Lumberjack3.prefab using Guid(a9a1333964c1bd94d855c53081841cb1) Importer(815301076,1909f56bfc062723c751e8b465ee728b) [PhysX] Initialized MultithreadedTaskDispatcher with 16 workers.
[PhysX] Initialized MultithreadedTaskDispatcher with 16 workers.
 -> (artifact id: '525b631d190f919f8a22948483fd83ce') in 0.054599 seconds
Number of updated asset objects reloaded before import = 0
Number of asset objects unloaded after import = 134
========================================================================
Received Import Request.
  Time since last request: 0.000027 seconds.
  path: Assets/TowerDefenseAssets/Builder/Lumberjack2.prefab
  artifactKey: Guid(de5eab967c5239c45b75177c02c52b8a) Importer(815301076,1909f56bfc062723c751e8b465ee728b)
Start importing Assets/TowerDefenseAssets/Builder/Lumberjack2.prefab using Guid(de5eab967c5239c45b75177c02c52b8a) Importer(815301076,1909f56bfc062723c751e8b465ee728b) [PhysX] Initialized MultithreadedTaskDispatcher with 16 workers.
[PhysX] Initialized MultithreadedTaskDispatcher with 16 workers.
 -> (artifact id: '8d9a3139f2a0e42bf51a5f3c2207b808') in 0.020483 seconds
Number of updated asset objects reloaded before import = 0
Number of asset objects unloaded after import = 144
========================================================================
Received Import Request.
  Time since last request: 10.456742 seconds.
  path: Assets/TowerDefenseAssets/Builder/Models/FreeCharacter_Mecanim.FBX
  artifactKey: Guid(e1345f231bddd7a488397fb5ca71c0cb) Importer(815301076,1909f56bfc062723c751e8b465ee728b)
Start importing Assets/TowerDefenseAssets/Builder/Models/FreeCharacter_Mecanim.FBX using Guid(e1345f231bddd7a488397fb5ca71c0cb) Importer(815301076,1909f56bfc062723c751e8b465ee728b) [PhysX] Initialized MultithreadedTaskDispatcher with 16 workers.
 -> (artifact id: 'c5c29f23d9ed7dcd9531eb3173a17eae') in 0.010087 seconds
Number of updated asset objects reloaded before import = 0
Number of asset objects unloaded after import = 103
========================================================================
Received Import Request.
  Time since last request: 0.059757 seconds.
  path: Assets/TowerDefenseAssets/Builder/Models/FreeCharacter_controller.controller
  artifactKey: Guid(3c90d75d090136b429461873af7f9f1f) Importer(815301076,1909f56bfc062723c751e8b465ee728b)
Start importing Assets/TowerDefenseAssets/Builder/Models/FreeCharacter_controller.controller using Guid(3c90d75d090136b429461873af7f9f1f) Importer(815301076,1909f56bfc062723c751e8b465ee728b) [PhysX] Initialized MultithreadedTaskDispatcher with 16 workers.
 -> (artifact id: '23c3963f3f8191f73b1a3d1b2279e9c4') in 0.003295 seconds
Number of updated asset objects reloaded before import = 0
Number of asset objects unloaded after import = 10
========================================================================
Received Import Request.
  Time since last request: 23.501239 seconds.
  path: Assets/TowerDefenseAssets/Goal/Materials/healing_effect_009.mat
  artifactKey: Guid(75907e294817bf240a6737dfd89af500) Importer(815301076,1909f56bfc062723c751e8b465ee728b)
Start importing Assets/TowerDefenseAssets/Goal/Materials/healing_effect_009.mat using Guid(75907e294817bf240a6737dfd89af500) Importer(815301076,1909f56bfc062723c751e8b465ee728b) [PhysX] Initialized MultithreadedTaskDispatcher with 16 workers.
[PhysX] Initialized MultithreadedTaskDispatcher with 16 workers.
 -> (artifact id: 'f913728065c7c7c08652bf2b8c5a5e79') in 0.062753 seconds
Number of updated asset objects reloaded before import = 0
Number of asset objects unloaded after import = 2
========================================================================
Received Import Request.
  Time since last request: 0.000023 seconds.
  path: Assets/TowerDefenseAssets/Goal/Materials/Sprite_Ani.mat
  artifactKey: Guid(8f2ed5371e53e574c84eaaded99d7d71) Importer(815301076,1909f56bfc062723c751e8b465ee728b)
Start importing Assets/TowerDefenseAssets/Goal/Materials/Sprite_Ani.mat using Guid(8f2ed5371e53e574c84eaaded99d7d71) Importer(815301076,1909f56bfc062723c751e8b465ee728b) [PhysX] Initialized MultithreadedTaskDispatcher with 16 workers.
[PhysX] Initialized MultithreadedTaskDispatcher with 16 workers.
 -> (artifact id: '9e87cdb08134bcc376cd7f1db6c8d586') in 0.042969 seconds
Number of updated asset objects reloaded before import = 0
Number of asset objects unloaded after import = 1
========================================================================
Received Import Request.
  Time since last request: 14.635566 seconds.
  path: Assets/TowerDefenseAssets/Goal/Meshes/SD_portal_02.fbx
  artifactKey: Guid(f07e8eb925399a74989efdda4ae729a9) Importer(815301076,1909f56bfc062723c751e8b465ee728b)
Start importing Assets/TowerDefenseAssets/Goal/Meshes/SD_portal_02.fbx using Guid(f07e8eb925399a74989efdda4ae729a9) Importer(815301076,1909f56bfc062723c751e8b465ee728b) [PhysX] Initialized MultithreadedTaskDispatcher with 16 workers.
[PhysX] Initialized MultithreadedTaskDispatcher with 16 workers.
[PhysX] Initialized MultithreadedTaskDispatcher with 16 workers.
[PhysX] Initialized MultithreadedTaskDispatcher with 16 workers.
[PhysX] Initialized MultithreadedTaskDispatcher with 16 workers.
[PhysX] Initialized MultithreadedTaskDispatcher with 16 workers.
 -> (artifact id: '13f0203e70b6f3a8844dd4c151f23847') in 0.079503 seconds
Number of updated asset objects reloaded before import = 0
Number of asset objects unloaded after import = 16
========================================================================
Received Import Request.
  Time since last request: 0.000030 seconds.
  path: Assets/TowerDefenseAssets/Goal/Meshes/SD_portal_03.fbx
  artifactKey: Guid(cfc5b4edd0824cb488f5f827f0b4ddc8) Importer(815301076,1909f56bfc062723c751e8b465ee728b)
Start importing Assets/TowerDefenseAssets/Goal/Meshes/SD_portal_03.fbx using Guid(cfc5b4edd0824cb488f5f827f0b4ddc8) Importer(815301076,1909f56bfc062723c751e8b465ee728b) [PhysX] Initialized MultithreadedTaskDispatcher with 16 workers.
[PhysX] Initialized MultithreadedTaskDispatcher with 16 workers.
[PhysX] Initialized MultithreadedTaskDispatcher with 16 workers.
[PhysX] Initialized MultithreadedTaskDispatcher with 16 workers.
[PhysX] Initialized MultithreadedTaskDispatcher with 16 workers.
[PhysX] Initialized MultithreadedTaskDispatcher with 16 workers.
[PhysX] Initialized MultithreadedTaskDispatcher with 16 workers.
 -> (artifact id: 'e76bd808518911b0da1ee18e34ad3906') in 0.025055 seconds
Number of updated asset objects reloaded before import = 0
Number of asset objects unloaded after import = 24
========================================================================
Received Import Request.
  Time since last request: 2.545916 seconds.
  path: Assets/TowerDefenseAssets/Map/TD_256_2.asset
  artifactKey: Guid(23a66519929c5874e8e39f142eaf6ada) Importer(815301076,1909f56bfc062723c751e8b465ee728b)
Start importing Assets/TowerDefenseAssets/Map/TD_256_2.asset using Guid(23a66519929c5874e8e39f142eaf6ada) Importer(815301076,1909f56bfc062723c751e8b465ee728b) [PhysX] Initialized MultithreadedTaskDispatcher with 16 workers.
[PhysX] Initialized MultithreadedTaskDispatcher with 16 workers.
 -> (artifact id: 'b47b5809144a10e2f3ddd956d8b9a128') in 0.047320 seconds
Number of updated asset objects reloaded before import = 0
Number of asset objects unloaded after import = 4
========================================================================
Received Import Request.
  Time since last request: 0.000026 seconds.
  path: Assets/TowerDefenseAssets/Map/TD_256_3.asset
  artifactKey: Guid(c10125ae627cb604580a9242040da39e) Importer(815301076,1909f56bfc062723c751e8b465ee728b)
Start importing Assets/TowerDefenseAssets/Map/TD_256_3.asset using Guid(c10125ae627cb604580a9242040da39e) Importer(815301076,1909f56bfc062723c751e8b465ee728b) [PhysX] Initialized MultithreadedTaskDispatcher with 16 workers.
[PhysX] Initialized MultithreadedTaskDispatcher with 16 workers.
 -> (artifact id: '339b9230a4592688e53853d251f554ac') in 0.090857 seconds
Number of updated asset objects reloaded before import = 0
Number of asset objects unloaded after import = 12
========================================================================
Received Import Request.
  Time since last request: 2.596967 seconds.
  path: Assets/TowerDefenseAssets/Map/Prefabs_props/Barricade1.prefab
  artifactKey: Guid(9e9dade67ca4ddb468dda65f8fae0fa5) Importer(815301076,1909f56bfc062723c751e8b465ee728b)
Start importing Assets/TowerDefenseAssets/Map/Prefabs_props/Barricade1.prefab using Guid(9e9dade67ca4ddb468dda65f8fae0fa5) Importer(815301076,1909f56bfc062723c751e8b465ee728b) [PhysX] Initialized MultithreadedTaskDispatcher with 16 workers.
[PhysX] Initialized MultithreadedTaskDispatcher with 16 workers.
 -> (artifact id: 'a78be1bd8c0b0127894030983d2b2103') in 0.018085 seconds
Number of updated asset objects reloaded before import = 0
Number of asset objects unloaded after import = 10
========================================================================
Received Import Request.
  Time since last request: 0.000020 seconds.
  path: Assets/TowerDefenseAssets/Map/Prefabs_props/Block3.prefab
  artifactKey: Guid(92eb8a60fd2d5144ebc52fd010dd4643) Importer(815301076,1909f56bfc062723c751e8b465ee728b)
Start importing Assets/TowerDefenseAssets/Map/Prefabs_props/Block3.prefab using Guid(92eb8a60fd2d5144ebc52fd010dd4643) Importer(815301076,1909f56bfc062723c751e8b465ee728b) [PhysX] Initialized MultithreadedTaskDispatcher with 16 workers.
[PhysX] Initialized MultithreadedTaskDispatcher with 16 workers.
 -> (artifact id: 'a102672cb1b188511237d9202e88a1b7') in 0.117230 seconds
Number of updated asset objects reloaded before import = 0
Number of asset objects unloaded after import = 10
========================================================================
Received Import Request.
  Time since last request: 0.000040 seconds.
  path: Assets/TowerDefenseAssets/Map/Prefabs_props/Bones_01.prefab
  artifactKey: Guid(1c81daea1a67fcf4fa19ea079ab77f9e) Importer(815301076,1909f56bfc062723c751e8b465ee728b)
Start importing Assets/TowerDefenseAssets/Map/Prefabs_props/Bones_01.prefab using Guid(1c81daea1a67fcf4fa19ea079ab77f9e) Importer(815301076,1909f56bfc062723c751e8b465ee728b) [PhysX] Initialized MultithreadedTaskDispatcher with 16 workers.
[PhysX] Initialized MultithreadedTaskDispatcher with 16 workers.
 -> (artifact id: '9ad2e4935f0f759632839ab119b98ddf') in 0.015659 seconds
Number of updated asset objects reloaded before import = 0
Number of asset objects unloaded after import = 9
========================================================================
Received Import Request.
  Time since last request: 0.000036 seconds.
  path: Assets/TowerDefenseAssets/Map/Prefabs_props/Barrier1.prefab
  artifactKey: Guid(145943aeed3e4bd48bc609e6a6378f31) Importer(815301076,1909f56bfc062723c751e8b465ee728b)
Start importing Assets/TowerDefenseAssets/Map/Prefabs_props/Barrier1.prefab using Guid(145943aeed3e4bd48bc609e6a6378f31) Importer(815301076,1909f56bfc062723c751e8b465ee728b) [PhysX] Initialized MultithreadedTaskDispatcher with 16 workers.
[PhysX] Initialized MultithreadedTaskDispatcher with 16 workers.
 -> (artifact id: 'f0bf0600b6659e946b0b3b2a46d1eca8') in 0.012250 seconds
Number of updated asset objects reloaded before import = 0
Number of asset objects unloaded after import = 11
========================================================================
Received Import Request.
  Time since last request: 0.000022 seconds.
  path: Assets/TowerDefenseAssets/Map/Prefabs_props/Block2.prefab
  artifactKey: Guid(894d5b133cac3984ca368629ab355a06) Importer(815301076,1909f56bfc062723c751e8b465ee728b)
Start importing Assets/TowerDefenseAssets/Map/Prefabs_props/Block2.prefab using Guid(894d5b133cac3984ca368629ab355a06) Importer(815301076,1909f56bfc062723c751e8b465ee728b) [PhysX] Initialized MultithreadedTaskDispatcher with 16 workers.
[PhysX] Initialized MultithreadedTaskDispatcher with 16 workers.
 -> (artifact id: 'b87b56f8ed7be57b43c3d226d5c208e5') in 0.012091 seconds
Number of updated asset objects reloaded before import = 0
Number of asset objects unloaded after import = 10
========================================================================
Received Import Request.
  Time since last request: 0.000027 seconds.
  path: Assets/TowerDefenseAssets/Map/Prefabs_props/Bones_02.prefab
  artifactKey: Guid(2ebe3baa81c14e643af5e086b08caca2) Importer(815301076,1909f56bfc062723c751e8b465ee728b)
Start importing Assets/TowerDefenseAssets/Map/Prefabs_props/Bones_02.prefab using Guid(2ebe3baa81c14e643af5e086b08caca2) Importer(815301076,1909f56bfc062723c751e8b465ee728b) [PhysX] Initialized MultithreadedTaskDispatcher with 16 workers.
[PhysX] Initialized MultithreadedTaskDispatcher with 16 workers.
 -> (artifact id: 'a891b41d551bec28b04ce2e80cd32b26') in 0.011080 seconds
Number of updated asset objects reloaded before import = 0
Number of asset objects unloaded after import = 9
========================================================================
Received Import Request.
  Time since last request: 1.443408 seconds.
  path: Assets/TowerDefenseAssets/Map/Prefabs_props/Bones_05.prefab
  artifactKey: Guid(1f2566c26432c7748b3367933137fc52) Importer(815301076,1909f56bfc062723c751e8b465ee728b)
Start importing Assets/TowerDefenseAssets/Map/Prefabs_props/Bones_05.prefab using Guid(1f2566c26432c7748b3367933137fc52) Importer(815301076,1909f56bfc062723c751e8b465ee728b) [PhysX] Initialized MultithreadedTaskDispatcher with 16 workers.
[PhysX] Initialized MultithreadedTaskDispatcher with 16 workers.
 -> (artifact id: 'de93bb25c1d784f94d939599a8978a36') in 0.009065 seconds
Number of updated asset objects reloaded before import = 0
Number of asset objects unloaded after import = 9
========================================================================
Received Import Request.
  Time since last request: 0.000017 seconds.
  path: Assets/TowerDefenseAssets/Map/Prefabs_props/Brickwall2.prefab
  artifactKey: Guid(2bf881ca1fa68584fbea20a8880898b0) Importer(815301076,1909f56bfc062723c751e8b465ee728b)
Start importing Assets/TowerDefenseAssets/Map/Prefabs_props/Brickwall2.prefab using Guid(2bf881ca1fa68584fbea20a8880898b0) Importer(815301076,1909f56bfc062723c751e8b465ee728b) [PhysX] Initialized MultithreadedTaskDispatcher with 16 workers.
[PhysX] Initialized MultithreadedTaskDispatcher with 16 workers.
 -> (artifact id: '694ec8fc0f551a90f604677ec2e3f61b') in 0.010434 seconds
Number of updated asset objects reloaded before import = 0
Number of asset objects unloaded after import = 10
========================================================================
Received Import Request.
  Time since last request: 1.691817 seconds.
  path: Assets/TowerDefenseAssets/Map/Grounds/Grass1_winter.tif
  artifactKey: Guid(aa79131042f960d47a033793d41c24cc) Importer(815301076,1909f56bfc062723c751e8b465ee728b)
Start importing Assets/TowerDefenseAssets/Map/Grounds/Grass1_winter.tif using Guid(aa79131042f960d47a033793d41c24cc) Importer(815301076,1909f56bfc062723c751e8b465ee728b) [PhysX] Initialized MultithreadedTaskDispatcher with 16 workers.
[PhysX] Initialized MultithreadedTaskDispatcher with 16 workers.
 -> (artifact id: '00b01aa1c0144c88abf2bb93040012da') in 0.012865 seconds
Number of updated asset objects reloaded before import = 0
Number of asset objects unloaded after import = 2
========================================================================
Received Import Request.
  Time since last request: 0.000020 seconds.
  path: Assets/TowerDefenseAssets/Map/Grounds/Ground_04_winter.tif
  artifactKey: Guid(7014ca3504dfe5b45871568759669999) Importer(815301076,1909f56bfc062723c751e8b465ee728b)
Start importing Assets/TowerDefenseAssets/Map/Grounds/Ground_04_winter.tif using Guid(7014ca3504dfe5b45871568759669999) Importer(815301076,1909f56bfc062723c751e8b465ee728b) [PhysX] Initialized MultithreadedTaskDispatcher with 16 workers.
[PhysX] Initialized MultithreadedTaskDispatcher with 16 workers.
 -> (artifact id: '625e67799f812d3a0b9a09c69cdc325e') in 0.010077 seconds
Number of updated asset objects reloaded before import = 0
Number of asset objects unloaded after import = 2
========================================================================
Received Import Request.
  Time since last request: 0.000028 seconds.
  path: Assets/TowerDefenseAssets/Map/Grounds/Ground_06_nmp.tif
  artifactKey: Guid(a1492a21af2bb0f4b8598cf02d55dd8b) Importer(815301076,1909f56bfc062723c751e8b465ee728b)
Start importing Assets/TowerDefenseAssets/Map/Grounds/Ground_06_nmp.tif using Guid(a1492a21af2bb0f4b8598cf02d55dd8b) Importer(815301076,1909f56bfc062723c751e8b465ee728b) [PhysX] Initialized MultithreadedTaskDispatcher with 16 workers.
[PhysX] Initialized MultithreadedTaskDispatcher with 16 workers.
 -> (artifact id: '5fa8237ac92ed4f0478d4c9f88bbe412') in 0.013929 seconds
Number of updated asset objects reloaded before import = 0
Number of asset objects unloaded after import = 2
========================================================================
Received Import Request.
  Time since last request: 0.000024 seconds.
  path: Assets/TowerDefenseAssets/Map/Grounds/Ground_01_winter.tif
  artifactKey: Guid(83899a5d25a4e0644b8ec1bad49ef8cb) Importer(815301076,1909f56bfc062723c751e8b465ee728b)
Start importing Assets/TowerDefenseAssets/Map/Grounds/Ground_01_winter.tif using Guid(83899a5d25a4e0644b8ec1bad49ef8cb) Importer(815301076,1909f56bfc062723c751e8b465ee728b) [PhysX] Initialized MultithreadedTaskDispatcher with 16 workers.
[PhysX] Initialized MultithreadedTaskDispatcher with 16 workers.
 -> (artifact id: '7c8e6b5395d7cd71e8b589d54278f141') in 0.012899 seconds
Number of updated asset objects reloaded before import = 0
Number of asset objects unloaded after import = 2
========================================================================
Received Import Request.
  Time since last request: 0.000024 seconds.
  path: Assets/TowerDefenseAssets/Map/Grounds/Ground_06_winter.tif
  artifactKey: Guid(999e53270c48d1b4f8fe759aa50103d4) Importer(815301076,1909f56bfc062723c751e8b465ee728b)
Start importing Assets/TowerDefenseAssets/Map/Grounds/Ground_06_winter.tif using Guid(999e53270c48d1b4f8fe759aa50103d4) Importer(815301076,1909f56bfc062723c751e8b465ee728b) [PhysX] Initialized MultithreadedTaskDispatcher with 16 workers.
[PhysX] Initialized MultithreadedTaskDispatcher with 16 workers.
 -> (artifact id: 'f9a17d6d35992b616bb27c38a63c2445') in 0.009020 seconds
Number of updated asset objects reloaded before import = 0
Number of asset objects unloaded after import = 2
========================================================================
Received Import Request.
  Time since last request: 0.000031 seconds.
  path: Assets/TowerDefenseAssets/Map/Grounds/Terrain.mat
  artifactKey: Guid(7fb75ca3489767b4d86740c2bf355386) Importer(815301076,1909f56bfc062723c751e8b465ee728b)
Start importing Assets/TowerDefenseAssets/Map/Grounds/Terrain.mat using Guid(7fb75ca3489767b4d86740c2bf355386) Importer(815301076,1909f56bfc062723c751e8b465ee728b) [PhysX] Initialized MultithreadedTaskDispatcher with 16 workers.
[PhysX] Initialized MultithreadedTaskDispatcher with 16 workers.
 -> (artifact id: '705e288ab0c75cd60fbb7062b64283d7') in 0.200670 seconds
Number of updated asset objects reloaded before import = 0
Number of asset objects unloaded after import = 1
========================================================================
Received Import Request.
  Time since last request: 151.649335 seconds.
  path: Assets/TowerDefenseAssets/Map/Prefabs_props/Models/Barricade1.fbx
  artifactKey: Guid(2691507795b81054e814344af312f96f) Importer(815301076,1909f56bfc062723c751e8b465ee728b)
Start importing Assets/TowerDefenseAssets/Map/Prefabs_props/Models/Barricade1.fbx using Guid(2691507795b81054e814344af312f96f) Importer(815301076,1909f56bfc062723c751e8b465ee728b) [PhysX] Initialized MultithreadedTaskDispatcher with 16 workers.
[PhysX] Initialized MultithreadedTaskDispatcher with 16 workers.
[PhysX] Initialized MultithreadedTaskDispatcher with 16 workers.
 -> (artifact id: '23271e954a473d24df94a71917612151') in 0.013036 seconds
Number of updated asset objects reloaded before import = 0
Number of asset objects unloaded after import = 10
========================================================================
Received Import Request.
  Time since last request: 0.000022 seconds.
  path: Assets/TowerDefenseAssets/Map/Prefabs_props/Models/Barrier4.fbx
  artifactKey: Guid(cf18a52d736a1d54397725b750e139f9) Importer(815301076,1909f56bfc062723c751e8b465ee728b)
Start importing Assets/TowerDefenseAssets/Map/Prefabs_props/Models/Barrier4.fbx using Guid(cf18a52d736a1d54397725b750e139f9) Importer(815301076,1909f56bfc062723c751e8b465ee728b) [PhysX] Initialized MultithreadedTaskDispatcher with 16 workers.
[PhysX] Initialized MultithreadedTaskDispatcher with 16 workers.
[PhysX] Initialized MultithreadedTaskDispatcher with 16 workers.
 -> (artifact id: '64071c4514f78182d0f7f2a9bf266241') in 0.015052 seconds
Number of updated asset objects reloaded before import = 0
Number of asset objects unloaded after import = 10
========================================================================
Received Import Request.
  Time since last request: 0.000024 seconds.
  path: Assets/TowerDefenseAssets/Map/Prefabs_props/Models/Barrier3.fbx
  artifactKey: Guid(750576abfaf574543bb4fd7e01be4fb1) Importer(815301076,1909f56bfc062723c751e8b465ee728b)
Start importing Assets/TowerDefenseAssets/Map/Prefabs_props/Models/Barrier3.fbx using Guid(750576abfaf574543bb4fd7e01be4fb1) Importer(815301076,1909f56bfc062723c751e8b465ee728b) [PhysX] Initialized MultithreadedTaskDispatcher with 16 workers.
[PhysX] Initialized MultithreadedTaskDispatcher with 16 workers.
[PhysX] Initialized MultithreadedTaskDispatcher with 16 workers.
 -> (artifact id: '1e95844109b49f5e5ac06f32bd1d65bd') in 0.013400 seconds
Number of updated asset objects reloaded before import = 0
Number of asset objects unloaded after import = 10
========================================================================
Received Import Request.
  Time since last request: 0.000043 seconds.
  path: Assets/TowerDefenseAssets/Map/Prefabs_props/Models/Block3.fbx
  artifactKey: Guid(62b748836437fbc46b85e8735bd5b924) Importer(815301076,1909f56bfc062723c751e8b465ee728b)
Start importing Assets/TowerDefenseAssets/Map/Prefabs_props/Models/Block3.fbx using Guid(62b748836437fbc46b85e8735bd5b924) Importer(815301076,1909f56bfc062723c751e8b465ee728b) [PhysX] Initialized MultithreadedTaskDispatcher with 16 workers.
[PhysX] Initialized MultithreadedTaskDispatcher with 16 workers.
[PhysX] Initialized MultithreadedTaskDispatcher with 16 workers.
 -> (artifact id: 'a9ddcbcf0cea392368780f1952083112') in 0.014775 seconds
Number of updated asset objects reloaded before import = 0
Number of asset objects unloaded after import = 9
========================================================================
Received Import Request.
  Time since last request: 0.000022 seconds.
  path: Assets/TowerDefenseAssets/Map/Prefabs_props/Models/Bones_02.fbx
  artifactKey: Guid(04b580e130b852e4b8369b74bb9236db) Importer(815301076,1909f56bfc062723c751e8b465ee728b)
Start importing Assets/TowerDefenseAssets/Map/Prefabs_props/Models/Bones_02.fbx using Guid(04b580e130b852e4b8369b74bb9236db) Importer(815301076,1909f56bfc062723c751e8b465ee728b) [PhysX] Initialized MultithreadedTaskDispatcher with 16 workers.
[PhysX] Initialized MultithreadedTaskDispatcher with 16 workers.
[PhysX] Initialized MultithreadedTaskDispatcher with 16 workers.
 -> (artifact id: '19357077e172ee65bb2280e66f86c4a1') in 0.012620 seconds
Number of updated asset objects reloaded before import = 0
Number of asset objects unloaded after import = 9
========================================================================
Received Import Request.
  Time since last request: 0.000025 seconds.
  path: Assets/TowerDefenseAssets/Map/Prefabs_props/Models/Brickwall1.fbx
  artifactKey: Guid(1dbb09696c61b1a4584da131204302a5) Importer(815301076,1909f56bfc062723c751e8b465ee728b)
Start importing Assets/TowerDefenseAssets/Map/Prefabs_props/Models/Brickwall1.fbx using Guid(1dbb09696c61b1a4584da131204302a5) Importer(815301076,1909f56bfc062723c751e8b465ee728b) [PhysX] Initialized MultithreadedTaskDispatcher with 16 workers.
[PhysX] Initialized MultithreadedTaskDispatcher with 16 workers.
[PhysX] Initialized MultithreadedTaskDispatcher with 16 workers.
 -> (artifact id: '98aad9107d403e5fded2cb82e1d677d5') in 0.014284 seconds
Number of updated asset objects reloaded before import = 0
Number of asset objects unloaded after import = 9
========================================================================
Received Import Request.
  Time since last request: 0.000022 seconds.
  path: Assets/TowerDefenseAssets/Map/Prefabs_props/Models/Brickwall3.fbx
  artifactKey: Guid(2ecee029e96afef46acd890a8e9a23db) Importer(815301076,1909f56bfc062723c751e8b465ee728b)
Start importing Assets/TowerDefenseAssets/Map/Prefabs_props/Models/Brickwall3.fbx using Guid(2ecee029e96afef46acd890a8e9a23db) Importer(815301076,1909f56bfc062723c751e8b465ee728b) [PhysX] Initialized MultithreadedTaskDispatcher with 16 workers.
[PhysX] Initialized MultithreadedTaskDispatcher with 16 workers.
[PhysX] Initialized MultithreadedTaskDispatcher with 16 workers.
 -> (artifact id: '2927eb2ec2f80d13369ea56b7650e6ec') in 0.016585 seconds
Number of updated asset objects reloaded before import = 0
Number of asset objects unloaded after import = 9
========================================================================
Received Import Request.
  Time since last request: 0.000024 seconds.
  path: Assets/TowerDefenseAssets/Map/Prefabs_props/Models/Block4.fbx
  artifactKey: Guid(9f70fe54a3dfeff4387ded4e06a1cead) Importer(815301076,1909f56bfc062723c751e8b465ee728b)
Start importing Assets/TowerDefenseAssets/Map/Prefabs_props/Models/Block4.fbx using Guid(9f70fe54a3dfeff4387ded4e06a1cead) Importer(815301076,1909f56bfc062723c751e8b465ee728b) [PhysX] Initialized MultithreadedTaskDispatcher with 16 workers.
[PhysX] Initialized MultithreadedTaskDispatcher with 16 workers.
[PhysX] Initialized MultithreadedTaskDispatcher with 16 workers.
 -> (artifact id: '2c4a9fe366c92a2989112bdf9b3c41e0') in 0.013381 seconds
Number of updated asset objects reloaded before import = 0
Number of asset objects unloaded after import = 9
========================================================================
Received Import Request.
  Time since last request: 0.000023 seconds.
  path: Assets/TowerDefenseAssets/Map/Prefabs_props/Models/Barrier1.fbx
  artifactKey: Guid(d675c13cd5b439c40bab2acbaed9ae81) Importer(815301076,1909f56bfc062723c751e8b465ee728b)
Start importing Assets/TowerDefenseAssets/Map/Prefabs_props/Models/Barrier1.fbx using Guid(d675c13cd5b439c40bab2acbaed9ae81) Importer(815301076,1909f56bfc062723c751e8b465ee728b) [PhysX] Initialized MultithreadedTaskDispatcher with 16 workers.
[PhysX] Initialized MultithreadedTaskDispatcher with 16 workers.
[PhysX] Initialized MultithreadedTaskDispatcher with 16 workers.
 -> (artifact id: 'b6343b8cf5666eb077c71ac73c08d450') in 0.013768 seconds
Number of updated asset objects reloaded before import = 0
Number of asset objects unloaded after import = 10
========================================================================
Received Import Request.
  Time since last request: 0.000025 seconds.
  path: Assets/TowerDefenseAssets/Map/Prefabs_props/Models/Brickwall4.fbx
  artifactKey: Guid(fde2be8dfbc826a49973813b23d49568) Importer(815301076,1909f56bfc062723c751e8b465ee728b)
Start importing Assets/TowerDefenseAssets/Map/Prefabs_props/Models/Brickwall4.fbx using Guid(fde2be8dfbc826a49973813b23d49568) Importer(815301076,1909f56bfc062723c751e8b465ee728b) [PhysX] Initialized MultithreadedTaskDispatcher with 16 workers.
[PhysX] Initialized MultithreadedTaskDispatcher with 16 workers.
[PhysX] Initialized MultithreadedTaskDispatcher with 16 workers.
 -> (artifact id: 'f4104f7fd2698f0c3068f58bc8a71324') in 0.012978 seconds
Number of updated asset objects reloaded before import = 0
Number of asset objects unloaded after import = 9
========================================================================
Received Import Request.
  Time since last request: 151.408383 seconds.
  path: Assets/TowerDefenseAssets/Map/Prefabs_props/Models/Bush_01.fbx
  artifactKey: Guid(71acb151f663c664d95cc334f0a4661d) Importer(815301076,1909f56bfc062723c751e8b465ee728b)
Start importing Assets/TowerDefenseAssets/Map/Prefabs_props/Models/Bush_01.fbx using Guid(71acb151f663c664d95cc334f0a4661d) Importer(815301076,1909f56bfc062723c751e8b465ee728b) [PhysX] Initialized MultithreadedTaskDispatcher with 16 workers.
[PhysX] Initialized MultithreadedTaskDispatcher with 16 workers.
[PhysX] Initialized MultithreadedTaskDispatcher with 16 workers.
 -> (artifact id: '29001ed0d9dc07e03563f6c5522c5442') in 0.019832 seconds
Number of updated asset objects reloaded before import = 0
Number of asset objects unloaded after import = 9
========================================================================
Received Import Request.
  Time since last request: 0.000035 seconds.
  path: Assets/TowerDefenseAssets/Map/Prefabs_props/Models/Bush_03.fbx
  artifactKey: Guid(9cf21da72b2f05c42a1ee6993fcd875e) Importer(815301076,1909f56bfc062723c751e8b465ee728b)
Start importing Assets/TowerDefenseAssets/Map/Prefabs_props/Models/Bush_03.fbx using Guid(9cf21da72b2f05c42a1ee6993fcd875e) Importer(815301076,1909f56bfc062723c751e8b465ee728b) [PhysX] Initialized MultithreadedTaskDispatcher with 16 workers.
[PhysX] Initialized MultithreadedTaskDispatcher with 16 workers.
[PhysX] Initialized MultithreadedTaskDispatcher with 16 workers.
 -> (artifact id: 'e2c0a04e7aaf63ec0565113486ba9532') in 0.012651 seconds
Number of updated asset objects reloaded before import = 0
Number of asset objects unloaded after import = 9
========================================================================
Received Import Request.
  Time since last request: 0.000022 seconds.
  path: Assets/TowerDefenseAssets/Map/Prefabs_props/Models/Bush_04.fbx
  artifactKey: Guid(bf35444f2665c5641adb14b78d1d851e) Importer(815301076,1909f56bfc062723c751e8b465ee728b)
Start importing Assets/TowerDefenseAssets/Map/Prefabs_props/Models/Bush_04.fbx using Guid(bf35444f2665c5641adb14b78d1d851e) Importer(815301076,1909f56bfc062723c751e8b465ee728b) [PhysX] Initialized MultithreadedTaskDispatcher with 16 workers.
[PhysX] Initialized MultithreadedTaskDispatcher with 16 workers.
[PhysX] Initialized MultithreadedTaskDispatcher with 16 workers.
 -> (artifact id: '65d1dc270fd797307d83eea950f44b11') in 0.020220 seconds
Number of updated asset objects reloaded before import = 0
Number of asset objects unloaded after import = 9
========================================================================
Received Import Request.
  Time since last request: 1.214343 seconds.
  path: Assets/TowerDefenseAssets/Map/Prefabs_props/Models/Bush_08.fbx
  artifactKey: Guid(f712748788a4b844ab3572f1a81cc26c) Importer(815301076,1909f56bfc062723c751e8b465ee728b)
Start importing Assets/TowerDefenseAssets/Map/Prefabs_props/Models/Bush_08.fbx using Guid(f712748788a4b844ab3572f1a81cc26c) Importer(815301076,1909f56bfc062723c751e8b465ee728b) [PhysX] Initialized MultithreadedTaskDispatcher with 16 workers.
[PhysX] Initialized MultithreadedTaskDispatcher with 16 workers.
[PhysX] Initialized MultithreadedTaskDispatcher with 16 workers.
 -> (artifact id: 'e5e134ad35a2fd493961c986f56c1f53') in 0.012567 seconds
Number of updated asset objects reloaded before import = 0
Number of asset objects unloaded after import = 9
========================================================================
Received Import Request.
  Time since last request: 0.000021 seconds.
  path: Assets/TowerDefenseAssets/Map/Prefabs_props/Models/Bush_09.fbx
  artifactKey: Guid(a77c1c17ac313574cbdbc503bdd3ee3c) Importer(815301076,1909f56bfc062723c751e8b465ee728b)
Start importing Assets/TowerDefenseAssets/Map/Prefabs_props/Models/Bush_09.fbx using Guid(a77c1c17ac313574cbdbc503bdd3ee3c) Importer(815301076,1909f56bfc062723c751e8b465ee728b) [PhysX] Initialized MultithreadedTaskDispatcher with 16 workers.
[PhysX] Initialized MultithreadedTaskDispatcher with 16 workers.
[PhysX] Initialized MultithreadedTaskDispatcher with 16 workers.
 -> (artifact id: 'a72ab97704ce4506c4e328cbfa8e1d73') in 0.014406 seconds
Number of updated asset objects reloaded before import = 0
Number of asset objects unloaded after import = 9
========================================================================
Received Import Request.
  Time since last request: 0.000020 seconds.
  path: Assets/TowerDefenseAssets/Map/Prefabs_props/Models/Column1.fbx
  artifactKey: Guid(ce5b7ec0ef43b2b45913919b42ad1ce7) Importer(815301076,1909f56bfc062723c751e8b465ee728b)
Start importing Assets/TowerDefenseAssets/Map/Prefabs_props/Models/Column1.fbx using Guid(ce5b7ec0ef43b2b45913919b42ad1ce7) Importer(815301076,1909f56bfc062723c751e8b465ee728b) [PhysX] Initialized MultithreadedTaskDispatcher with 16 workers.
[PhysX] Initialized MultithreadedTaskDispatcher with 16 workers.
[PhysX] Initialized MultithreadedTaskDispatcher with 16 workers.
 -> (artifact id: 'dbc07a16975c33730f175c1c29972461') in 0.018610 seconds
Number of updated asset objects reloaded before import = 0
Number of asset objects unloaded after import = 9
========================================================================
Received Import Request.
  Time since last request: 0.000026 seconds.
  path: Assets/TowerDefenseAssets/Map/Prefabs_props/Models/Bush_thorned1.fbx
  artifactKey: Guid(dba99ffb660da654394224de85d9bc00) Importer(815301076,1909f56bfc062723c751e8b465ee728b)
Start importing Assets/TowerDefenseAssets/Map/Prefabs_props/Models/Bush_thorned1.fbx using Guid(dba99ffb660da654394224de85d9bc00) Importer(815301076,1909f56bfc062723c751e8b465ee728b) [PhysX] Initialized MultithreadedTaskDispatcher with 16 workers.
[PhysX] Initialized MultithreadedTaskDispatcher with 16 workers.
[PhysX] Initialized MultithreadedTaskDispatcher with 16 workers.
 -> (artifact id: '69d5232a933f6cdf06352386371c7d7e') in 0.020593 seconds
Number of updated asset objects reloaded before import = 0
Number of asset objects unloaded after import = 9
========================================================================
Received Import Request.
  Time since last request: 5.009213 seconds.
  path: Assets/TowerDefenseAssets/Map/Prefabs_props/Models/Column3B.fbx
  artifactKey: Guid(846a3ff14aac26f4ba9cced37e027664) Importer(815301076,1909f56bfc062723c751e8b465ee728b)
Start importing Assets/TowerDefenseAssets/Map/Prefabs_props/Models/Column3B.fbx using Guid(846a3ff14aac26f4ba9cced37e027664) Importer(815301076,1909f56bfc062723c751e8b465ee728b) [PhysX] Initialized MultithreadedTaskDispatcher with 16 workers.
[PhysX] Initialized MultithreadedTaskDispatcher with 16 workers.
[PhysX] Initialized MultithreadedTaskDispatcher with 16 workers.
 -> (artifact id: '9a2666b4f910f1b8cd5457d19b882ad4') in 0.013630 seconds
Number of updated asset objects reloaded before import = 0
Number of asset objects unloaded after import = 9
========================================================================
Received Import Request.
  Time since last request: 0.000024 seconds.
  path: Assets/TowerDefenseAssets/Map/Prefabs_props/Models/Crystal2.fbx
  artifactKey: Guid(b7e4e04bf8303da4b842a5033adba26d) Importer(815301076,1909f56bfc062723c751e8b465ee728b)
Start importing Assets/TowerDefenseAssets/Map/Prefabs_props/Models/Crystal2.fbx using Guid(b7e4e04bf8303da4b842a5033adba26d) Importer(815301076,1909f56bfc062723c751e8b465ee728b) [PhysX] Initialized MultithreadedTaskDispatcher with 16 workers.
[PhysX] Initialized MultithreadedTaskDispatcher with 16 workers.
[PhysX] Initialized MultithreadedTaskDispatcher with 16 workers.
 -> (artifact id: '7516247a08d3085df4158c8621b31713') in 0.020192 seconds
Number of updated asset objects reloaded before import = 0
Number of asset objects unloaded after import = 10
========================================================================
Received Import Request.
  Time since last request: 0.000032 seconds.
  path: Assets/TowerDefenseAssets/Map/Prefabs_props/Models/Crystal1.fbx
  artifactKey: Guid(d0f812ebd54ac104da1b6f851fccc912) Importer(815301076,1909f56bfc062723c751e8b465ee728b)
Start importing Assets/TowerDefenseAssets/Map/Prefabs_props/Models/Crystal1.fbx using Guid(d0f812ebd54ac104da1b6f851fccc912) Importer(815301076,1909f56bfc062723c751e8b465ee728b) [PhysX] Initialized MultithreadedTaskDispatcher with 16 workers.
[PhysX] Initialized MultithreadedTaskDispatcher with 16 workers.
[PhysX] Initialized MultithreadedTaskDispatcher with 16 workers.
 -> (artifact id: 'b58dad5076b221dbe59749f13650232f') in 0.018677 seconds
Number of updated asset objects reloaded before import = 0
Number of asset objects unloaded after import = 10
========================================================================
Received Import Request.
  Time since last request: 0.000027 seconds.
  path: Assets/TowerDefenseAssets/Map/Prefabs_props/Models/Crystal3.fbx
  artifactKey: Guid(2e29453aea05679439ccbc664a9d2d78) Importer(815301076,1909f56bfc062723c751e8b465ee728b)
Start importing Assets/TowerDefenseAssets/Map/Prefabs_props/Models/Crystal3.fbx using Guid(2e29453aea05679439ccbc664a9d2d78) Importer(815301076,1909f56bfc062723c751e8b465ee728b) [PhysX] Initialized MultithreadedTaskDispatcher with 16 workers.
[PhysX] Initialized MultithreadedTaskDispatcher with 16 workers.
[PhysX] Initialized MultithreadedTaskDispatcher with 16 workers.
 -> (artifact id: '180298ca5162e7f240747ce68c710750') in 0.016636 seconds
Number of updated asset objects reloaded before import = 0
Number of asset objects unloaded after import = 10
========================================================================
Received Import Request.
  Time since last request: 17.486455 seconds.
  path: Assets/TowerDefenseAssets/Map/Prefabs_props/Models/Fence1.fbx
  artifactKey: Guid(c72c6f3e629e8b746ae71af298221f1c) Importer(815301076,1909f56bfc062723c751e8b465ee728b)
Start importing Assets/TowerDefenseAssets/Map/Prefabs_props/Models/Fence1.fbx using Guid(c72c6f3e629e8b746ae71af298221f1c) Importer(815301076,1909f56bfc062723c751e8b465ee728b) [PhysX] Initialized MultithreadedTaskDispatcher with 16 workers.
[PhysX] Initialized MultithreadedTaskDispatcher with 16 workers.
[PhysX] Initialized MultithreadedTaskDispatcher with 16 workers.
 -> (artifact id: 'ddaa27f90a73d916cb58dc2c8c14d072') in 0.039205 seconds
Number of updated asset objects reloaded before import = 0
Number of asset objects unloaded after import = 10
========================================================================
Received Import Request.
  Time since last request: 0.000021 seconds.
  path: Assets/TowerDefenseAssets/Map/Prefabs_props/Models/Fence2.fbx
  artifactKey: Guid(637985f32b6337c4dad7c9858f3fff65) Importer(815301076,1909f56bfc062723c751e8b465ee728b)
Start importing Assets/TowerDefenseAssets/Map/Prefabs_props/Models/Fence2.fbx using Guid(637985f32b6337c4dad7c9858f3fff65) Importer(815301076,1909f56bfc062723c751e8b465ee728b) [PhysX] Initialized MultithreadedTaskDispatcher with 16 workers.
[PhysX] Initialized MultithreadedTaskDispatcher with 16 workers.
[PhysX] Initialized MultithreadedTaskDispatcher with 16 workers.
 -> (artifact id: '4da8c18362c4a043e1eb09b7c04a7788') in 0.013977 seconds
Number of updated asset objects reloaded before import = 0
Number of asset objects unloaded after import = 10
========================================================================
Received Import Request.
  Time since last request: 0.000044 seconds.
  path: Assets/TowerDefenseAssets/Map/Prefabs_props/Models/Fern1.fbx
  artifactKey: Guid(7f78b41ef5049f244bcb22314d3d3bd8) Importer(815301076,1909f56bfc062723c751e8b465ee728b)
Start importing Assets/TowerDefenseAssets/Map/Prefabs_props/Models/Fern1.fbx using Guid(7f78b41ef5049f244bcb22314d3d3bd8) Importer(815301076,1909f56bfc062723c751e8b465ee728b) [PhysX] Initialized MultithreadedTaskDispatcher with 16 workers.
[PhysX] Initialized MultithreadedTaskDispatcher with 16 workers.
[PhysX] Initialized MultithreadedTaskDispatcher with 16 workers.
 -> (artifact id: 'a37c1631cfa6af38191bc9283802ee7a') in 0.016113 seconds
Number of updated asset objects reloaded before import = 0
Number of asset objects unloaded after import = 9
========================================================================
Received Import Request.
  Time since last request: 6.851518 seconds.
  path: Assets/TowerDefenseAssets/Map/Prefabs_props/Models/Floor2.fbx
  artifactKey: Guid(01f1f76f6d9fbe044915cb18124b2d91) Importer(815301076,1909f56bfc062723c751e8b465ee728b)
Start importing Assets/TowerDefenseAssets/Map/Prefabs_props/Models/Floor2.fbx using Guid(01f1f76f6d9fbe044915cb18124b2d91) Importer(815301076,1909f56bfc062723c751e8b465ee728b) [PhysX] Initialized MultithreadedTaskDispatcher with 16 workers.
[PhysX] Initialized MultithreadedTaskDispatcher with 16 workers.
[PhysX] Initialized MultithreadedTaskDispatcher with 16 workers.
 -> (artifact id: '06d420c0342932894783593a130a0b61') in 0.019037 seconds
Number of updated asset objects reloaded before import = 0
Number of asset objects unloaded after import = 9
========================================================================
Received Import Request.
  Time since last request: 0.000023 seconds.
  path: Assets/TowerDefenseAssets/Map/Prefabs_props/Models/Floor3.fbx
  artifactKey: Guid(204da88e26052454fb0f2f0878ee650b) Importer(815301076,1909f56bfc062723c751e8b465ee728b)
Start importing Assets/TowerDefenseAssets/Map/Prefabs_props/Models/Floor3.fbx using Guid(204da88e26052454fb0f2f0878ee650b) Importer(815301076,1909f56bfc062723c751e8b465ee728b) [PhysX] Initialized MultithreadedTaskDispatcher with 16 workers.
[PhysX] Initialized MultithreadedTaskDispatcher with 16 workers.
[PhysX] Initialized MultithreadedTaskDispatcher with 16 workers.
 -> (artifact id: '4b92cd15c26df360795882fcdb1e7714') in 0.057567 seconds
Number of updated asset objects reloaded before import = 0
Number of asset objects unloaded after import = 9
========================================================================
Received Import Request.
  Time since last request: 0.000021 seconds.
  path: Assets/TowerDefenseAssets/Map/Prefabs_props/Models/Ivy2.fbx
  artifactKey: Guid(7f2cee8d136569a40863bfebd0d90e88) Importer(815301076,1909f56bfc062723c751e8b465ee728b)
Start importing Assets/TowerDefenseAssets/Map/Prefabs_props/Models/Ivy2.fbx using Guid(7f2cee8d136569a40863bfebd0d90e88) Importer(815301076,1909f56bfc062723c751e8b465ee728b) [PhysX] Initialized MultithreadedTaskDispatcher with 16 workers.
[PhysX] Initialized MultithreadedTaskDispatcher with 16 workers.
[PhysX] Initialized MultithreadedTaskDispatcher with 16 workers.
 -> (artifact id: '541d05a14d1204ce022b5e41b1aca198') in 0.059956 seconds
Number of updated asset objects reloaded before import = 0
Number of asset objects unloaded after import = 9
========================================================================
Received Import Request.
  Time since last request: 0.000022 seconds.
  path: Assets/TowerDefenseAssets/Map/Prefabs_props/Models/Ground_Decal3.fbx
  artifactKey: Guid(f01e0788e4c5f834cba6481039e6291c) Importer(815301076,1909f56bfc062723c751e8b465ee728b)
Start importing Assets/TowerDefenseAssets/Map/Prefabs_props/Models/Ground_Decal3.fbx using Guid(f01e0788e4c5f834cba6481039e6291c) Importer(815301076,1909f56bfc062723c751e8b465ee728b) [PhysX] Initialized MultithreadedTaskDispatcher with 16 workers.
[PhysX] Initialized MultithreadedTaskDispatcher with 16 workers.
[PhysX] Initialized MultithreadedTaskDispatcher with 16 workers.
 -> (artifact id: '2860479b0d72439ffba5556d225cae7b') in 0.043943 seconds
Number of updated asset objects reloaded before import = 0
Number of asset objects unloaded after import = 9
========================================================================
Received Import Request.
  Time since last request: 0.000022 seconds.
  path: Assets/TowerDefenseAssets/Map/Prefabs_props/Models/Ground_Decal1.fbx
  artifactKey: Guid(9c7fbe63cfd52b749bfe7193caa4d265) Importer(815301076,1909f56bfc062723c751e8b465ee728b)
Start importing Assets/TowerDefenseAssets/Map/Prefabs_props/Models/Ground_Decal1.fbx using Guid(9c7fbe63cfd52b749bfe7193caa4d265) Importer(815301076,1909f56bfc062723c751e8b465ee728b) [PhysX] Initialized MultithreadedTaskDispatcher with 16 workers.
[PhysX] Initialized MultithreadedTaskDispatcher with 16 workers.
[PhysX] Initialized MultithreadedTaskDispatcher with 16 workers.
 -> (artifact id: '14090d80039968645f89c1fcae1fdb4c') in 0.012309 seconds
Number of updated asset objects reloaded before import = 0
Number of asset objects unloaded after import = 9
========================================================================
Received Import Request.
  Time since last request: 0.000042 seconds.
  path: Assets/TowerDefenseAssets/Map/Prefabs_props/Models/Floor5.fbx
  artifactKey: Guid(584ccb571408b9a4bb75feb3ed3335bd) Importer(815301076,1909f56bfc062723c751e8b465ee728b)
Start importing Assets/TowerDefenseAssets/Map/Prefabs_props/Models/Floor5.fbx using Guid(584ccb571408b9a4bb75feb3ed3335bd) Importer(815301076,1909f56bfc062723c751e8b465ee728b) [PhysX] Initialized MultithreadedTaskDispatcher with 16 workers.
[PhysX] Initialized MultithreadedTaskDispatcher with 16 workers.
[PhysX] Initialized MultithreadedTaskDispatcher with 16 workers.
 -> (artifact id: 'c8749214200c324839a975e786203ed1') in 0.012535 seconds
Number of updated asset objects reloaded before import = 0
Number of asset objects unloaded after import = 9
========================================================================
Received Import Request.
  Time since last request: 0.000024 seconds.
  path: Assets/TowerDefenseAssets/Map/Prefabs_props/Models/Ground_Decal_Leaves1.fbx
  artifactKey: Guid(2b068eedd831d9044a72b632051c1d85) Importer(815301076,1909f56bfc062723c751e8b465ee728b)
Start importing Assets/TowerDefenseAssets/Map/Prefabs_props/Models/Ground_Decal_Leaves1.fbx using Guid(2b068eedd831d9044a72b632051c1d85) Importer(815301076,1909f56bfc062723c751e8b465ee728b) [PhysX] Initialized MultithreadedTaskDispatcher with 16 workers.
[PhysX] Initialized MultithreadedTaskDispatcher with 16 workers.
[PhysX] Initialized MultithreadedTaskDispatcher with 16 workers.
 -> (artifact id: 'abed3daf78f9d0de001d41bf75602f28') in 0.012821 seconds
Number of updated asset objects reloaded before import = 0
Number of asset objects unloaded after import = 9
========================================================================
Received Import Request.
  Time since last request: 69.392289 seconds.
  path: Assets/TowerDefenseAssets/Map/Prefabs_props/Models/Ivy4.fbx
  artifactKey: Guid(6e2f1b8938847154e9b1e9e631ba4113) Importer(815301076,1909f56bfc062723c751e8b465ee728b)
Start importing Assets/TowerDefenseAssets/Map/Prefabs_props/Models/Ivy4.fbx using Guid(6e2f1b8938847154e9b1e9e631ba4113) Importer(815301076,1909f56bfc062723c751e8b465ee728b) [PhysX] Initialized MultithreadedTaskDispatcher with 16 workers.
[PhysX] Initialized MultithreadedTaskDispatcher with 16 workers.
[PhysX] Initialized MultithreadedTaskDispatcher with 16 workers.
 -> (artifact id: '70891c60ae92ddad08ab1970c59ff73c') in 0.013052 seconds
Number of updated asset objects reloaded before import = 0
Number of asset objects unloaded after import = 9
========================================================================
Received Import Request.
  Time since last request: 0.000017 seconds.
  path: Assets/TowerDefenseAssets/Map/Prefabs_props/Models/Ivy5.fbx
  artifactKey: Guid(1e505950abd26ed498a1b4384c2524f1) Importer(815301076,1909f56bfc062723c751e8b465ee728b)
Start importing Assets/TowerDefenseAssets/Map/Prefabs_props/Models/Ivy5.fbx using Guid(1e505950abd26ed498a1b4384c2524f1) Importer(815301076,1909f56bfc062723c751e8b465ee728b) [PhysX] Initialized MultithreadedTaskDispatcher with 16 workers.
[PhysX] Initialized MultithreadedTaskDispatcher with 16 workers.
[PhysX] Initialized MultithreadedTaskDispatcher with 16 workers.
 -> (artifact id: '54e37b2fde89ef6a529532b03e17479d') in 0.099867 seconds
Number of updated asset objects reloaded before import = 0
Number of asset objects unloaded after import = 9
========================================================================
Received Import Request.
  Time since last request: 0.000019 seconds.
  path: Assets/TowerDefenseAssets/Map/Prefabs_props/Models/Jar1B.fbx
  artifactKey: Guid(be47e43018cf9e24bb5e36900553c3f6) Importer(815301076,1909f56bfc062723c751e8b465ee728b)
Start importing Assets/TowerDefenseAssets/Map/Prefabs_props/Models/Jar1B.fbx using Guid(be47e43018cf9e24bb5e36900553c3f6) Importer(815301076,1909f56bfc062723c751e8b465ee728b) [PhysX] Initialized MultithreadedTaskDispatcher with 16 workers.
[PhysX] Initialized MultithreadedTaskDispatcher with 16 workers.
[PhysX] Initialized MultithreadedTaskDispatcher with 16 workers.
 -> (artifact id: 'cd598e4fffca391685c3e7e6c1d3eef0') in 0.047738 seconds
Number of updated asset objects reloaded before import = 0
Number of asset objects unloaded after import = 9
========================================================================
Received Import Request.
  Time since last request: 9.860074 seconds.
  path: Assets/TowerDefenseAssets/Map/Prefabs_props/Models/Lightshaft.fbx
  artifactKey: Guid(5c6d02ad90245b44ba775d3608f065e2) Importer(815301076,1909f56bfc062723c751e8b465ee728b)
Start importing Assets/TowerDefenseAssets/Map/Prefabs_props/Models/Lightshaft.fbx using Guid(5c6d02ad90245b44ba775d3608f065e2) Importer(815301076,1909f56bfc062723c751e8b465ee728b) [PhysX] Initialized MultithreadedTaskDispatcher with 16 workers.
[PhysX] Initialized MultithreadedTaskDispatcher with 16 workers.
[PhysX] Initialized MultithreadedTaskDispatcher with 16 workers.
 -> (artifact id: 'dda4a680e7bb5329ae77e804912fda2d') in 0.023284 seconds
Number of updated asset objects reloaded before import = 0
Number of asset objects unloaded after import = 9
========================================================================
Received Import Request.
  Time since last request: 0.000018 seconds.
  path: Assets/TowerDefenseAssets/Map/Prefabs_props/Models/Mushroom1.fbx
  artifactKey: Guid(3b74caa95be3d9d498e6a11611509174) Importer(815301076,1909f56bfc062723c751e8b465ee728b)
Start importing Assets/TowerDefenseAssets/Map/Prefabs_props/Models/Mushroom1.fbx using Guid(3b74caa95be3d9d498e6a11611509174) Importer(815301076,1909f56bfc062723c751e8b465ee728b) [PhysX] Initialized MultithreadedTaskDispatcher with 16 workers.
[PhysX] Initialized MultithreadedTaskDispatcher with 16 workers.
[PhysX] Initialized MultithreadedTaskDispatcher with 16 workers.
 -> (artifact id: '660b8710deab01fdb9b00981ba21e722') in 0.033650 seconds
Number of updated asset objects reloaded before import = 0
Number of asset objects unloaded after import = 9
========================================================================
Received Import Request.
  Time since last request: 0.000024 seconds.
  path: Assets/TowerDefenseAssets/Map/Prefabs_props/Models/Mushroom1B.fbx
  artifactKey: Guid(2dc71e40f37401a48813febaa49e5045) Importer(815301076,1909f56bfc062723c751e8b465ee728b)
Start importing Assets/TowerDefenseAssets/Map/Prefabs_props/Models/Mushroom1B.fbx using Guid(2dc71e40f37401a48813febaa49e5045) Importer(815301076,1909f56bfc062723c751e8b465ee728b) [PhysX] Initialized MultithreadedTaskDispatcher with 16 workers.
[PhysX] Initialized MultithreadedTaskDispatcher with 16 workers.
[PhysX] Initialized MultithreadedTaskDispatcher with 16 workers.
 -> (artifact id: '80a5d631b37df020cc92fe1331e28498') in 0.012601 seconds
Number of updated asset objects reloaded before import = 0
Number of asset objects unloaded after import = 9
========================================================================
Received Import Request.
  Time since last request: 0.000024 seconds.
  path: Assets/TowerDefenseAssets/Map/Prefabs_props/Models/Mushroom2B.fbx
  artifactKey: Guid(6323de0ef17b92e4fa91841d25190ef9) Importer(815301076,1909f56bfc062723c751e8b465ee728b)
Start importing Assets/TowerDefenseAssets/Map/Prefabs_props/Models/Mushroom2B.fbx using Guid(6323de0ef17b92e4fa91841d25190ef9) Importer(815301076,1909f56bfc062723c751e8b465ee728b) [PhysX] Initialized MultithreadedTaskDispatcher with 16 workers.
[PhysX] Initialized MultithreadedTaskDispatcher with 16 workers.
[PhysX] Initialized MultithreadedTaskDispatcher with 16 workers.
 -> (artifact id: '2295d7993d37d493361c1e6189e02d3e') in 0.011762 seconds
Number of updated asset objects reloaded before import = 0
Number of asset objects unloaded after import = 9
========================================================================
Received Import Request.
  Time since last request: 1.708840 seconds.
  path: Assets/TowerDefenseAssets/Map/Prefabs_props/Models/Mushroom3B.fbx
  artifactKey: Guid(3fa0fcb15e171fa41b68d75b237b96db) Importer(815301076,1909f56bfc062723c751e8b465ee728b)
Start importing Assets/TowerDefenseAssets/Map/Prefabs_props/Models/Mushroom3B.fbx using Guid(3fa0fcb15e171fa41b68d75b237b96db) Importer(815301076,1909f56bfc062723c751e8b465ee728b) [PhysX] Initialized MultithreadedTaskDispatcher with 16 workers.
[PhysX] Initialized MultithreadedTaskDispatcher with 16 workers.
[PhysX] Initialized MultithreadedTaskDispatcher with 16 workers.
 -> (artifact id: 'fe835fef48e975907873e6941d361a35') in 0.011144 seconds
Number of updated asset objects reloaded before import = 0
Number of asset objects unloaded after import = 9
========================================================================
Received Import Request.
  Time since last request: 0.000017 seconds.
  path: Assets/TowerDefenseAssets/Map/Prefabs_props/Models/Mushroom4B.fbx
  artifactKey: Guid(490deb49040506f4d9502d7c3eddd32d) Importer(815301076,1909f56bfc062723c751e8b465ee728b)
Start importing Assets/TowerDefenseAssets/Map/Prefabs_props/Models/Mushroom4B.fbx using Guid(490deb49040506f4d9502d7c3eddd32d) Importer(815301076,1909f56bfc062723c751e8b465ee728b) [PhysX] Initialized MultithreadedTaskDispatcher with 16 workers.
[PhysX] Initialized MultithreadedTaskDispatcher with 16 workers.
[PhysX] Initialized MultithreadedTaskDispatcher with 16 workers.
 -> (artifact id: 'e5c007ae56048f1c474a09b0928eee67') in 0.013418 seconds
Number of updated asset objects reloaded before import = 0
Number of asset objects unloaded after import = 9
========================================================================
Received Import Request.
  Time since last request: 0.000040 seconds.
  path: Assets/TowerDefenseAssets/Map/Prefabs_props/Models/Plant_02.fbx
  artifactKey: Guid(8521f2ba82d8c0e499a168fa497f98a9) Importer(815301076,1909f56bfc062723c751e8b465ee728b)
Start importing Assets/TowerDefenseAssets/Map/Prefabs_props/Models/Plant_02.fbx using Guid(8521f2ba82d8c0e499a168fa497f98a9) Importer(815301076,1909f56bfc062723c751e8b465ee728b) [PhysX] Initialized MultithreadedTaskDispatcher with 16 workers.
[PhysX] Initialized MultithreadedTaskDispatcher with 16 workers.
[PhysX] Initialized MultithreadedTaskDispatcher with 16 workers.
 -> (artifact id: '47eec44ca075456c5a23ce58d60d100d') in 0.013223 seconds
Number of updated asset objects reloaded before import = 0
Number of asset objects unloaded after import = 9
========================================================================
Received Import Request.
  Time since last request: 112.085515 seconds.
  path: Assets/TowerDefenseAssets/Map/Prefabs_props/Models/Plant_05.fbx
  artifactKey: Guid(d3c1fafaf5302b3459f221d6b0ff8278) Importer(815301076,1909f56bfc062723c751e8b465ee728b)
Start importing Assets/TowerDefenseAssets/Map/Prefabs_props/Models/Plant_05.fbx using Guid(d3c1fafaf5302b3459f221d6b0ff8278) Importer(815301076,1909f56bfc062723c751e8b465ee728b) [PhysX] Initialized MultithreadedTaskDispatcher with 16 workers.
[PhysX] Initialized MultithreadedTaskDispatcher with 16 workers.
[PhysX] Initialized MultithreadedTaskDispatcher with 16 workers.
 -> (artifact id: 'fafedb34282efe519a09e049cc9825db') in 0.012476 seconds
Number of updated asset objects reloaded before import = 0
Number of asset objects unloaded after import = 9
========================================================================
Received Import Request.
  Time since last request: 0.000018 seconds.
  path: Assets/TowerDefenseAssets/Map/Prefabs_props/Models/Plant_06.fbx
  artifactKey: Guid(ef2564dc762f86043b5e2e1396033d03) Importer(815301076,1909f56bfc062723c751e8b465ee728b)
Start importing Assets/TowerDefenseAssets/Map/Prefabs_props/Models/Plant_06.fbx using Guid(ef2564dc762f86043b5e2e1396033d03) Importer(815301076,1909f56bfc062723c751e8b465ee728b) [PhysX] Initialized MultithreadedTaskDispatcher with 16 workers.
[PhysX] Initialized MultithreadedTaskDispatcher with 16 workers.
[PhysX] Initialized MultithreadedTaskDispatcher with 16 workers.
 -> (artifact id: '5ac03c0266da577196e9deaf9a422ec5') in 0.016173 seconds
Number of updated asset objects reloaded before import = 0
Number of asset objects unloaded after import = 9
========================================================================
Received Import Request.
  Time since last request: 0.000028 seconds.
  path: Assets/TowerDefenseAssets/Map/Prefabs_props/Models/Prop_Cargo1.fbx
  artifactKey: Guid(f8aa43684a68ca64c88de9658f4c6d58) Importer(815301076,1909f56bfc062723c751e8b465ee728b)
Start importing Assets/TowerDefenseAssets/Map/Prefabs_props/Models/Prop_Cargo1.fbx using Guid(f8aa43684a68ca64c88de9658f4c6d58) Importer(815301076,1909f56bfc062723c751e8b465ee728b) [PhysX] Initialized MultithreadedTaskDispatcher with 16 workers.
[PhysX] Initialized MultithreadedTaskDispatcher with 16 workers.
[PhysX] Initialized MultithreadedTaskDispatcher with 16 workers.
 -> (artifact id: '5d43c2a70b4313ef4f9b41dcc64c245d') in 0.022649 seconds
Number of updated asset objects reloaded before import = 0
Number of asset objects unloaded after import = 9
========================================================================
Received Import Request.
  Time since last request: 1.096212 seconds.
  path: Assets/TowerDefenseAssets/Map/Prefabs_props/Models/Prop_Chest1.fbx
  artifactKey: Guid(7e3b3a6383690d945a192b03085e57ca) Importer(815301076,1909f56bfc062723c751e8b465ee728b)
Start importing Assets/TowerDefenseAssets/Map/Prefabs_props/Models/Prop_Chest1.fbx using Guid(7e3b3a6383690d945a192b03085e57ca) Importer(815301076,1909f56bfc062723c751e8b465ee728b) [PhysX] Initialized MultithreadedTaskDispatcher with 16 workers.
[PhysX] Initialized MultithreadedTaskDispatcher with 16 workers.
[PhysX] Initialized MultithreadedTaskDispatcher with 16 workers.
 -> (artifact id: 'b959750c16cafb869b1d32461a838660') in 0.016331 seconds
Number of updated asset objects reloaded before import = 0
Number of asset objects unloaded after import = 9
========================================================================
Received Import Request.
  Time since last request: 0.000023 seconds.
  path: Assets/TowerDefenseAssets/Map/Prefabs_props/Models/Prop_Sword.fbx
  artifactKey: Guid(29390403922633947a8c97dace2da9a2) Importer(815301076,1909f56bfc062723c751e8b465ee728b)
Start importing Assets/TowerDefenseAssets/Map/Prefabs_props/Models/Prop_Sword.fbx using Guid(29390403922633947a8c97dace2da9a2) Importer(815301076,1909f56bfc062723c751e8b465ee728b) [PhysX] Initialized MultithreadedTaskDispatcher with 16 workers.
[PhysX] Initialized MultithreadedTaskDispatcher with 16 workers.
[PhysX] Initialized MultithreadedTaskDispatcher with 16 workers.
 -> (artifact id: '7a2a6981e8acccfa09bf5ec569e0da78') in 0.014227 seconds
Number of updated asset objects reloaded before import = 0
Number of asset objects unloaded after import = 9
========================================================================
Received Import Request.
  Time since last request: 0.000021 seconds.
  path: Assets/TowerDefenseAssets/Map/Prefabs_props/Models/Rock_01.fbx
  artifactKey: Guid(16890278686ab2f4b913891dcbe346d3) Importer(815301076,1909f56bfc062723c751e8b465ee728b)
Start importing Assets/TowerDefenseAssets/Map/Prefabs_props/Models/Rock_01.fbx using Guid(16890278686ab2f4b913891dcbe346d3) Importer(815301076,1909f56bfc062723c751e8b465ee728b) [PhysX] Initialized MultithreadedTaskDispatcher with 16 workers.
[PhysX] Initialized MultithreadedTaskDispatcher with 16 workers.
[PhysX] Initialized MultithreadedTaskDispatcher with 16 workers.
 -> (artifact id: '75ef22e3e18bd7113942eb2142bccce0') in 0.040473 seconds
Number of updated asset objects reloaded before import = 0
Number of asset objects unloaded after import = 11
========================================================================
Received Import Request.
  Time since last request: 0.000021 seconds.
  path: Assets/TowerDefenseAssets/Map/Prefabs_props/Models/Prop_Chest3.fbx
  artifactKey: Guid(c625c117a4a5358468b08ba559d9cfa9) Importer(815301076,1909f56bfc062723c751e8b465ee728b)
Start importing Assets/TowerDefenseAssets/Map/Prefabs_props/Models/Prop_Chest3.fbx using Guid(c625c117a4a5358468b08ba559d9cfa9) Importer(815301076,1909f56bfc062723c751e8b465ee728b) [PhysX] Initialized MultithreadedTaskDispatcher with 16 workers.
[PhysX] Initialized MultithreadedTaskDispatcher with 16 workers.
[PhysX] Initialized MultithreadedTaskDispatcher with 16 workers.
 -> (artifact id: '0909c5bf5c13d456962d763168261492') in 0.011880 seconds
Number of updated asset objects reloaded before import = 0
Number of asset objects unloaded after import = 9
========================================================================
Received Import Request.
  Time since last request: 0.414852 seconds.
  path: Assets/TowerDefenseAssets/Map/Prefabs_props/Models/Rock_03.fbx
  artifactKey: Guid(80bf9b685f238264492fe6aae574bc40) Importer(815301076,1909f56bfc062723c751e8b465ee728b)
Start importing Assets/TowerDefenseAssets/Map/Prefabs_props/Models/Rock_03.fbx using Guid(80bf9b685f238264492fe6aae574bc40) Importer(815301076,1909f56bfc062723c751e8b465ee728b) [PhysX] Initialized MultithreadedTaskDispatcher with 16 workers.
[PhysX] Initialized MultithreadedTaskDispatcher with 16 workers.
[PhysX] Initialized MultithreadedTaskDispatcher with 16 workers.
 -> (artifact id: '046984eee87d0052695b968347cd95ad') in 0.012842 seconds
Number of updated asset objects reloaded before import = 0
Number of asset objects unloaded after import = 11
========================================================================
Received Import Request.
  Time since last request: 0.000026 seconds.
  path: Assets/TowerDefenseAssets/Map/Prefabs_props/Models/Rock_08.fbx
  artifactKey: Guid(ff19b138edb9a3e4baa579e4d2a79227) Importer(815301076,1909f56bfc062723c751e8b465ee728b)
Start importing Assets/TowerDefenseAssets/Map/Prefabs_props/Models/Rock_08.fbx using Guid(ff19b138edb9a3e4baa579e4d2a79227) Importer(815301076,1909f56bfc062723c751e8b465ee728b) [PhysX] Initialized MultithreadedTaskDispatcher with 16 workers.
[PhysX] Initialized MultithreadedTaskDispatcher with 16 workers.
[PhysX] Initialized MultithreadedTaskDispatcher with 16 workers.
 -> (artifact id: '7e8ddd6aeaef0ff750a6c1805d7a1cb3') in 0.014319 seconds
Number of updated asset objects reloaded before import = 0
Number of asset objects unloaded after import = 11
========================================================================
Received Import Request.
  Time since last request: 0.000021 seconds.
  path: Assets/TowerDefenseAssets/Map/Prefabs_props/Models/Rock_05.fbx
  artifactKey: Guid(4bdf2aa21d59bc54183cfb31b2f57405) Importer(815301076,1909f56bfc062723c751e8b465ee728b)
Start importing Assets/TowerDefenseAssets/Map/Prefabs_props/Models/Rock_05.fbx using Guid(4bdf2aa21d59bc54183cfb31b2f57405) Importer(815301076,1909f56bfc062723c751e8b465ee728b) [PhysX] Initialized MultithreadedTaskDispatcher with 16 workers.
[PhysX] Initialized MultithreadedTaskDispatcher with 16 workers.
[PhysX] Initialized MultithreadedTaskDispatcher with 16 workers.
 -> (artifact id: 'b2dd33f0a55024a090bbefdd2d5dbaae') in 0.013868 seconds
Number of updated asset objects reloaded before import = 0
Number of asset objects unloaded after import = 11
========================================================================
Received Import Request.
  Time since last request: 1.234908 seconds.
  path: Assets/TowerDefenseAssets/Map/Prefabs_props/Models/Rock_10.fbx
  artifactKey: Guid(5aa250f04f5eebe4d999e110cfaa0ccd) Importer(815301076,1909f56bfc062723c751e8b465ee728b)
Start importing Assets/TowerDefenseAssets/Map/Prefabs_props/Models/Rock_10.fbx using Guid(5aa250f04f5eebe4d999e110cfaa0ccd) Importer(815301076,1909f56bfc062723c751e8b465ee728b) [PhysX] Initialized MultithreadedTaskDispatcher with 16 workers.
[PhysX] Initialized MultithreadedTaskDispatcher with 16 workers.
[PhysX] Initialized MultithreadedTaskDispatcher with 16 workers.
 -> (artifact id: '4bbd4d8797b66780f24e06a844897ce7') in 0.013629 seconds
Number of updated asset objects reloaded before import = 0
Number of asset objects unloaded after import = 11
========================================================================
Received Import Request.
  Time since last request: 0.000024 seconds.
  path: Assets/TowerDefenseAssets/Map/Prefabs_props/Models/Rock_11.fbx
  artifactKey: Guid(0227e40393dba4c43b3b1e4d9a09c8b1) Importer(815301076,1909f56bfc062723c751e8b465ee728b)
Start importing Assets/TowerDefenseAssets/Map/Prefabs_props/Models/Rock_11.fbx using Guid(0227e40393dba4c43b3b1e4d9a09c8b1) Importer(815301076,1909f56bfc062723c751e8b465ee728b) [PhysX] Initialized MultithreadedTaskDispatcher with 16 workers.
[PhysX] Initialized MultithreadedTaskDispatcher with 16 workers.
[PhysX] Initialized MultithreadedTaskDispatcher with 16 workers.
 -> (artifact id: 'b04710a29af8d91b9fc68fbdb6ed04b9') in 0.013453 seconds
Number of updated asset objects reloaded before import = 0
Number of asset objects unloaded after import = 11
========================================================================
Received Import Request.
  Time since last request: 0.000022 seconds.
  path: Assets/TowerDefenseAssets/Map/Prefabs_props/Models/Rock_14A.fbx
  artifactKey: Guid(08e5aa29d603976428ec34ee8c7bf1b2) Importer(815301076,1909f56bfc062723c751e8b465ee728b)
Start importing Assets/TowerDefenseAssets/Map/Prefabs_props/Models/Rock_14A.fbx using Guid(08e5aa29d603976428ec34ee8c7bf1b2) Importer(815301076,1909f56bfc062723c751e8b465ee728b) [PhysX] Initialized MultithreadedTaskDispatcher with 16 workers.
[PhysX] Initialized MultithreadedTaskDispatcher with 16 workers.
[PhysX] Initialized MultithreadedTaskDispatcher with 16 workers.
 -> (artifact id: '00a86119d0f36fb4cb0dc86c387a44c5') in 0.012921 seconds
Number of updated asset objects reloaded before import = 0
Number of asset objects unloaded after import = 11
========================================================================
Received Import Request.
  Time since last request: 0.504069 seconds.
  path: Assets/TowerDefenseAssets/Map/Prefabs_props/Models/Rock_15.fbx
  artifactKey: Guid(dce911da7201b1548a34524c26db6b98) Importer(815301076,1909f56bfc062723c751e8b465ee728b)
Start importing Assets/TowerDefenseAssets/Map/Prefabs_props/Models/Rock_15.fbx using Guid(dce911da7201b1548a34524c26db6b98) Importer(815301076,1909f56bfc062723c751e8b465ee728b) [PhysX] Initialized MultithreadedTaskDispatcher with 16 workers.
[PhysX] Initialized MultithreadedTaskDispatcher with 16 workers.
[PhysX] Initialized MultithreadedTaskDispatcher with 16 workers.
 -> (artifact id: '049a76e495498b57618f23024b21f553') in 0.013758 seconds
Number of updated asset objects reloaded before import = 0
Number of asset objects unloaded after import = 11
========================================================================
Received Import Request.
  Time since last request: 0.000025 seconds.
  path: Assets/TowerDefenseAssets/Map/Prefabs_props/Models/Rock_17B.fbx
  artifactKey: Guid(567c4c350da2c3a448361271d80f84d3) Importer(815301076,1909f56bfc062723c751e8b465ee728b)
Start importing Assets/TowerDefenseAssets/Map/Prefabs_props/Models/Rock_17B.fbx using Guid(567c4c350da2c3a448361271d80f84d3) Importer(815301076,1909f56bfc062723c751e8b465ee728b) [PhysX] Initialized MultithreadedTaskDispatcher with 16 workers.
[PhysX] Initialized MultithreadedTaskDispatcher with 16 workers.
[PhysX] Initialized MultithreadedTaskDispatcher with 16 workers.
 -> (artifact id: 'ef706fabe6b3de3745558628c6a4a6b1') in 0.013201 seconds
Number of updated asset objects reloaded before import = 0
Number of asset objects unloaded after import = 9
========================================================================
Received Import Request.
  Time since last request: 0.000023 seconds.
  path: Assets/TowerDefenseAssets/Map/Prefabs_props/Models/Rune_01.fbx
  artifactKey: Guid(444b46c5273d620419fcdb43cb7c3d37) Importer(815301076,1909f56bfc062723c751e8b465ee728b)
Start importing Assets/TowerDefenseAssets/Map/Prefabs_props/Models/Rune_01.fbx using Guid(444b46c5273d620419fcdb43cb7c3d37) Importer(815301076,1909f56bfc062723c751e8b465ee728b) [PhysX] Initialized MultithreadedTaskDispatcher with 16 workers.
[PhysX] Initialized MultithreadedTaskDispatcher with 16 workers.
[PhysX] Initialized MultithreadedTaskDispatcher with 16 workers.
 -> (artifact id: '5af41d6dc5b562b13ad9aa1cb2c3c82c') in 0.040454 seconds
Number of updated asset objects reloaded before import = 0
Number of asset objects unloaded after import = 9
========================================================================
Received Import Request.
  Time since last request: 0.554030 seconds.
  path: Assets/TowerDefenseAssets/Map/Prefabs_props/Models/Rune_03.fbx
  artifactKey: Guid(20db71b535f12b54a987338265c15323) Importer(815301076,1909f56bfc062723c751e8b465ee728b)
Start importing Assets/TowerDefenseAssets/Map/Prefabs_props/Models/Rune_03.fbx using Guid(20db71b535f12b54a987338265c15323) Importer(815301076,1909f56bfc062723c751e8b465ee728b) [PhysX] Initialized MultithreadedTaskDispatcher with 16 workers.
[PhysX] Initialized MultithreadedTaskDispatcher with 16 workers.
[PhysX] Initialized MultithreadedTaskDispatcher with 16 workers.
 -> (artifact id: 'e2de744da7569901670cf24fb7934496') in 0.010831 seconds
Number of updated asset objects reloaded before import = 0
Number of asset objects unloaded after import = 9
========================================================================
Received Import Request.
  Time since last request: 0.000022 seconds.
  path: Assets/TowerDefenseAssets/Map/Prefabs_props/Models/Stair_el1.fbx
  artifactKey: Guid(768b8bf58fa0d7d4f9a6cf556c0a2065) Importer(815301076,1909f56bfc062723c751e8b465ee728b)
Start importing Assets/TowerDefenseAssets/Map/Prefabs_props/Models/Stair_el1.fbx using Guid(768b8bf58fa0d7d4f9a6cf556c0a2065) Importer(815301076,1909f56bfc062723c751e8b465ee728b) [PhysX] Initialized MultithreadedTaskDispatcher with 16 workers.
[PhysX] Initialized MultithreadedTaskDispatcher with 16 workers.
[PhysX] Initialized MultithreadedTaskDispatcher with 16 workers.
 -> (artifact id: '51f101b6dbf32a01842cef4664c31033') in 0.015566 seconds
Number of updated asset objects reloaded before import = 0
Number of asset objects unloaded after import = 9
========================================================================
Received Import Request.
  Time since last request: 0.000021 seconds.
  path: Assets/TowerDefenseAssets/Map/Prefabs_props/Models/Stair_el2.fbx
  artifactKey: Guid(142360863f70fa94bb24f265f475be2e) Importer(815301076,1909f56bfc062723c751e8b465ee728b)
Start importing Assets/TowerDefenseAssets/Map/Prefabs_props/Models/Stair_el2.fbx using Guid(142360863f70fa94bb24f265f475be2e) Importer(815301076,1909f56bfc062723c751e8b465ee728b) [PhysX] Initialized MultithreadedTaskDispatcher with 16 workers.
[PhysX] Initialized MultithreadedTaskDispatcher with 16 workers.
[PhysX] Initialized MultithreadedTaskDispatcher with 16 workers.
 -> (artifact id: 'c1b091eb36fee37de1c45c7109ababc4') in 0.012423 seconds
Number of updated asset objects reloaded before import = 0
Number of asset objects unloaded after import = 9
========================================================================
Received Import Request.
  Time since last request: 0.000027 seconds.
  path: Assets/TowerDefenseAssets/Map/Prefabs_props/Models/Rune_06.fbx
  artifactKey: Guid(63c00d0771d960c46889170ff15b47b0) Importer(815301076,1909f56bfc062723c751e8b465ee728b)
Start importing Assets/TowerDefenseAssets/Map/Prefabs_props/Models/Rune_06.fbx using Guid(63c00d0771d960c46889170ff15b47b0) Importer(815301076,1909f56bfc062723c751e8b465ee728b) [PhysX] Initialized MultithreadedTaskDispatcher with 16 workers.
[PhysX] Initialized MultithreadedTaskDispatcher with 16 workers.
[PhysX] Initialized MultithreadedTaskDispatcher with 16 workers.
 -> (artifact id: 'eeb8b0333125a878d51c6e4080011b70') in 0.012902 seconds
Number of updated asset objects reloaded before import = 0
Number of asset objects unloaded after import = 9
========================================================================
Received Import Request.
  Time since last request: 0.526945 seconds.
  path: Assets/TowerDefenseAssets/Map/Prefabs_props/Models/Stair_el4.fbx
  artifactKey: Guid(e44edc7297fc84f47a11807beed6cc09) Importer(815301076,1909f56bfc062723c751e8b465ee728b)
Start importing Assets/TowerDefenseAssets/Map/Prefabs_props/Models/Stair_el4.fbx using Guid(e44edc7297fc84f47a11807beed6cc09) Importer(815301076,1909f56bfc062723c751e8b465ee728b) [PhysX] Initialized MultithreadedTaskDispatcher with 16 workers.
[PhysX] Initialized MultithreadedTaskDispatcher with 16 workers.
[PhysX] Initialized MultithreadedTaskDispatcher with 16 workers.
 -> (artifact id: 'd6e33e0c560bae58273e1efd9d45c09f') in 0.012575 seconds
Number of updated asset objects reloaded before import = 0
Number of asset objects unloaded after import = 9
========================================================================
Received Import Request.
  Time since last request: 0.000020 seconds.
  path: Assets/TowerDefenseAssets/Map/Prefabs_props/Models/Stair_el7.fbx
  artifactKey: Guid(3f0cf37197054b04cb37d18d0b5b73e1) Importer(815301076,1909f56bfc062723c751e8b465ee728b)
Start importing Assets/TowerDefenseAssets/Map/Prefabs_props/Models/Stair_el7.fbx using Guid(3f0cf37197054b04cb37d18d0b5b73e1) Importer(815301076,1909f56bfc062723c751e8b465ee728b) [PhysX] Initialized MultithreadedTaskDispatcher with 16 workers.
[PhysX] Initialized MultithreadedTaskDispatcher with 16 workers.
[PhysX] Initialized MultithreadedTaskDispatcher with 16 workers.
 -> (artifact id: '802fcb785cede7e72febb331bbcbe132') in 0.014300 seconds
Number of updated asset objects reloaded before import = 0
Number of asset objects unloaded after import = 9
========================================================================
Received Import Request.
  Time since last request: 0.000030 seconds.
  path: Assets/TowerDefenseAssets/Map/Prefabs_props/Models/Stone_wall1.fbx
  artifactKey: Guid(4f4c0c282669b5e4bba9df651cd8deda) Importer(815301076,1909f56bfc062723c751e8b465ee728b)
Start importing Assets/TowerDefenseAssets/Map/Prefabs_props/Models/Stone_wall1.fbx using Guid(4f4c0c282669b5e4bba9df651cd8deda) Importer(815301076,1909f56bfc062723c751e8b465ee728b) [PhysX] Initialized MultithreadedTaskDispatcher with 16 workers.
[PhysX] Initialized MultithreadedTaskDispatcher with 16 workers.
[PhysX] Initialized MultithreadedTaskDispatcher with 16 workers.
 -> (artifact id: '274a46d63de6976d9663cf23bb51513f') in 0.013138 seconds
Number of updated asset objects reloaded before import = 0
Number of asset objects unloaded after import = 9
========================================================================
Received Import Request.
  Time since last request: 0.011204 seconds.
  path: Assets/TowerDefenseAssets/Map/Prefabs_props/Models/Stone_wall1_pillar.fbx
  artifactKey: Guid(9051884e5dac4fe48acab680e0b6c566) Importer(815301076,1909f56bfc062723c751e8b465ee728b)
Start importing Assets/TowerDefenseAssets/Map/Prefabs_props/Models/Stone_wall1_pillar.fbx using Guid(9051884e5dac4fe48acab680e0b6c566) Importer(815301076,1909f56bfc062723c751e8b465ee728b) [PhysX] Initialized MultithreadedTaskDispatcher with 16 workers.
[PhysX] Initialized MultithreadedTaskDispatcher with 16 workers.
[PhysX] Initialized MultithreadedTaskDispatcher with 16 workers.
 -> (artifact id: 'f5ec5f5933255328b27e85312ee18711') in 0.014121 seconds
Number of updated asset objects reloaded before import = 0
Number of asset objects unloaded after import = 9
========================================================================
Received Import Request.
  Time since last request: 0.000017 seconds.
  path: Assets/TowerDefenseAssets/Map/Prefabs_props/Models/Tower_Base1_3.fbx
  artifactKey: Guid(d9f4d66b6458e5c4faba89784cf5098b) Importer(815301076,1909f56bfc062723c751e8b465ee728b)
Start importing Assets/TowerDefenseAssets/Map/Prefabs_props/Models/Tower_Base1_3.fbx using Guid(d9f4d66b6458e5c4faba89784cf5098b) Importer(815301076,1909f56bfc062723c751e8b465ee728b) [PhysX] Initialized MultithreadedTaskDispatcher with 16 workers.
[PhysX] Initialized MultithreadedTaskDispatcher with 16 workers.
[PhysX] Initialized MultithreadedTaskDispatcher with 16 workers.
 -> (artifact id: '3ccae0f1748bf776f50c125379442b1b') in 0.015919 seconds
Number of updated asset objects reloaded before import = 0
Number of asset objects unloaded after import = 9
========================================================================
Received Import Request.
  Time since last request: 0.000019 seconds.
  path: Assets/TowerDefenseAssets/Map/Prefabs_props/Models/Tent1_trunk.fbx
  artifactKey: Guid(ff32e6bcc777ff64b9f50b6eed93475d) Importer(815301076,1909f56bfc062723c751e8b465ee728b)
Start importing Assets/TowerDefenseAssets/Map/Prefabs_props/Models/Tent1_trunk.fbx using Guid(ff32e6bcc777ff64b9f50b6eed93475d) Importer(815301076,1909f56bfc062723c751e8b465ee728b) [PhysX] Initialized MultithreadedTaskDispatcher with 16 workers.
[PhysX] Initialized MultithreadedTaskDispatcher with 16 workers.
[PhysX] Initialized MultithreadedTaskDispatcher with 16 workers.
 -> (artifact id: '87548f8f5d5421f5baf0ef4bc0150608') in 0.016723 seconds
Number of updated asset objects reloaded before import = 0
Number of asset objects unloaded after import = 10
========================================================================
Received Import Request.
  Time since last request: 0.000020 seconds.
  path: Assets/TowerDefenseAssets/Map/Prefabs_props/Models/Tower_Base1_1.fbx
  artifactKey: Guid(09af8d10f2d156644aec4e9b06dca89c) Importer(815301076,1909f56bfc062723c751e8b465ee728b)
Start importing Assets/TowerDefenseAssets/Map/Prefabs_props/Models/Tower_Base1_1.fbx using Guid(09af8d10f2d156644aec4e9b06dca89c) Importer(815301076,1909f56bfc062723c751e8b465ee728b) [PhysX] Initialized MultithreadedTaskDispatcher with 16 workers.
[PhysX] Initialized MultithreadedTaskDispatcher with 16 workers.
[PhysX] Initialized MultithreadedTaskDispatcher with 16 workers.
 -> (artifact id: '35fbbf5e3999073c4c048dd2c4d4a42d') in 0.012608 seconds
Number of updated asset objects reloaded before import = 0
Number of asset objects unloaded after import = 9
========================================================================
Received Import Request.
  Time since last request: 0.445287 seconds.
  path: Assets/TowerDefenseAssets/Map/Prefabs_props/Models/Tower_Base2_3.fbx
  artifactKey: Guid(92063618bb8c4fb48b13a749a5da6e26) Importer(815301076,1909f56bfc062723c751e8b465ee728b)
Start importing Assets/TowerDefenseAssets/Map/Prefabs_props/Models/Tower_Base2_3.fbx using Guid(92063618bb8c4fb48b13a749a5da6e26) Importer(815301076,1909f56bfc062723c751e8b465ee728b) [PhysX] Initialized MultithreadedTaskDispatcher with 16 workers.
[PhysX] Initialized MultithreadedTaskDispatcher with 16 workers.
[PhysX] Initialized MultithreadedTaskDispatcher with 16 workers.
 -> (artifact id: '4d14170712cb15c33571d9fa8ff7da00') in 0.012648 seconds
Number of updated asset objects reloaded before import = 0
Number of asset objects unloaded after import = 9
========================================================================
Received Import Request.
  Time since last request: 0.000022 seconds.
  path: Assets/TowerDefenseAssets/Map/Prefabs_props/Models/Tree_03.fbx
  artifactKey: Guid(396a634fdd8908a45aa9910d42024fb4) Importer(815301076,1909f56bfc062723c751e8b465ee728b)
Start importing Assets/TowerDefenseAssets/Map/Prefabs_props/Models/Tree_03.fbx using Guid(396a634fdd8908a45aa9910d42024fb4) Importer(815301076,1909f56bfc062723c751e8b465ee728b) [PhysX] Initialized MultithreadedTaskDispatcher with 16 workers.
[PhysX] Initialized MultithreadedTaskDispatcher with 16 workers.
[PhysX] Initialized MultithreadedTaskDispatcher with 16 workers.
 -> (artifact id: 'eed96afae697923d61ccbb94dc3cbff3') in 0.016314 seconds
Number of updated asset objects reloaded before import = 0
Number of asset objects unloaded after import = 11
========================================================================
Received Import Request.
  Time since last request: 0.000019 seconds.
  path: Assets/TowerDefenseAssets/Map/Prefabs_props/Models/Tree_01.fbx
  artifactKey: Guid(c5566ad0b4a143e45b26dc7d3dc5844b) Importer(815301076,1909f56bfc062723c751e8b465ee728b)
Start importing Assets/TowerDefenseAssets/Map/Prefabs_props/Models/Tree_01.fbx using Guid(c5566ad0b4a143e45b26dc7d3dc5844b) Importer(815301076,1909f56bfc062723c751e8b465ee728b) [PhysX] Initialized MultithreadedTaskDispatcher with 16 workers.
[PhysX] Initialized MultithreadedTaskDispatcher with 16 workers.
[PhysX] Initialized MultithreadedTaskDispatcher with 16 workers.
 -> (artifact id: '2be1657f37f4a50a3c8a35bbd490d3d8') in 0.016189 seconds
Number of updated asset objects reloaded before import = 0
Number of asset objects unloaded after import = 11
========================================================================
Received Import Request.
  Time since last request: 0.000026 seconds.
  path: Assets/TowerDefenseAssets/Map/Prefabs_props/Models/Tree_04.fbx
  artifactKey: Guid(8c2a3c08bfc9bc242bf9a68879b75c47) Importer(815301076,1909f56bfc062723c751e8b465ee728b)
Start importing Assets/TowerDefenseAssets/Map/Prefabs_props/Models/Tree_04.fbx using Guid(8c2a3c08bfc9bc242bf9a68879b75c47) Importer(815301076,1909f56bfc062723c751e8b465ee728b) [PhysX] Initialized MultithreadedTaskDispatcher with 16 workers.
[PhysX] Initialized MultithreadedTaskDispatcher with 16 workers.
[PhysX] Initialized MultithreadedTaskDispatcher with 16 workers.
 -> (artifact id: 'a73482f7736e65516ac3d9ffdfa95045') in 0.014512 seconds
Number of updated asset objects reloaded before import = 0
Number of asset objects unloaded after import = 11
========================================================================
Received Import Request.
  Time since last request: 0.000019 seconds.
  path: Assets/TowerDefenseAssets/Map/Prefabs_props/Models/Tree_07.fbx
  artifactKey: Guid(4a032bc7d6daf26428d572b0f0b4475e) Importer(815301076,1909f56bfc062723c751e8b465ee728b)
Start importing Assets/TowerDefenseAssets/Map/Prefabs_props/Models/Tree_07.fbx using Guid(4a032bc7d6daf26428d572b0f0b4475e) Importer(815301076,1909f56bfc062723c751e8b465ee728b) [PhysX] Initialized MultithreadedTaskDispatcher with 16 workers.
[PhysX] Initialized MultithreadedTaskDispatcher with 16 workers.
[PhysX] Initialized MultithreadedTaskDispatcher with 16 workers.
 -> (artifact id: 'e64b69bb019a6f0b4660d4ca502322b4') in 0.019420 seconds
Number of updated asset objects reloaded before import = 0
Number of asset objects unloaded after import = 11
========================================================================
Received Import Request.
  Time since last request: 0.000033 seconds.
  path: Assets/TowerDefenseAssets/Map/Prefabs_props/Models/Tree_Fall3.fbx
  artifactKey: Guid(873e0dd7fd3830b4f869466a203c1fc0) Importer(815301076,1909f56bfc062723c751e8b465ee728b)
Start importing Assets/TowerDefenseAssets/Map/Prefabs_props/Models/Tree_Fall3.fbx using Guid(873e0dd7fd3830b4f869466a203c1fc0) Importer(815301076,1909f56bfc062723c751e8b465ee728b) [PhysX] Initialized MultithreadedTaskDispatcher with 16 workers.
[PhysX] Initialized MultithreadedTaskDispatcher with 16 workers.
[PhysX] Initialized MultithreadedTaskDispatcher with 16 workers.
 -> (artifact id: 'fd6294db26221e1df7c863699253713d') in 0.017372 seconds
Number of updated asset objects reloaded before import = 0
Number of asset objects unloaded after import = 11
========================================================================
Received Import Request.
  Time since last request: 0.000025 seconds.
  path: Assets/TowerDefenseAssets/Map/Prefabs_props/Models/Tree_Fall2.fbx
  artifactKey: Guid(a1e7b9d41e2e59944a13a3a9b64c31bc) Importer(815301076,1909f56bfc062723c751e8b465ee728b)
Start importing Assets/TowerDefenseAssets/Map/Prefabs_props/Models/Tree_Fall2.fbx using Guid(a1e7b9d41e2e59944a13a3a9b64c31bc) Importer(815301076,1909f56bfc062723c751e8b465ee728b) [PhysX] Initialized MultithreadedTaskDispatcher with 16 workers.
[PhysX] Initialized MultithreadedTaskDispatcher with 16 workers.
[PhysX] Initialized MultithreadedTaskDispatcher with 16 workers.
 -> (artifact id: '2c0eebd074a681af60e6a9d7039e360e') in 0.016359 seconds
Number of updated asset objects reloaded before import = 0
Number of asset objects unloaded after import = 11
========================================================================
Received Import Request.
  Time since last request: 0.000022 seconds.
  path: Assets/TowerDefenseAssets/Map/Prefabs_props/Models/Tree_Pine_2.fbx
  artifactKey: Guid(1a5e1bf4c38f7684287ee5c17b0d503d) Importer(815301076,1909f56bfc062723c751e8b465ee728b)
Start importing Assets/TowerDefenseAssets/Map/Prefabs_props/Models/Tree_Pine_2.fbx using Guid(1a5e1bf4c38f7684287ee5c17b0d503d) Importer(815301076,1909f56bfc062723c751e8b465ee728b) [PhysX] Initialized MultithreadedTaskDispatcher with 16 workers.
[PhysX] Initialized MultithreadedTaskDispatcher with 16 workers.
[PhysX] Initialized MultithreadedTaskDispatcher with 16 workers.
 -> (artifact id: '639ab1316ba8a10e26891e292a96712b') in 0.021726 seconds
Number of updated asset objects reloaded before import = 0
Number of asset objects unloaded after import = 11
========================================================================
Received Import Request.
  Time since last request: 0.000029 seconds.
  path: Assets/TowerDefenseAssets/Map/Prefabs_props/Models/Tree_Dead2.fbx
  artifactKey: Guid(09282199d0b9c564ea6f6a47fa8d8dc7) Importer(815301076,1909f56bfc062723c751e8b465ee728b)
Start importing Assets/TowerDefenseAssets/Map/Prefabs_props/Models/Tree_Dead2.fbx using Guid(09282199d0b9c564ea6f6a47fa8d8dc7) Importer(815301076,1909f56bfc062723c751e8b465ee728b) [PhysX] Initialized MultithreadedTaskDispatcher with 16 workers.
[PhysX] Initialized MultithreadedTaskDispatcher with 16 workers.
[PhysX] Initialized MultithreadedTaskDispatcher with 16 workers.
 -> (artifact id: 'bffe23bfb6575db1cbfc05b9b2b12174') in 0.020732 seconds
Number of updated asset objects reloaded before import = 0
Number of asset objects unloaded after import = 11
========================================================================
Received Import Request.
  Time since last request: 0.000025 seconds.
  path: Assets/TowerDefenseAssets/Map/Prefabs_props/Models/Tree_09.fbx
  artifactKey: Guid(883627b52c2d79c4995af58551f92366) Importer(815301076,1909f56bfc062723c751e8b465ee728b)
Start importing Assets/TowerDefenseAssets/Map/Prefabs_props/Models/Tree_09.fbx using Guid(883627b52c2d79c4995af58551f92366) Importer(815301076,1909f56bfc062723c751e8b465ee728b) [PhysX] Initialized MultithreadedTaskDispatcher with 16 workers.
[PhysX] Initialized MultithreadedTaskDispatcher with 16 workers.
[PhysX] Initialized MultithreadedTaskDispatcher with 16 workers.
 -> (artifact id: '73f9ed90b49bd5760454faf895b4c712') in 0.017324 seconds
Number of updated asset objects reloaded before import = 0
Number of asset objects unloaded after import = 11
========================================================================
Received Import Request.
  Time since last request: 3.303156 seconds.
  path: Assets/TowerDefenseAssets/Map/Prefabs_props/Models/Tree_Pine_4.fbx
  artifactKey: Guid(48c671a9e8834084ba8776e3c61d4c59) Importer(815301076,1909f56bfc062723c751e8b465ee728b)
Start importing Assets/TowerDefenseAssets/Map/Prefabs_props/Models/Tree_Pine_4.fbx using Guid(48c671a9e8834084ba8776e3c61d4c59) Importer(815301076,1909f56bfc062723c751e8b465ee728b) [PhysX] Initialized MultithreadedTaskDispatcher with 16 workers.
[PhysX] Initialized MultithreadedTaskDispatcher with 16 workers.
[PhysX] Initialized MultithreadedTaskDispatcher with 16 workers.
 -> (artifact id: '0b5b982126db3f92ee5edeba7ee71980') in 0.017995 seconds
Number of updated asset objects reloaded before import = 0
Number of asset objects unloaded after import = 11
========================================================================
Received Import Request.
  Time since last request: 0.000024 seconds.
  path: Assets/TowerDefenseAssets/Map/Prefabs_props/Models/Tree_Small_01.fbx
  artifactKey: Guid(add7e9906077d2542a04ccea512f5448) Importer(815301076,1909f56bfc062723c751e8b465ee728b)
Start importing Assets/TowerDefenseAssets/Map/Prefabs_props/Models/Tree_Small_01.fbx using Guid(add7e9906077d2542a04ccea512f5448) Importer(815301076,1909f56bfc062723c751e8b465ee728b) [PhysX] Initialized MultithreadedTaskDispatcher with 16 workers.
[PhysX] Initialized MultithreadedTaskDispatcher with 16 workers.
[PhysX] Initialized MultithreadedTaskDispatcher with 16 workers.
 -> (artifact id: '88e82d41592b9198c59494c8678b0784') in 0.036538 seconds
Number of updated asset objects reloaded before import = 0
Number of asset objects unloaded after import = 11
========================================================================
Received Import Request.
  Time since last request: 0.000027 seconds.
  path: Assets/TowerDefenseAssets/Map/Prefabs_props/Models/Tree_Pine_5.fbx
  artifactKey: Guid(35604c898ec6e7e4aad5bb0229e8802f) Importer(815301076,1909f56bfc062723c751e8b465ee728b)
Start importing Assets/TowerDefenseAssets/Map/Prefabs_props/Models/Tree_Pine_5.fbx using Guid(35604c898ec6e7e4aad5bb0229e8802f) Importer(815301076,1909f56bfc062723c751e8b465ee728b) [PhysX] Initialized MultithreadedTaskDispatcher with 16 workers.
[PhysX] Initialized MultithreadedTaskDispatcher with 16 workers.
[PhysX] Initialized MultithreadedTaskDispatcher with 16 workers.
 -> (artifact id: '8e8e8f2d588405dccfc22f03820ca1f8') in 0.095846 seconds
Number of updated asset objects reloaded before import = 0
Number of asset objects unloaded after import = 11
========================================================================
Received Import Request.
  Time since last request: 0.000049 seconds.
  path: Assets/TowerDefenseAssets/Map/Prefabs_props/Models/Tree_Small_02.fbx
  artifactKey: Guid(8d5b8eaa12072ec4a84ca4da418e2b3c) Importer(815301076,1909f56bfc062723c751e8b465ee728b)
Start importing Assets/TowerDefenseAssets/Map/Prefabs_props/Models/Tree_Small_02.fbx using Guid(8d5b8eaa12072ec4a84ca4da418e2b3c) Importer(815301076,1909f56bfc062723c751e8b465ee728b) [PhysX] Initialized MultithreadedTaskDispatcher with 16 workers.
[PhysX] Initialized MultithreadedTaskDispatcher with 16 workers.
[PhysX] Initialized MultithreadedTaskDispatcher with 16 workers.
 -> (artifact id: 'f7f0d637154ce83539f719bd3f386144') in 0.049037 seconds
Number of updated asset objects reloaded before import = 0
Number of asset objects unloaded after import = 11
========================================================================
Received Import Request.
  Time since last request: 206.335567 seconds.
  path: Assets/TowerDefenseAssets/Map/Prefabs_props/Models/Trunk_01.fbx
  artifactKey: Guid(47b08fee89ac7eb4ba32acdbd479bc26) Importer(815301076,1909f56bfc062723c751e8b465ee728b)
Start importing Assets/TowerDefenseAssets/Map/Prefabs_props/Models/Trunk_01.fbx using Guid(47b08fee89ac7eb4ba32acdbd479bc26) Importer(815301076,1909f56bfc062723c751e8b465ee728b) [PhysX] Initialized MultithreadedTaskDispatcher with 16 workers.
[PhysX] Initialized MultithreadedTaskDispatcher with 16 workers.
[PhysX] Initialized MultithreadedTaskDispatcher with 16 workers.
 -> (artifact id: 'f417980c9ac27af6f30a2acb635c6471') in 0.017257 seconds
Number of updated asset objects reloaded before import = 0
Number of asset objects unloaded after import = 11
========================================================================
Received Import Request.
  Time since last request: 0.000021 seconds.
  path: Assets/TowerDefenseAssets/Map/Prefabs_props/Models/Trunk_02.fbx
  artifactKey: Guid(8d8db624cb5dcba43a83c38792792910) Importer(815301076,1909f56bfc062723c751e8b465ee728b)
Start importing Assets/TowerDefenseAssets/Map/Prefabs_props/Models/Trunk_02.fbx using Guid(8d8db624cb5dcba43a83c38792792910) Importer(815301076,1909f56bfc062723c751e8b465ee728b) [PhysX] Initialized MultithreadedTaskDispatcher with 16 workers.
[PhysX] Initialized MultithreadedTaskDispatcher with 16 workers.
[PhysX] Initialized MultithreadedTaskDispatcher with 16 workers.
 -> (artifact id: 'c34d8c00cc1cb2f82dcaad3186638bac') in 0.015415 seconds
Number of updated asset objects reloaded before import = 0
Number of asset objects unloaded after import = 11
========================================================================
Received Import Request.
  Time since last request: 0.000028 seconds.
  path: Assets/TowerDefenseAssets/Map/Prefabs_props/Models/Wagon_gate1.fbx
  artifactKey: Guid(b40add0ee5da69c4987d625cdf487fea) Importer(815301076,1909f56bfc062723c751e8b465ee728b)
Start importing Assets/TowerDefenseAssets/Map/Prefabs_props/Models/Wagon_gate1.fbx using Guid(b40add0ee5da69c4987d625cdf487fea) Importer(815301076,1909f56bfc062723c751e8b465ee728b) [PhysX] Initialized MultithreadedTaskDispatcher with 16 workers.
[PhysX] Initialized MultithreadedTaskDispatcher with 16 workers.
[PhysX] Initialized MultithreadedTaskDispatcher with 16 workers.
 -> (artifact id: 'da9079e7254c19e5d0e3a27027d64ba3') in 0.014714 seconds
Number of updated asset objects reloaded before import = 0
Number of asset objects unloaded after import = 9
========================================================================
Received Import Request.
  Time since last request: 0.000029 seconds.
  path: Assets/TowerDefenseAssets/Map/Prefabs_props/Models/Wagon_beam1.fbx
  artifactKey: Guid(43720a9d5ca9f9e45b45f84cd09bffa5) Importer(815301076,1909f56bfc062723c751e8b465ee728b)
Start importing Assets/TowerDefenseAssets/Map/Prefabs_props/Models/Wagon_beam1.fbx using Guid(43720a9d5ca9f9e45b45f84cd09bffa5) Importer(815301076,1909f56bfc062723c751e8b465ee728b) [PhysX] Initialized MultithreadedTaskDispatcher with 16 workers.
[PhysX] Initialized MultithreadedTaskDispatcher with 16 workers.
[PhysX] Initialized MultithreadedTaskDispatcher with 16 workers.
 -> (artifact id: '1702b76ec7a7d5e4066a125cb6b7f7dd') in 0.013132 seconds
Number of updated asset objects reloaded before import = 0
Number of asset objects unloaded after import = 9
========================================================================
Received Import Request.
  Time since last request: 50.105663 seconds.
  path: Assets/TowerDefenseAssets/Map/Prefabs_props/Models/Wagon_tracks2.fbx
  artifactKey: Guid(9d0638cb189e98b4a90dfe5a86c4497e) Importer(815301076,1909f56bfc062723c751e8b465ee728b)
Start importing Assets/TowerDefenseAssets/Map/Prefabs_props/Models/Wagon_tracks2.fbx using Guid(9d0638cb189e98b4a90dfe5a86c4497e) Importer(815301076,1909f56bfc062723c751e8b465ee728b) [PhysX] Initialized MultithreadedTaskDispatcher with 16 workers.
[PhysX] Initialized MultithreadedTaskDispatcher with 16 workers.
[PhysX] Initialized MultithreadedTaskDispatcher with 16 workers.
 -> (artifact id: '85492330276630f34b4c42087b2babbd') in 0.013248 seconds
Number of updated asset objects reloaded before import = 0
Number of asset objects unloaded after import = 9
========================================================================
Received Import Request.
  Time since last request: 0.000019 seconds.
  path: Assets/TowerDefenseAssets/Map/Prefabs_props/Models/Wagon_wagon.fbx
  artifactKey: Guid(6031d5e3f1696e04a93e74669d7aae0a) Importer(815301076,1909f56bfc062723c751e8b465ee728b)
Start importing Assets/TowerDefenseAssets/Map/Prefabs_props/Models/Wagon_wagon.fbx using Guid(6031d5e3f1696e04a93e74669d7aae0a) Importer(815301076,1909f56bfc062723c751e8b465ee728b) [PhysX] Initialized MultithreadedTaskDispatcher with 16 workers.
[PhysX] Initialized MultithreadedTaskDispatcher with 16 workers.
[PhysX] Initialized MultithreadedTaskDispatcher with 16 workers.
 -> (artifact id: '947645624a43aac3b9298eb27e935412') in 0.014157 seconds
Number of updated asset objects reloaded before import = 0
Number of asset objects unloaded after import = 9
========================================================================
Received Import Request.
  Time since last request: 0.000022 seconds.
  path: Assets/TowerDefenseAssets/Map/Prefabs_props/Models/Wall_Stone_el2.fbx
  artifactKey: Guid(92c48e37604657947a2418f82ee610eb) Importer(815301076,1909f56bfc062723c751e8b465ee728b)
Start importing Assets/TowerDefenseAssets/Map/Prefabs_props/Models/Wall_Stone_el2.fbx using Guid(92c48e37604657947a2418f82ee610eb) Importer(815301076,1909f56bfc062723c751e8b465ee728b) [PhysX] Initialized MultithreadedTaskDispatcher with 16 workers.
[PhysX] Initialized MultithreadedTaskDispatcher with 16 workers.
[PhysX] Initialized MultithreadedTaskDispatcher with 16 workers.
 -> (artifact id: '2917ca66a1230440932f928cfaefb272') in 0.015612 seconds
Number of updated asset objects reloaded before import = 0
Number of asset objects unloaded after import = 9
========================================================================
Received Import Request.
  Time since last request: 0.037767 seconds.
  path: Assets/TowerDefenseAssets/Map/Prefabs_props/Models/Wall_wood_el2.fbx
  artifactKey: Guid(616dd34fe65b3c34cb2800ac1fdc796c) Importer(815301076,1909f56bfc062723c751e8b465ee728b)
Start importing Assets/TowerDefenseAssets/Map/Prefabs_props/Models/Wall_wood_el2.fbx using Guid(616dd34fe65b3c34cb2800ac1fdc796c) Importer(815301076,1909f56bfc062723c751e8b465ee728b) [PhysX] Initialized MultithreadedTaskDispatcher with 16 workers.
[PhysX] Initialized MultithreadedTaskDispatcher with 16 workers.
[PhysX] Initialized MultithreadedTaskDispatcher with 16 workers.
 -> (artifact id: '0afb873127c53e21f67da631dfba9047') in 0.014382 seconds
Number of updated asset objects reloaded before import = 0
Number of asset objects unloaded after import = 9
========================================================================
Received Import Request.
  Time since last request: 0.000018 seconds.
  path: Assets/TowerDefenseAssets/Map/Prefabs_props/Models/Wall_wood_el3.fbx
  artifactKey: Guid(8558bd7dcd5969f418a949e8997ce5f5) Importer(815301076,1909f56bfc062723c751e8b465ee728b)
Start importing Assets/TowerDefenseAssets/Map/Prefabs_props/Models/Wall_wood_el3.fbx using Guid(8558bd7dcd5969f418a949e8997ce5f5) Importer(815301076,1909f56bfc062723c751e8b465ee728b) [PhysX] Initialized MultithreadedTaskDispatcher with 16 workers.
[PhysX] Initialized MultithreadedTaskDispatcher with 16 workers.
[PhysX] Initialized MultithreadedTaskDispatcher with 16 workers.
 -> (artifact id: 'c926e46d3bf0763ce0351a17550ac55a') in 0.012696 seconds
Number of updated asset objects reloaded before import = 0
Number of asset objects unloaded after import = 9
========================================================================
Received Prepare
Caller must complete domain reload
Begin MonoManager ReloadAssembly
- Loaded All Assemblies, in  0.649 seconds
Native extension for WindowsStandalone target not found
Native extension for Android target not found
Native extension for WebGL target not found
Mono: successfully reloaded assembly
- Finished resetting the current domain, in  1.942 seconds
Domain Reload Profiling: 2587ms
	BeginReloadAssembly (233ms)
		ExecutionOrderSort (0ms)
		DisableScriptedObjects (9ms)
		BackupInstance (0ms)
		ReleaseScriptingObjects (0ms)
		CreateAndSetChildDomain (83ms)
	RebuildCommonClasses (28ms)
	RebuildNativeTypeToScriptingClass (8ms)
	initialDomainReloadingComplete (33ms)
	LoadAllAssembliesAndSetupDomain (343ms)
		LoadAssemblies (428ms)
		RebuildTransferFunctionScriptingTraits (0ms)
		AnalyzeDomain (15ms)
			TypeCache.Refresh (7ms)
				TypeCache.ScanAssembly (0ms)
			ScanForSourceGeneratedMonoScriptInfo (0ms)
			ResolveRequiredComponents (6ms)
	FinalizeReload (1942ms)
		ReleaseScriptCaches (0ms)
		RebuildScriptCaches (0ms)
		SetupLoadedEditorAssemblies (551ms)
			LogAssemblyErrors (0ms)
			InitializePlatformSupportModulesInManaged (26ms)
			SetLoadedEditorAssemblies (6ms)
			RefreshPlugins (0ms)
			BeforeProcessingInitializeOnLoad (74ms)
			ProcessInitializeOnLoadAttributes (410ms)
			ProcessInitializeOnLoadMethodAttributes (24ms)
			AfterProcessingInitializeOnLoad (10ms)
			EditorAssembliesLoaded (0ms)
		ExecutionOrderSort2 (0ms)
		AwakeInstancesAfterBackupRestoration (8ms)
Refreshing native plugins compatible for Editor in 4.99 ms, found 3 plugins.
Preloading 0 native plugins for Editor in 0.00 ms.
Unloading 3315 Unused Serialized files (Serialized files now loaded: 0)
Unloading 15 unused Assets / (99.8 KB). Loaded Objects now: 3897.
Memory consumption went from 148.0 MB to 147.9 MB.
Total: 4.903400 ms (FindLiveObjects: 0.330600 ms CreateObjectMapping: 0.240900 ms MarkObjects: 4.246100 ms  DeleteObjects: 0.084400 ms)

Prepare: number of updated asset objects reloaded= 0
AssetImportParameters requested are different than current active one (requested -> active):
  custom:container-demuxer-ogg: 62fdf1f143b41e24485cea50d1cbac27 -> 
  custom:video-codec-MediaFoundation-h265: 746d11721c4dcdbdad8f713fa42b33f4 -> 
  custom:video-decoder-ogg-theora: a1e56fd34408186e4bbccfd4996cb3dc -> 
  custom:framework-win-MediaFoundation: 216162199b28c13a410421893ffa2e32 -> 
  custom:CustomObjectIndexerAttribute: 9a22284fe3817be447336de3de66b15e -> 
  custom:container-demuxer-webm: 4f35f7cbe854078d1ac9338744f61a02 -> 
  custom:container-muxer-webm: aa71ff27fc2769a1b78a27578f13a17b -> 
  custom:video-decoder-webm-vp8: 9c59270c3fd7afecdb556c50c9e8de78 -> 
  custom:SearchIndexIgnoredProperties: e643bd26f0fe6173181afceb89e7c659 -> 
  custom:AudioImporter_EditorPlatform: d09bf68614088b80899f8185d706f6e7 -> 
  custom:video-encoder-webm-vp8: eb34c28f22e8b96e1ab97ce403110664 -> 
  custom:audio-decoder-ogg-vorbis: bf7c407c2cedff20999df2af8eb42d56 -> 
  custom:audio-encoder-webm-vorbis: bf7c407c2cedff20999df2af8eb42d56 -> 
========================================================================
Received Import Request.
  Time since last request: 1945.130756 seconds.
  path: Assets/TowerDefenseAssets/Map/Prefabs_props/Textures/tent_stump_glow.tif
  artifactKey: Guid(7922e23ba7c6e8b4199648c6a7c1c2b6) Importer(815301076,1909f56bfc062723c751e8b465ee728b)
Start importing Assets/TowerDefenseAssets/Map/Prefabs_props/Textures/tent_stump_glow.tif using Guid(7922e23ba7c6e8b4199648c6a7c1c2b6) Importer(815301076,1909f56bfc062723c751e8b465ee728b) [PhysX] Initialized MultithreadedTaskDispatcher with 16 workers.
[PhysX] Initialized MultithreadedTaskDispatcher with 16 workers.
 -> (artifact id: '56126118848d1a9a7188faa99de47955') in 0.060952 seconds
Number of updated asset objects reloaded before import = 0
Number of asset objects unloaded after import = 2
========================================================================
Received Import Request.
  Time since last request: 0.000028 seconds.
  path: Assets/TowerDefenseAssets/Map/Prefabs_props/Textures/Wall_wood.tif
  artifactKey: Guid(3d3eeffa3da0d4848a36610922037167) Importer(815301076,1909f56bfc062723c751e8b465ee728b)
Start importing Assets/TowerDefenseAssets/Map/Prefabs_props/Textures/Wall_wood.tif using Guid(3d3eeffa3da0d4848a36610922037167) Importer(815301076,1909f56bfc062723c751e8b465ee728b) [PhysX] Initialized MultithreadedTaskDispatcher with 16 workers.
[PhysX] Initialized MultithreadedTaskDispatcher with 16 workers.
 -> (artifact id: 'ea302f100d830f56256c6c7e56780649') in 0.021581 seconds
Number of updated asset objects reloaded before import = 0
Number of asset objects unloaded after import = 2
========================================================================
Received Import Request.
  Time since last request: 0.000023 seconds.
  path: Assets/TowerDefenseAssets/Map/Prefabs_props/Textures/tower_base1.tif
  artifactKey: Guid(3014f6efabffe9a48a857f14bda7d700) Importer(815301076,1909f56bfc062723c751e8b465ee728b)
Start importing Assets/TowerDefenseAssets/Map/Prefabs_props/Textures/tower_base1.tif using Guid(3014f6efabffe9a48a857f14bda7d700) Importer(815301076,1909f56bfc062723c751e8b465ee728b) [PhysX] Initialized MultithreadedTaskDispatcher with 16 workers.
[PhysX] Initialized MultithreadedTaskDispatcher with 16 workers.
 -> (artifact id: 'ac64359ef2943b5092e8237c210f02d5') in 0.027787 seconds
Number of updated asset objects reloaded before import = 0
Number of asset objects unloaded after import = 2
========================================================================
Received Import Request.
  Time since last request: 0.000019 seconds.
  path: Assets/TowerDefenseAssets/Map/Prefabs_props/Textures/Wall_stone.tif
  artifactKey: Guid(632e600c97770034eba208eb0ed86c37) Importer(815301076,1909f56bfc062723c751e8b465ee728b)
Start importing Assets/TowerDefenseAssets/Map/Prefabs_props/Textures/Wall_stone.tif using Guid(632e600c97770034eba208eb0ed86c37) Importer(815301076,1909f56bfc062723c751e8b465ee728b) [PhysX] Initialized MultithreadedTaskDispatcher with 16 workers.
[PhysX] Initialized MultithreadedTaskDispatcher with 16 workers.
 -> (artifact id: 'ce73ccf113f8a6f4772570aa165e8000') in 0.019341 seconds
Number of updated asset objects reloaded before import = 0
Number of asset objects unloaded after import = 2
========================================================================
Received Import Request.
  Time since last request: 0.000057 seconds.
  path: Assets/TowerDefenseAssets/Map/Prefabs_props/Textures/Wall_stone_winter.tif
  artifactKey: Guid(08b8c5cde9a2c9e47a1d6e554e908f66) Importer(815301076,1909f56bfc062723c751e8b465ee728b)
Start importing Assets/TowerDefenseAssets/Map/Prefabs_props/Textures/Wall_stone_winter.tif using Guid(08b8c5cde9a2c9e47a1d6e554e908f66) Importer(815301076,1909f56bfc062723c751e8b465ee728b) [PhysX] Initialized MultithreadedTaskDispatcher with 16 workers.
[PhysX] Initialized MultithreadedTaskDispatcher with 16 workers.
 -> (artifact id: 'a2275b8dbd6b0aac25cbb72fce547040') in 0.021720 seconds
Number of updated asset objects reloaded before import = 0
Number of asset objects unloaded after import = 2
========================================================================
Received Import Request.
  Time since last request: 0.000026 seconds.
  path: Assets/TowerDefenseAssets/Map/Prefabs_props/Textures/Wall_sf.tif
  artifactKey: Guid(bced16ba0db23df459578fc478b78048) Importer(815301076,1909f56bfc062723c751e8b465ee728b)
Start importing Assets/TowerDefenseAssets/Map/Prefabs_props/Textures/Wall_sf.tif using Guid(bced16ba0db23df459578fc478b78048) Importer(815301076,1909f56bfc062723c751e8b465ee728b) [PhysX] Initialized MultithreadedTaskDispatcher with 16 workers.
[PhysX] Initialized MultithreadedTaskDispatcher with 16 workers.
 -> (artifact id: '34cd537c0eee0c50f7f4e68e839a8406') in 0.026093 seconds
Number of updated asset objects reloaded before import = 0
Number of asset objects unloaded after import = 2
========================================================================
Received Import Request.
  Time since last request: 0.000022 seconds.
  path: Assets/TowerDefenseAssets/Map/Prefabs_props/Textures/tower_base2_winter.tif
  artifactKey: Guid(de0475bd93080d24691d5aa3f9fd8dac) Importer(815301076,1909f56bfc062723c751e8b465ee728b)
Start importing Assets/TowerDefenseAssets/Map/Prefabs_props/Textures/tower_base2_winter.tif using Guid(de0475bd93080d24691d5aa3f9fd8dac) Importer(815301076,1909f56bfc062723c751e8b465ee728b) [PhysX] Initialized MultithreadedTaskDispatcher with 16 workers.
[PhysX] Initialized MultithreadedTaskDispatcher with 16 workers.
 -> (artifact id: '2ae6d40d8f6adfc45d777e68207f0807') in 0.019510 seconds
Number of updated asset objects reloaded before import = 0
Number of asset objects unloaded after import = 2
========================================================================
Received Import Request.
  Time since last request: 12.638075 seconds.
  path: Assets/TowerDefenseAssets/Map/Prefabs_props/Textures/props1.tif
  artifactKey: Guid(ae92f87d687e5744b9d0e287f361a2c6) Importer(815301076,1909f56bfc062723c751e8b465ee728b)
Start importing Assets/TowerDefenseAssets/Map/Prefabs_props/Textures/props1.tif using Guid(ae92f87d687e5744b9d0e287f361a2c6) Importer(815301076,1909f56bfc062723c751e8b465ee728b) [PhysX] Initialized MultithreadedTaskDispatcher with 16 workers.
[PhysX] Initialized MultithreadedTaskDispatcher with 16 workers.
 -> (artifact id: 'a0fc4e1258fe20a7e5bdd154451f3810') in 0.008071 seconds
Number of updated asset objects reloaded before import = 0
Number of asset objects unloaded after import = 2
========================================================================
Received Import Request.
  Time since last request: 0.000062 seconds.
  path: Assets/TowerDefenseAssets/Map/Prefabs_props/Textures/Stone_elements_Winter.tif
  artifactKey: Guid(c50862f8fff6bfe48b02ee4cc6e83314) Importer(815301076,1909f56bfc062723c751e8b465ee728b)
Start importing Assets/TowerDefenseAssets/Map/Prefabs_props/Textures/Stone_elements_Winter.tif using Guid(c50862f8fff6bfe48b02ee4cc6e83314) Importer(815301076,1909f56bfc062723c751e8b465ee728b) [PhysX] Initialized MultithreadedTaskDispatcher with 16 workers.
[PhysX] Initialized MultithreadedTaskDispatcher with 16 workers.
 -> (artifact id: '5435430d1552079b80792f36cb736180') in 0.010883 seconds
Number of updated asset objects reloaded before import = 0
Number of asset objects unloaded after import = 2
========================================================================
Received Import Request.
  Time since last request: 0.000067 seconds.
  path: Assets/TowerDefenseAssets/Map/Prefabs_props/Textures/Stone_elements.tif
  artifactKey: Guid(67667231af9a1094a9c59f3640a3ccdc) Importer(815301076,1909f56bfc062723c751e8b465ee728b)
Start importing Assets/TowerDefenseAssets/Map/Prefabs_props/Textures/Stone_elements.tif using Guid(67667231af9a1094a9c59f3640a3ccdc) Importer(815301076,1909f56bfc062723c751e8b465ee728b) [PhysX] Initialized MultithreadedTaskDispatcher with 16 workers.
[PhysX] Initialized MultithreadedTaskDispatcher with 16 workers.
 -> (artifact id: '990e177b24b2c1655fefb918f19b3c95') in 0.019802 seconds
Number of updated asset objects reloaded before import = 0
Number of asset objects unloaded after import = 2
========================================================================
Received Import Request.
  Time since last request: 0.000025 seconds.
  path: Assets/TowerDefenseAssets/Map/Prefabs_props/Textures/Runes.tif
  artifactKey: Guid(391b2b4cdfadf5441bbdeab3ede9a805) Importer(815301076,1909f56bfc062723c751e8b465ee728b)
Start importing Assets/TowerDefenseAssets/Map/Prefabs_props/Textures/Runes.tif using Guid(391b2b4cdfadf5441bbdeab3ede9a805) Importer(815301076,1909f56bfc062723c751e8b465ee728b) [PhysX] Initialized MultithreadedTaskDispatcher with 16 workers.
[PhysX] Initialized MultithreadedTaskDispatcher with 16 workers.
 -> (artifact id: '6cb2d2198ae62c5c8fd7e7b5751dc746') in 0.008438 seconds
Number of updated asset objects reloaded before import = 0
Number of asset objects unloaded after import = 2
========================================================================
Received Import Request.
  Time since last request: 4.392340 seconds.
  path: Assets/TowerDefenseAssets/Map/Prefabs_props/Textures/banner_winter.tif
  artifactKey: Guid(e359b79ed59d35a4abd089f14cca0054) Importer(815301076,1909f56bfc062723c751e8b465ee728b)
Start importing Assets/TowerDefenseAssets/Map/Prefabs_props/Textures/banner_winter.tif using Guid(e359b79ed59d35a4abd089f14cca0054) Importer(815301076,1909f56bfc062723c751e8b465ee728b) [PhysX] Initialized MultithreadedTaskDispatcher with 16 workers.
[PhysX] Initialized MultithreadedTaskDispatcher with 16 workers.
 -> (artifact id: '08336ff2762d302304961b0c5a72c9a3') in 0.013210 seconds
Number of updated asset objects reloaded before import = 0
Number of asset objects unloaded after import = 2
========================================================================
Received Import Request.
  Time since last request: 0.000024 seconds.
  path: Assets/TowerDefenseAssets/Map/Prefabs_props/Textures/Lantern.tif
  artifactKey: Guid(4a0b7887fbbf88f43bc3e50f9f25a289) Importer(815301076,1909f56bfc062723c751e8b465ee728b)
Start importing Assets/TowerDefenseAssets/Map/Prefabs_props/Textures/Lantern.tif using Guid(4a0b7887fbbf88f43bc3e50f9f25a289) Importer(815301076,1909f56bfc062723c751e8b465ee728b) [PhysX] Initialized MultithreadedTaskDispatcher with 16 workers.
[PhysX] Initialized MultithreadedTaskDispatcher with 16 workers.
 -> (artifact id: 'cba78bd4a5cfeec7239338b9f2a328b7') in 0.020146 seconds
Number of updated asset objects reloaded before import = 0
Number of asset objects unloaded after import = 2
========================================================================
Received Import Request.
  Time since last request: 0.000055 seconds.
  path: Assets/TowerDefenseAssets/Map/Prefabs_props/Textures/Ground_decals_winter.tif
  artifactKey: Guid(a28827ddc05eda844a4bf467970da3e4) Importer(815301076,1909f56bfc062723c751e8b465ee728b)
Start importing Assets/TowerDefenseAssets/Map/Prefabs_props/Textures/Ground_decals_winter.tif using Guid(a28827ddc05eda844a4bf467970da3e4) Importer(815301076,1909f56bfc062723c751e8b465ee728b) [PhysX] Initialized MultithreadedTaskDispatcher with 16 workers.
[PhysX] Initialized MultithreadedTaskDispatcher with 16 workers.
 -> (artifact id: '42f696d17a02493d210fbc7b80dbcb06') in 0.008606 seconds
Number of updated asset objects reloaded before import = 0
Number of asset objects unloaded after import = 2
========================================================================
Received Import Request.
  Time since last request: 0.000021 seconds.
  path: Assets/TowerDefenseAssets/Map/Prefabs_props/Textures/Crystal1.tif
  artifactKey: Guid(82d88a91283001544ad0c703c87fe9af) Importer(815301076,1909f56bfc062723c751e8b465ee728b)
Start importing Assets/TowerDefenseAssets/Map/Prefabs_props/Textures/Crystal1.tif using Guid(82d88a91283001544ad0c703c87fe9af) Importer(815301076,1909f56bfc062723c751e8b465ee728b) [PhysX] Initialized MultithreadedTaskDispatcher with 16 workers.
[PhysX] Initialized MultithreadedTaskDispatcher with 16 workers.
 -> (artifact id: 'c77fb0df4c7250fee4ba154941508adc') in 0.007498 seconds
Number of updated asset objects reloaded before import = 0
Number of asset objects unloaded after import = 2
========================================================================
Received Prepare
Caller must complete domain reload
Begin MonoManager ReloadAssembly
- Loaded All Assemblies, in  0.499 seconds
Native extension for WindowsStandalone target not found
Native extension for Android target not found
Native extension for WebGL target not found
Mono: successfully reloaded assembly
- Finished resetting the current domain, in  0.967 seconds
Domain Reload Profiling: 1463ms
	BeginReloadAssembly (164ms)
		ExecutionOrderSort (0ms)
		DisableScriptedObjects (4ms)
		BackupInstance (0ms)
		ReleaseScriptingObjects (0ms)
		CreateAndSetChildDomain (34ms)
	RebuildCommonClasses (30ms)
	RebuildNativeTypeToScriptingClass (9ms)
	initialDomainReloadingComplete (30ms)
	LoadAllAssembliesAndSetupDomain (262ms)
		LoadAssemblies (343ms)
		RebuildTransferFunctionScriptingTraits (0ms)
		AnalyzeDomain (13ms)
			TypeCache.Refresh (6ms)
				TypeCache.ScanAssembly (0ms)
			ScanForSourceGeneratedMonoScriptInfo (0ms)
			ResolveRequiredComponents (5ms)
	FinalizeReload (968ms)
		ReleaseScriptCaches (0ms)
		RebuildScriptCaches (0ms)
		SetupLoadedEditorAssemblies (428ms)
			LogAssemblyErrors (0ms)
			InitializePlatformSupportModulesInManaged (19ms)
			SetLoadedEditorAssemblies (4ms)
			RefreshPlugins (0ms)
			BeforeProcessingInitializeOnLoad (62ms)
			ProcessInitializeOnLoadAttributes (318ms)
			ProcessInitializeOnLoadMethodAttributes (18ms)
			AfterProcessingInitializeOnLoad (8ms)
			EditorAssembliesLoaded (0ms)
		ExecutionOrderSort2 (0ms)
		AwakeInstancesAfterBackupRestoration (7ms)
Refreshing native plugins compatible for Editor in 5.52 ms, found 3 plugins.
Preloading 0 native plugins for Editor in 0.00 ms.
Unloading 3315 Unused Serialized files (Serialized files now loaded: 0)
Unloading 15 unused Assets / (99.8 KB). Loaded Objects now: 3912.
Memory consumption went from 148.0 MB to 147.9 MB.
Total: 3.521900 ms (FindLiveObjects: 0.285000 ms CreateObjectMapping: 0.215100 ms MarkObjects: 2.943400 ms  DeleteObjects: 0.077300 ms)

Prepare: number of updated asset objects reloaded= 0
AssetImportParameters requested are different than current active one (requested -> active):
  custom:container-demuxer-ogg: 62fdf1f143b41e24485cea50d1cbac27 -> 
  custom:video-codec-MediaFoundation-h265: 746d11721c4dcdbdad8f713fa42b33f4 -> 
  custom:video-decoder-ogg-theora: a1e56fd34408186e4bbccfd4996cb3dc -> 
  custom:framework-win-MediaFoundation: 216162199b28c13a410421893ffa2e32 -> 
  custom:CustomObjectIndexerAttribute: 9a22284fe3817be447336de3de66b15e -> 
  custom:container-demuxer-webm: 4f35f7cbe854078d1ac9338744f61a02 -> 
  custom:container-muxer-webm: aa71ff27fc2769a1b78a27578f13a17b -> 
  custom:video-decoder-webm-vp8: 9c59270c3fd7afecdb556c50c9e8de78 -> 
  custom:SearchIndexIgnoredProperties: e643bd26f0fe6173181afceb89e7c659 -> 
  custom:AudioImporter_EditorPlatform: d09bf68614088b80899f8185d706f6e7 -> 
  custom:video-encoder-webm-vp8: eb34c28f22e8b96e1ab97ce403110664 -> 
  custom:audio-decoder-ogg-vorbis: bf7c407c2cedff20999df2af8eb42d56 -> 
  custom:audio-encoder-webm-vorbis: bf7c407c2cedff20999df2af8eb42d56 -> 
========================================================================
Received Prepare
Caller must complete domain reload
Begin MonoManager ReloadAssembly
- Loaded All Assemblies, in  0.464 seconds
Native extension for WindowsStandalone target not found
Native extension for Android target not found
Native extension for WebGL target not found
Mono: successfully reloaded assembly
- Finished resetting the current domain, in  0.976 seconds
Domain Reload Profiling: 1436ms
	BeginReloadAssembly (147ms)
		ExecutionOrderSort (0ms)
		DisableScriptedObjects (4ms)
		BackupInstance (0ms)
		ReleaseScriptingObjects (0ms)
		CreateAndSetChildDomain (33ms)
	RebuildCommonClasses (27ms)
	RebuildNativeTypeToScriptingClass (8ms)
	initialDomainReloadingComplete (29ms)
	LoadAllAssembliesAndSetupDomain (250ms)
		LoadAssemblies (315ms)
		RebuildTransferFunctionScriptingTraits (0ms)
		AnalyzeDomain (14ms)
			TypeCache.Refresh (7ms)
				TypeCache.ScanAssembly (0ms)
			ScanForSourceGeneratedMonoScriptInfo (0ms)
			ResolveRequiredComponents (6ms)
	FinalizeReload (976ms)
		ReleaseScriptCaches (0ms)
		RebuildScriptCaches (0ms)
		SetupLoadedEditorAssemblies (424ms)
			LogAssemblyErrors (0ms)
			InitializePlatformSupportModulesInManaged (19ms)
			SetLoadedEditorAssemblies (4ms)
			RefreshPlugins (0ms)
			BeforeProcessingInitializeOnLoad (64ms)
			ProcessInitializeOnLoadAttributes (312ms)
			ProcessInitializeOnLoadMethodAttributes (17ms)
			AfterProcessingInitializeOnLoad (8ms)
			EditorAssembliesLoaded (0ms)
		ExecutionOrderSort2 (0ms)
		AwakeInstancesAfterBackupRestoration (7ms)
Refreshing native plugins compatible for Editor in 5.90 ms, found 3 plugins.
Preloading 0 native plugins for Editor in 0.00 ms.
Unloading 3316 Unused Serialized files (Serialized files now loaded: 0)
Unloading 15 unused Assets / (99.8 KB). Loaded Objects now: 3927.
Memory consumption went from 148.3 MB to 148.2 MB.
Total: 3.931700 ms (FindLiveObjects: 0.316800 ms CreateObjectMapping: 0.224700 ms MarkObjects: 3.292100 ms  DeleteObjects: 0.096700 ms)

Prepare: number of updated asset objects reloaded= 0
AssetImportParameters requested are different than current active one (requested -> active):
  custom:container-demuxer-ogg: 62fdf1f143b41e24485cea50d1cbac27 -> 
  custom:video-codec-MediaFoundation-h265: 746d11721c4dcdbdad8f713fa42b33f4 -> 
  custom:video-decoder-ogg-theora: a1e56fd34408186e4bbccfd4996cb3dc -> 
  custom:framework-win-MediaFoundation: 216162199b28c13a410421893ffa2e32 -> 
  custom:CustomObjectIndexerAttribute: 9a22284fe3817be447336de3de66b15e -> 
  custom:container-demuxer-webm: 4f35f7cbe854078d1ac9338744f61a02 -> 
  custom:container-muxer-webm: aa71ff27fc2769a1b78a27578f13a17b -> 
  custom:video-decoder-webm-vp8: 9c59270c3fd7afecdb556c50c9e8de78 -> 
  custom:SearchIndexIgnoredProperties: e643bd26f0fe6173181afceb89e7c659 -> 
  custom:AudioImporter_EditorPlatform: d09bf68614088b80899f8185d706f6e7 -> 
  custom:video-encoder-webm-vp8: eb34c28f22e8b96e1ab97ce403110664 -> 
  custom:audio-decoder-ogg-vorbis: bf7c407c2cedff20999df2af8eb42d56 -> 
  custom:audio-encoder-webm-vorbis: bf7c407c2cedff20999df2af8eb42d56 -> 
========================================================================
Received Prepare
Caller must complete domain reload
Begin MonoManager ReloadAssembly
- Loaded All Assemblies, in  0.462 seconds
Native extension for WindowsStandalone target not found
Native extension for Android target not found
Native extension for WebGL target not found
Mono: successfully reloaded assembly
- Finished resetting the current domain, in  0.992 seconds
Domain Reload Profiling: 1450ms
	BeginReloadAssembly (148ms)
		ExecutionOrderSort (0ms)
		DisableScriptedObjects (4ms)
		BackupInstance (0ms)
		ReleaseScriptingObjects (0ms)
		CreateAndSetChildDomain (35ms)
	RebuildCommonClasses (27ms)
	RebuildNativeTypeToScriptingClass (8ms)
	initialDomainReloadingComplete (29ms)
	LoadAllAssembliesAndSetupDomain (246ms)
		LoadAssemblies (313ms)
		RebuildTransferFunctionScriptingTraits (0ms)
		AnalyzeDomain (13ms)
			TypeCache.Refresh (6ms)
				TypeCache.ScanAssembly (0ms)
			ScanForSourceGeneratedMonoScriptInfo (0ms)
			ResolveRequiredComponents (5ms)
	FinalizeReload (992ms)
		ReleaseScriptCaches (0ms)
		RebuildScriptCaches (0ms)
		SetupLoadedEditorAssemblies (429ms)
			LogAssemblyErrors (0ms)
			InitializePlatformSupportModulesInManaged (19ms)
			SetLoadedEditorAssemblies (4ms)
			RefreshPlugins (0ms)
			BeforeProcessingInitializeOnLoad (62ms)
			ProcessInitializeOnLoadAttributes (318ms)
			ProcessInitializeOnLoadMethodAttributes (17ms)
			AfterProcessingInitializeOnLoad (8ms)
			EditorAssembliesLoaded (0ms)
		ExecutionOrderSort2 (0ms)
		AwakeInstancesAfterBackupRestoration (7ms)
Refreshing native plugins compatible for Editor in 4.53 ms, found 3 plugins.
Preloading 0 native plugins for Editor in 0.00 ms.
Unloading 3316 Unused Serialized files (Serialized files now loaded: 0)
Unloading 15 unused Assets / (99.8 KB). Loaded Objects now: 3942.
Memory consumption went from 148.3 MB to 148.2 MB.
Total: 4.017700 ms (FindLiveObjects: 0.494300 ms CreateObjectMapping: 0.136800 ms MarkObjects: 3.297600 ms  DeleteObjects: 0.087100 ms)

Prepare: number of updated asset objects reloaded= 0
AssetImportParameters requested are different than current active one (requested -> active):
  custom:container-demuxer-ogg: 62fdf1f143b41e24485cea50d1cbac27 -> 
  custom:video-codec-MediaFoundation-h265: 746d11721c4dcdbdad8f713fa42b33f4 -> 
  custom:video-decoder-ogg-theora: a1e56fd34408186e4bbccfd4996cb3dc -> 
  custom:framework-win-MediaFoundation: 216162199b28c13a410421893ffa2e32 -> 
  custom:CustomObjectIndexerAttribute: 9a22284fe3817be447336de3de66b15e -> 
  custom:container-demuxer-webm: 4f35f7cbe854078d1ac9338744f61a02 -> 
  custom:container-muxer-webm: aa71ff27fc2769a1b78a27578f13a17b -> 
  custom:video-decoder-webm-vp8: 9c59270c3fd7afecdb556c50c9e8de78 -> 
  custom:SearchIndexIgnoredProperties: e643bd26f0fe6173181afceb89e7c659 -> 
  custom:AudioImporter_EditorPlatform: d09bf68614088b80899f8185d706f6e7 -> 
  custom:video-encoder-webm-vp8: eb34c28f22e8b96e1ab97ce403110664 -> 
  custom:audio-decoder-ogg-vorbis: bf7c407c2cedff20999df2af8eb42d56 -> 
  custom:audio-encoder-webm-vorbis: bf7c407c2cedff20999df2af8eb42d56 -> 
========================================================================
Received Prepare
Caller must complete domain reload
Begin MonoManager ReloadAssembly
- Loaded All Assemblies, in  0.478 seconds
Native extension for WindowsStandalone target not found
Native extension for Android target not found
Native extension for WebGL target not found
Mono: successfully reloaded assembly
- Finished resetting the current domain, in  0.970 seconds
Domain Reload Profiling: 1443ms
	BeginReloadAssembly (150ms)
		ExecutionOrderSort (0ms)
		DisableScriptedObjects (4ms)
		BackupInstance (0ms)
		ReleaseScriptingObjects (0ms)
		CreateAndSetChildDomain (34ms)
	RebuildCommonClasses (29ms)
	RebuildNativeTypeToScriptingClass (9ms)
	initialDomainReloadingComplete (31ms)
	LoadAllAssembliesAndSetupDomain (255ms)
		LoadAssemblies (324ms)
		RebuildTransferFunctionScriptingTraits (0ms)
		AnalyzeDomain (12ms)
			TypeCache.Refresh (5ms)
				TypeCache.ScanAssembly (0ms)
			ScanForSourceGeneratedMonoScriptInfo (0ms)
			ResolveRequiredComponents (5ms)
	FinalizeReload (970ms)
		ReleaseScriptCaches (0ms)
		RebuildScriptCaches (0ms)
		SetupLoadedEditorAssemblies (431ms)
			LogAssemblyErrors (0ms)
			InitializePlatformSupportModulesInManaged (18ms)
			SetLoadedEditorAssemblies (4ms)
			RefreshPlugins (0ms)
			BeforeProcessingInitializeOnLoad (62ms)
			ProcessInitializeOnLoadAttributes (320ms)
			ProcessInitializeOnLoadMethodAttributes (18ms)
			AfterProcessingInitializeOnLoad (8ms)
			EditorAssembliesLoaded (0ms)
		ExecutionOrderSort2 (0ms)
		AwakeInstancesAfterBackupRestoration (7ms)
Refreshing native plugins compatible for Editor in 5.14 ms, found 3 plugins.
Preloading 0 native plugins for Editor in 0.00 ms.
Unloading 3316 Unused Serialized files (Serialized files now loaded: 0)
Unloading 15 unused Assets / (99.9 KB). Loaded Objects now: 3957.
Memory consumption went from 148.3 MB to 148.2 MB.
Total: 4.075500 ms (FindLiveObjects: 0.280700 ms CreateObjectMapping: 0.160400 ms MarkObjects: 3.473800 ms  DeleteObjects: 0.159000 ms)

Prepare: number of updated asset objects reloaded= 0
AssetImportParameters requested are different than current active one (requested -> active):
  custom:container-demuxer-ogg: 62fdf1f143b41e24485cea50d1cbac27 -> 
  custom:video-codec-MediaFoundation-h265: 746d11721c4dcdbdad8f713fa42b33f4 -> 
  custom:video-decoder-ogg-theora: a1e56fd34408186e4bbccfd4996cb3dc -> 
  custom:framework-win-MediaFoundation: 216162199b28c13a410421893ffa2e32 -> 
  custom:CustomObjectIndexerAttribute: 9a22284fe3817be447336de3de66b15e -> 
  custom:container-demuxer-webm: 4f35f7cbe854078d1ac9338744f61a02 -> 
  custom:container-muxer-webm: aa71ff27fc2769a1b78a27578f13a17b -> 
  custom:video-decoder-webm-vp8: 9c59270c3fd7afecdb556c50c9e8de78 -> 
  custom:SearchIndexIgnoredProperties: e643bd26f0fe6173181afceb89e7c659 -> 
  custom:AudioImporter_EditorPlatform: d09bf68614088b80899f8185d706f6e7 -> 
  custom:video-encoder-webm-vp8: eb34c28f22e8b96e1ab97ce403110664 -> 
  custom:audio-decoder-ogg-vorbis: bf7c407c2cedff20999df2af8eb42d56 -> 
  custom:audio-encoder-webm-vorbis: bf7c407c2cedff20999df2af8eb42d56 -> 
========================================================================
Received Prepare
Caller must complete domain reload
Begin MonoManager ReloadAssembly
- Loaded All Assemblies, in  0.490 seconds
Native extension for WindowsStandalone target not found
Native extension for Android target not found
Native extension for WebGL target not found
Mono: successfully reloaded assembly
- Finished resetting the current domain, in  0.968 seconds
Domain Reload Profiling: 1453ms
	BeginReloadAssembly (158ms)
		ExecutionOrderSort (0ms)
		DisableScriptedObjects (4ms)
		BackupInstance (0ms)
		ReleaseScriptingObjects (0ms)
		CreateAndSetChildDomain (36ms)
	RebuildCommonClasses (29ms)
	RebuildNativeTypeToScriptingClass (9ms)
	initialDomainReloadingComplete (32ms)
	LoadAllAssembliesAndSetupDomain (258ms)
		LoadAssemblies (334ms)
		RebuildTransferFunctionScriptingTraits (0ms)
		AnalyzeDomain (12ms)
			TypeCache.Refresh (5ms)
				TypeCache.ScanAssembly (0ms)
			ScanForSourceGeneratedMonoScriptInfo (0ms)
			ResolveRequiredComponents (5ms)
	FinalizeReload (968ms)
		ReleaseScriptCaches (0ms)
		RebuildScriptCaches (0ms)
		SetupLoadedEditorAssemblies (431ms)
			LogAssemblyErrors (0ms)
			InitializePlatformSupportModulesInManaged (19ms)
			SetLoadedEditorAssemblies (4ms)
			RefreshPlugins (0ms)
			BeforeProcessingInitializeOnLoad (63ms)
			ProcessInitializeOnLoadAttributes (320ms)
			ProcessInitializeOnLoadMethodAttributes (17ms)
			AfterProcessingInitializeOnLoad (7ms)
			EditorAssembliesLoaded (0ms)
		ExecutionOrderSort2 (0ms)
		AwakeInstancesAfterBackupRestoration (6ms)
Refreshing native plugins compatible for Editor in 5.05 ms, found 3 plugins.
Preloading 0 native plugins for Editor in 0.00 ms.
Unloading 3316 Unused Serialized files (Serialized files now loaded: 0)
Unloading 15 unused Assets / (99.9 KB). Loaded Objects now: 3972.
Memory consumption went from 148.3 MB to 148.2 MB.
Total: 3.990500 ms (FindLiveObjects: 0.369400 ms CreateObjectMapping: 0.276800 ms MarkObjects: 3.273300 ms  DeleteObjects: 0.069800 ms)

Prepare: number of updated asset objects reloaded= 0
AssetImportParameters requested are different than current active one (requested -> active):
  custom:container-demuxer-ogg: 62fdf1f143b41e24485cea50d1cbac27 -> 
  custom:video-codec-MediaFoundation-h265: 746d11721c4dcdbdad8f713fa42b33f4 -> 
  custom:video-decoder-ogg-theora: a1e56fd34408186e4bbccfd4996cb3dc -> 
  custom:framework-win-MediaFoundation: 216162199b28c13a410421893ffa2e32 -> 
  custom:CustomObjectIndexerAttribute: 9a22284fe3817be447336de3de66b15e -> 
  custom:container-demuxer-webm: 4f35f7cbe854078d1ac9338744f61a02 -> 
  custom:container-muxer-webm: aa71ff27fc2769a1b78a27578f13a17b -> 
  custom:video-decoder-webm-vp8: 9c59270c3fd7afecdb556c50c9e8de78 -> 
  custom:SearchIndexIgnoredProperties: e643bd26f0fe6173181afceb89e7c659 -> 
  custom:AudioImporter_EditorPlatform: d09bf68614088b80899f8185d706f6e7 -> 
  custom:video-encoder-webm-vp8: eb34c28f22e8b96e1ab97ce403110664 -> 
  custom:audio-decoder-ogg-vorbis: bf7c407c2cedff20999df2af8eb42d56 -> 
  custom:audio-encoder-webm-vorbis: bf7c407c2cedff20999df2af8eb42d56 -> 
========================================================================
Received Prepare
Caller must complete domain reload
Begin MonoManager ReloadAssembly
- Loaded All Assemblies, in  0.469 seconds
Native extension for WindowsStandalone target not found
Native extension for Android target not found
Native extension for WebGL target not found
Mono: successfully reloaded assembly
- Finished resetting the current domain, in  0.994 seconds
Domain Reload Profiling: 1459ms
	BeginReloadAssembly (152ms)
		ExecutionOrderSort (0ms)
		DisableScriptedObjects (4ms)
		BackupInstance (0ms)
		ReleaseScriptingObjects (0ms)
		CreateAndSetChildDomain (37ms)
	RebuildCommonClasses (27ms)
	RebuildNativeTypeToScriptingClass (8ms)
	initialDomainReloadingComplete (28ms)
	LoadAllAssembliesAndSetupDomain (250ms)
		LoadAssemblies (317ms)
		RebuildTransferFunctionScriptingTraits (0ms)
		AnalyzeDomain (13ms)
			TypeCache.Refresh (6ms)
				TypeCache.ScanAssembly (0ms)
			ScanForSourceGeneratedMonoScriptInfo (0ms)
			ResolveRequiredComponents (5ms)
	FinalizeReload (994ms)
		ReleaseScriptCaches (0ms)
		RebuildScriptCaches (0ms)
		SetupLoadedEditorAssemblies (429ms)
			LogAssemblyErrors (0ms)
			InitializePlatformSupportModulesInManaged (19ms)
			SetLoadedEditorAssemblies (4ms)
			RefreshPlugins (0ms)
			BeforeProcessingInitializeOnLoad (61ms)
			ProcessInitializeOnLoadAttributes (318ms)
			ProcessInitializeOnLoadMethodAttributes (18ms)
			AfterProcessingInitializeOnLoad (8ms)
			EditorAssembliesLoaded (0ms)
		ExecutionOrderSort2 (0ms)
		AwakeInstancesAfterBackupRestoration (7ms)
Refreshing native plugins compatible for Editor in 5.15 ms, found 3 plugins.
Preloading 0 native plugins for Editor in 0.00 ms.
Unloading 3316 Unused Serialized files (Serialized files now loaded: 0)
Unloading 15 unused Assets / (99.9 KB). Loaded Objects now: 3987.
Memory consumption went from 148.3 MB to 148.2 MB.
Total: 3.518400 ms (FindLiveObjects: 0.377900 ms CreateObjectMapping: 0.209200 ms MarkObjects: 2.859900 ms  DeleteObjects: 0.070200 ms)

Prepare: number of updated asset objects reloaded= 0
AssetImportParameters requested are different than current active one (requested -> active):
  custom:container-demuxer-ogg: 62fdf1f143b41e24485cea50d1cbac27 -> 
  custom:video-codec-MediaFoundation-h265: 746d11721c4dcdbdad8f713fa42b33f4 -> 
  custom:video-decoder-ogg-theora: a1e56fd34408186e4bbccfd4996cb3dc -> 
  custom:framework-win-MediaFoundation: 216162199b28c13a410421893ffa2e32 -> 
  custom:CustomObjectIndexerAttribute: 9a22284fe3817be447336de3de66b15e -> 
  custom:container-demuxer-webm: 4f35f7cbe854078d1ac9338744f61a02 -> 
  custom:container-muxer-webm: aa71ff27fc2769a1b78a27578f13a17b -> 
  custom:video-decoder-webm-vp8: 9c59270c3fd7afecdb556c50c9e8de78 -> 
  custom:SearchIndexIgnoredProperties: e643bd26f0fe6173181afceb89e7c659 -> 
  custom:AudioImporter_EditorPlatform: d09bf68614088b80899f8185d706f6e7 -> 
  custom:video-encoder-webm-vp8: eb34c28f22e8b96e1ab97ce403110664 -> 
  custom:audio-decoder-ogg-vorbis: bf7c407c2cedff20999df2af8eb42d56 -> 
  custom:audio-encoder-webm-vorbis: bf7c407c2cedff20999df2af8eb42d56 -> 
========================================================================
Received Prepare
Caller must complete domain reload
Begin MonoManager ReloadAssembly
- Loaded All Assemblies, in  0.521 seconds
Native extension for WindowsStandalone target not found
Native extension for Android target not found
Native extension for WebGL target not found
Mono: successfully reloaded assembly
- Finished resetting the current domain, in  1.774 seconds
Domain Reload Profiling: 2291ms
	BeginReloadAssembly (163ms)
		ExecutionOrderSort (0ms)
		DisableScriptedObjects (4ms)
		BackupInstance (0ms)
		ReleaseScriptingObjects (0ms)
		CreateAndSetChildDomain (39ms)
	RebuildCommonClasses (30ms)
	RebuildNativeTypeToScriptingClass (9ms)
	initialDomainReloadingComplete (34ms)
	LoadAllAssembliesAndSetupDomain (280ms)
		LoadAssemblies (355ms)
		RebuildTransferFunctionScriptingTraits (0ms)
		AnalyzeDomain (13ms)
			TypeCache.Refresh (5ms)
				TypeCache.ScanAssembly (0ms)
			ScanForSourceGeneratedMonoScriptInfo (0ms)
			ResolveRequiredComponents (5ms)
	FinalizeReload (1774ms)
		ReleaseScriptCaches (0ms)
		RebuildScriptCaches (0ms)
		SetupLoadedEditorAssemblies (540ms)
			LogAssemblyErrors (0ms)
			InitializePlatformSupportModulesInManaged (28ms)
			SetLoadedEditorAssemblies (6ms)
			RefreshPlugins (0ms)
			BeforeProcessingInitializeOnLoad (83ms)
			ProcessInitializeOnLoadAttributes (383ms)
			ProcessInitializeOnLoadMethodAttributes (28ms)
			AfterProcessingInitializeOnLoad (11ms)
			EditorAssembliesLoaded (0ms)
		ExecutionOrderSort2 (0ms)
		AwakeInstancesAfterBackupRestoration (8ms)
Refreshing native plugins compatible for Editor in 6.81 ms, found 3 plugins.
Preloading 0 native plugins for Editor in 0.00 ms.
Unloading 3316 Unused Serialized files (Serialized files now loaded: 0)
Unloading 15 unused Assets / (99.9 KB). Loaded Objects now: 4002.
Memory consumption went from 148.3 MB to 148.2 MB.
Total: 3.915100 ms (FindLiveObjects: 0.343100 ms CreateObjectMapping: 0.222000 ms MarkObjects: 3.243300 ms  DeleteObjects: 0.105400 ms)

Prepare: number of updated asset objects reloaded= 0
AssetImportParameters requested are different than current active one (requested -> active):
  custom:container-demuxer-ogg: 62fdf1f143b41e24485cea50d1cbac27 -> 
  custom:video-codec-MediaFoundation-h265: 746d11721c4dcdbdad8f713fa42b33f4 -> 
  custom:video-decoder-ogg-theora: a1e56fd34408186e4bbccfd4996cb3dc -> 
  custom:framework-win-MediaFoundation: 216162199b28c13a410421893ffa2e32 -> 
  custom:CustomObjectIndexerAttribute: 9a22284fe3817be447336de3de66b15e -> 
  custom:container-demuxer-webm: 4f35f7cbe854078d1ac9338744f61a02 -> 
  custom:container-muxer-webm: aa71ff27fc2769a1b78a27578f13a17b -> 
  custom:video-decoder-webm-vp8: 9c59270c3fd7afecdb556c50c9e8de78 -> 
  custom:SearchIndexIgnoredProperties: e643bd26f0fe6173181afceb89e7c659 -> 
  custom:AudioImporter_EditorPlatform: d09bf68614088b80899f8185d706f6e7 -> 
  custom:video-encoder-webm-vp8: eb34c28f22e8b96e1ab97ce403110664 -> 
  custom:audio-decoder-ogg-vorbis: bf7c407c2cedff20999df2af8eb42d56 -> 
  custom:audio-encoder-webm-vorbis: bf7c407c2cedff20999df2af8eb42d56 -> 
========================================================================
Received Prepare
Caller must complete domain reload
Begin MonoManager ReloadAssembly
- Loaded All Assemblies, in  0.475 seconds
Native extension for WindowsStandalone target not found
Native extension for Android target not found
Native extension for WebGL target not found
Mono: successfully reloaded assembly
- Finished resetting the current domain, in  0.994 seconds
Domain Reload Profiling: 1466ms
	BeginReloadAssembly (146ms)
		ExecutionOrderSort (0ms)
		DisableScriptedObjects (5ms)
		BackupInstance (0ms)
		ReleaseScriptingObjects (0ms)
		CreateAndSetChildDomain (33ms)
	RebuildCommonClasses (28ms)
	RebuildNativeTypeToScriptingClass (8ms)
	initialDomainReloadingComplete (31ms)
	LoadAllAssembliesAndSetupDomain (257ms)
		LoadAssemblies (322ms)
		RebuildTransferFunctionScriptingTraits (0ms)
		AnalyzeDomain (13ms)
			TypeCache.Refresh (6ms)
				TypeCache.ScanAssembly (0ms)
			ScanForSourceGeneratedMonoScriptInfo (0ms)
			ResolveRequiredComponents (5ms)
	FinalizeReload (994ms)
		ReleaseScriptCaches (0ms)
		RebuildScriptCaches (0ms)
		SetupLoadedEditorAssemblies (424ms)
			LogAssemblyErrors (0ms)
			InitializePlatformSupportModulesInManaged (19ms)
			SetLoadedEditorAssemblies (5ms)
			RefreshPlugins (0ms)
			BeforeProcessingInitializeOnLoad (63ms)
			ProcessInitializeOnLoadAttributes (311ms)
			ProcessInitializeOnLoadMethodAttributes (17ms)
			AfterProcessingInitializeOnLoad (8ms)
			EditorAssembliesLoaded (0ms)
		ExecutionOrderSort2 (0ms)
		AwakeInstancesAfterBackupRestoration (7ms)
Refreshing native plugins compatible for Editor in 4.81 ms, found 3 plugins.
Preloading 0 native plugins for Editor in 0.00 ms.
Unloading 3316 Unused Serialized files (Serialized files now loaded: 0)
Unloading 15 unused Assets / (99.9 KB). Loaded Objects now: 4017.
Memory consumption went from 148.3 MB to 148.2 MB.
Total: 4.196800 ms (FindLiveObjects: 0.342900 ms CreateObjectMapping: 0.199800 ms MarkObjects: 3.565400 ms  DeleteObjects: 0.087600 ms)

Prepare: number of updated asset objects reloaded= 0
AssetImportParameters requested are different than current active one (requested -> active):
  custom:container-demuxer-ogg: 62fdf1f143b41e24485cea50d1cbac27 -> 
  custom:video-codec-MediaFoundation-h265: 746d11721c4dcdbdad8f713fa42b33f4 -> 
  custom:video-decoder-ogg-theora: a1e56fd34408186e4bbccfd4996cb3dc -> 
  custom:framework-win-MediaFoundation: 216162199b28c13a410421893ffa2e32 -> 
  custom:CustomObjectIndexerAttribute: 9a22284fe3817be447336de3de66b15e -> 
  custom:container-demuxer-webm: 4f35f7cbe854078d1ac9338744f61a02 -> 
  custom:container-muxer-webm: aa71ff27fc2769a1b78a27578f13a17b -> 
  custom:video-decoder-webm-vp8: 9c59270c3fd7afecdb556c50c9e8de78 -> 
  custom:SearchIndexIgnoredProperties: e643bd26f0fe6173181afceb89e7c659 -> 
  custom:AudioImporter_EditorPlatform: d09bf68614088b80899f8185d706f6e7 -> 
  custom:video-encoder-webm-vp8: eb34c28f22e8b96e1ab97ce403110664 -> 
  custom:audio-decoder-ogg-vorbis: bf7c407c2cedff20999df2af8eb42d56 -> 
  custom:audio-encoder-webm-vorbis: bf7c407c2cedff20999df2af8eb42d56 -> 
========================================================================
Received Prepare
Caller must complete domain reload
Begin MonoManager ReloadAssembly
- Loaded All Assemblies, in  0.466 seconds
Native extension for WindowsStandalone target not found
Native extension for Android target not found
Native extension for WebGL target not found
Mono: successfully reloaded assembly
- Finished resetting the current domain, in  0.967 seconds
Domain Reload Profiling: 1430ms
	BeginReloadAssembly (146ms)
		ExecutionOrderSort (0ms)
		DisableScriptedObjects (4ms)
		BackupInstance (0ms)
		ReleaseScriptingObjects (0ms)
		CreateAndSetChildDomain (36ms)
	RebuildCommonClasses (27ms)
	RebuildNativeTypeToScriptingClass (8ms)
	initialDomainReloadingComplete (28ms)
	LoadAllAssembliesAndSetupDomain (253ms)
		LoadAssemblies (318ms)
		RebuildTransferFunctionScriptingTraits (0ms)
		AnalyzeDomain (13ms)
			TypeCache.Refresh (5ms)
				TypeCache.ScanAssembly (0ms)
			ScanForSourceGeneratedMonoScriptInfo (0ms)
			ResolveRequiredComponents (5ms)
	FinalizeReload (968ms)
		ReleaseScriptCaches (0ms)
		RebuildScriptCaches (0ms)
		SetupLoadedEditorAssemblies (426ms)
			LogAssemblyErrors (0ms)
			InitializePlatformSupportModulesInManaged (19ms)
			SetLoadedEditorAssemblies (4ms)
			RefreshPlugins (0ms)
			BeforeProcessingInitializeOnLoad (62ms)
			ProcessInitializeOnLoadAttributes (314ms)
			ProcessInitializeOnLoadMethodAttributes (18ms)
			AfterProcessingInitializeOnLoad (8ms)
			EditorAssembliesLoaded (0ms)
		ExecutionOrderSort2 (0ms)
		AwakeInstancesAfterBackupRestoration (6ms)
Refreshing native plugins compatible for Editor in 6.07 ms, found 3 plugins.
Preloading 0 native plugins for Editor in 0.00 ms.
Unloading 3316 Unused Serialized files (Serialized files now loaded: 0)
Unloading 15 unused Assets / (99.8 KB). Loaded Objects now: 4032.
Memory consumption went from 148.3 MB to 148.2 MB.
Total: 4.054500 ms (FindLiveObjects: 0.374600 ms CreateObjectMapping: 0.201800 ms MarkObjects: 3.390400 ms  DeleteObjects: 0.086600 ms)

Prepare: number of updated asset objects reloaded= 0
AssetImportParameters requested are different than current active one (requested -> active):
  custom:container-demuxer-ogg: 62fdf1f143b41e24485cea50d1cbac27 -> 
  custom:video-codec-MediaFoundation-h265: 746d11721c4dcdbdad8f713fa42b33f4 -> 
  custom:video-decoder-ogg-theora: a1e56fd34408186e4bbccfd4996cb3dc -> 
  custom:framework-win-MediaFoundation: 216162199b28c13a410421893ffa2e32 -> 
  custom:CustomObjectIndexerAttribute: 9a22284fe3817be447336de3de66b15e -> 
  custom:container-demuxer-webm: 4f35f7cbe854078d1ac9338744f61a02 -> 
  custom:container-muxer-webm: aa71ff27fc2769a1b78a27578f13a17b -> 
  custom:video-decoder-webm-vp8: 9c59270c3fd7afecdb556c50c9e8de78 -> 
  custom:SearchIndexIgnoredProperties: e643bd26f0fe6173181afceb89e7c659 -> 
  custom:AudioImporter_EditorPlatform: d09bf68614088b80899f8185d706f6e7 -> 
  custom:video-encoder-webm-vp8: eb34c28f22e8b96e1ab97ce403110664 -> 
  custom:audio-decoder-ogg-vorbis: bf7c407c2cedff20999df2af8eb42d56 -> 
  custom:audio-encoder-webm-vorbis: bf7c407c2cedff20999df2af8eb42d56 -> 
========================================================================
Received Prepare
Caller must complete domain reload
Begin MonoManager ReloadAssembly
- Loaded All Assemblies, in  1.749 seconds
Native extension for WindowsStandalone target not found
Native extension for Android target not found
Native extension for WebGL target not found
Mono: successfully reloaded assembly
- Finished resetting the current domain, in  2.142 seconds
Domain Reload Profiling: 3898ms
	BeginReloadAssembly (621ms)
		ExecutionOrderSort (0ms)
		DisableScriptedObjects (33ms)
		BackupInstance (0ms)
		ReleaseScriptingObjects (1ms)
		CreateAndSetChildDomain (272ms)
	RebuildCommonClasses (35ms)
	RebuildNativeTypeToScriptingClass (9ms)
	initialDomainReloadingComplete (42ms)
	LoadAllAssembliesAndSetupDomain (1049ms)
		LoadAssemblies (1141ms)
		RebuildTransferFunctionScriptingTraits (0ms)
		AnalyzeDomain (81ms)
			TypeCache.Refresh (46ms)
				TypeCache.ScanAssembly (3ms)
			ScanForSourceGeneratedMonoScriptInfo (24ms)
			ResolveRequiredComponents (9ms)
	FinalizeReload (2142ms)
		ReleaseScriptCaches (0ms)
		RebuildScriptCaches (0ms)
		SetupLoadedEditorAssemblies (494ms)
			LogAssemblyErrors (0ms)
			InitializePlatformSupportModulesInManaged (23ms)
			SetLoadedEditorAssemblies (4ms)
			RefreshPlugins (0ms)
			BeforeProcessingInitializeOnLoad (70ms)
			ProcessInitializeOnLoadAttributes (369ms)
			ProcessInitializeOnLoadMethodAttributes (20ms)
			AfterProcessingInitializeOnLoad (8ms)
			EditorAssembliesLoaded (0ms)
		ExecutionOrderSort2 (0ms)
		AwakeInstancesAfterBackupRestoration (7ms)
Refreshing native plugins compatible for Editor in 5.61 ms, found 3 plugins.
Preloading 0 native plugins for Editor in 0.00 ms.
Unloading 3316 Unused Serialized files (Serialized files now loaded: 0)
Unloading 15 unused Assets / (99.9 KB). Loaded Objects now: 4047.
Memory consumption went from 148.4 MB to 148.3 MB.
Total: 8.047300 ms (FindLiveObjects: 0.612900 ms CreateObjectMapping: 0.172800 ms MarkObjects: 7.170700 ms  DeleteObjects: 0.089500 ms)

Prepare: number of updated asset objects reloaded= 0
AssetImportParameters requested are different than current active one (requested -> active):
  custom:container-demuxer-ogg: 62fdf1f143b41e24485cea50d1cbac27 -> 
  custom:video-codec-MediaFoundation-h265: 746d11721c4dcdbdad8f713fa42b33f4 -> 
  custom:video-decoder-ogg-theora: a1e56fd34408186e4bbccfd4996cb3dc -> 
  custom:framework-win-MediaFoundation: 216162199b28c13a410421893ffa2e32 -> 
  custom:CustomObjectIndexerAttribute: 9a22284fe3817be447336de3de66b15e -> 
  custom:container-demuxer-webm: 4f35f7cbe854078d1ac9338744f61a02 -> 
  custom:container-muxer-webm: aa71ff27fc2769a1b78a27578f13a17b -> 
  custom:video-decoder-webm-vp8: 9c59270c3fd7afecdb556c50c9e8de78 -> 
  custom:SearchIndexIgnoredProperties: e643bd26f0fe6173181afceb89e7c659 -> 
  custom:AudioImporter_EditorPlatform: d09bf68614088b80899f8185d706f6e7 -> 
  custom:video-encoder-webm-vp8: eb34c28f22e8b96e1ab97ce403110664 -> 
  custom:audio-decoder-ogg-vorbis: bf7c407c2cedff20999df2af8eb42d56 -> 
  custom:audio-encoder-webm-vorbis: bf7c407c2cedff20999df2af8eb42d56 -> 
  custom:scripting/precompiled-assembly-types:Assembly-CSharp: e55a2fa785e173be73e0b402f26eaafd -> 35608be151fe7e05c57e8ab9c9ef4787
========================================================================
Received Prepare
Caller must complete domain reload
Begin MonoManager ReloadAssembly
- Loaded All Assemblies, in  0.568 seconds
Native extension for WindowsStandalone target not found
Native extension for Android target not found
Native extension for WebGL target not found
Mono: successfully reloaded assembly
- Finished resetting the current domain, in  1.538 seconds
Domain Reload Profiling: 2102ms
	BeginReloadAssembly (154ms)
		ExecutionOrderSort (0ms)
		DisableScriptedObjects (4ms)
		BackupInstance (0ms)
		ReleaseScriptingObjects (0ms)
		CreateAndSetChildDomain (34ms)
	RebuildCommonClasses (28ms)
	RebuildNativeTypeToScriptingClass (10ms)
	initialDomainReloadingComplete (35ms)
	LoadAllAssembliesAndSetupDomain (336ms)
		LoadAssemblies (404ms)
		RebuildTransferFunctionScriptingTraits (0ms)
		AnalyzeDomain (16ms)
			TypeCache.Refresh (6ms)
				TypeCache.ScanAssembly (0ms)
			ScanForSourceGeneratedMonoScriptInfo (0ms)
			ResolveRequiredComponents (7ms)
	FinalizeReload (1539ms)
		ReleaseScriptCaches (0ms)
		RebuildScriptCaches (0ms)
		SetupLoadedEditorAssemblies (698ms)
			LogAssemblyErrors (0ms)
			InitializePlatformSupportModulesInManaged (32ms)
			SetLoadedEditorAssemblies (7ms)
			RefreshPlugins (0ms)
			BeforeProcessingInitializeOnLoad (100ms)
			ProcessInitializeOnLoadAttributes (522ms)
			ProcessInitializeOnLoadMethodAttributes (27ms)
			AfterProcessingInitializeOnLoad (10ms)
			EditorAssembliesLoaded (0ms)
		ExecutionOrderSort2 (0ms)
		AwakeInstancesAfterBackupRestoration (9ms)
Refreshing native plugins compatible for Editor in 4.97 ms, found 3 plugins.
Preloading 0 native plugins for Editor in 0.00 ms.
Unloading 3316 Unused Serialized files (Serialized files now loaded: 0)
Unloading 15 unused Assets / (99.8 KB). Loaded Objects now: 4062.
Memory consumption went from 148.4 MB to 148.3 MB.
Total: 3.397700 ms (FindLiveObjects: 0.327000 ms CreateObjectMapping: 0.172100 ms MarkObjects: 2.812500 ms  DeleteObjects: 0.084900 ms)

Prepare: number of updated asset objects reloaded= 0
AssetImportParameters requested are different than current active one (requested -> active):
  custom:container-demuxer-ogg: 62fdf1f143b41e24485cea50d1cbac27 -> 
  custom:video-codec-MediaFoundation-h265: 746d11721c4dcdbdad8f713fa42b33f4 -> 
  custom:video-decoder-ogg-theora: a1e56fd34408186e4bbccfd4996cb3dc -> 
  custom:framework-win-MediaFoundation: 216162199b28c13a410421893ffa2e32 -> 
  custom:CustomObjectIndexerAttribute: 9a22284fe3817be447336de3de66b15e -> 
  custom:container-demuxer-webm: 4f35f7cbe854078d1ac9338744f61a02 -> 
  custom:container-muxer-webm: aa71ff27fc2769a1b78a27578f13a17b -> 
  custom:video-decoder-webm-vp8: 9c59270c3fd7afecdb556c50c9e8de78 -> 
  custom:SearchIndexIgnoredProperties: e643bd26f0fe6173181afceb89e7c659 -> 
  custom:AudioImporter_EditorPlatform: d09bf68614088b80899f8185d706f6e7 -> 
  custom:video-encoder-webm-vp8: eb34c28f22e8b96e1ab97ce403110664 -> 
  custom:audio-decoder-ogg-vorbis: bf7c407c2cedff20999df2af8eb42d56 -> 
  custom:audio-encoder-webm-vorbis: bf7c407c2cedff20999df2af8eb42d56 -> 
  custom:scripting/precompiled-assembly-types:Assembly-CSharp: e55a2fa785e173be73e0b402f26eaafd -> 35608be151fe7e05c57e8ab9c9ef4787
========================================================================
Received Prepare
Caller must complete domain reload
Begin MonoManager ReloadAssembly
- Loaded All Assemblies, in  0.706 seconds
Native extension for WindowsStandalone target not found
Native extension for Android target not found
Native extension for WebGL target not found
Mono: successfully reloaded assembly
- Finished resetting the current domain, in  1.485 seconds
Domain Reload Profiling: 2184ms
	BeginReloadAssembly (223ms)
		ExecutionOrderSort (0ms)
		DisableScriptedObjects (6ms)
		BackupInstance (0ms)
		ReleaseScriptingObjects (0ms)
		CreateAndSetChildDomain (49ms)
	RebuildCommonClasses (45ms)
	RebuildNativeTypeToScriptingClass (14ms)
	initialDomainReloadingComplete (45ms)
	LoadAllAssembliesAndSetupDomain (373ms)
		LoadAssemblies (471ms)
		RebuildTransferFunctionScriptingTraits (0ms)
		AnalyzeDomain (28ms)
			TypeCache.Refresh (10ms)
				TypeCache.ScanAssembly (0ms)
			ScanForSourceGeneratedMonoScriptInfo (9ms)
			ResolveRequiredComponents (7ms)
	FinalizeReload (1485ms)
		ReleaseScriptCaches (0ms)
		RebuildScriptCaches (0ms)
		SetupLoadedEditorAssemblies (604ms)
			LogAssemblyErrors (0ms)
			InitializePlatformSupportModulesInManaged (41ms)
			SetLoadedEditorAssemblies (6ms)
			RefreshPlugins (0ms)
			BeforeProcessingInitializeOnLoad (93ms)
			ProcessInitializeOnLoadAttributes (426ms)
			ProcessInitializeOnLoadMethodAttributes (25ms)
			AfterProcessingInitializeOnLoad (13ms)
			EditorAssembliesLoaded (0ms)
		ExecutionOrderSort2 (0ms)
		AwakeInstancesAfterBackupRestoration (9ms)
Refreshing native plugins compatible for Editor in 9.13 ms, found 3 plugins.
Preloading 0 native plugins for Editor in 0.00 ms.
Unloading 3316 Unused Serialized files (Serialized files now loaded: 0)
Unloading 15 unused Assets / (100.0 KB). Loaded Objects now: 4077.
Memory consumption went from 148.4 MB to 148.3 MB.
Total: 5.240500 ms (FindLiveObjects: 0.415100 ms CreateObjectMapping: 0.174700 ms MarkObjects: 4.564200 ms  DeleteObjects: 0.085000 ms)

Prepare: number of updated asset objects reloaded= 0
AssetImportParameters requested are different than current active one (requested -> active):
  custom:container-demuxer-ogg: 62fdf1f143b41e24485cea50d1cbac27 -> 
  custom:video-codec-MediaFoundation-h265: 746d11721c4dcdbdad8f713fa42b33f4 -> 
  custom:video-decoder-ogg-theora: a1e56fd34408186e4bbccfd4996cb3dc -> 
  custom:framework-win-MediaFoundation: 216162199b28c13a410421893ffa2e32 -> 
  custom:CustomObjectIndexerAttribute: 9a22284fe3817be447336de3de66b15e -> 
  custom:container-demuxer-webm: 4f35f7cbe854078d1ac9338744f61a02 -> 
  custom:container-muxer-webm: aa71ff27fc2769a1b78a27578f13a17b -> 
  custom:video-decoder-webm-vp8: 9c59270c3fd7afecdb556c50c9e8de78 -> 
  custom:SearchIndexIgnoredProperties: e643bd26f0fe6173181afceb89e7c659 -> 
  custom:AudioImporter_EditorPlatform: d09bf68614088b80899f8185d706f6e7 -> 
  custom:video-encoder-webm-vp8: eb34c28f22e8b96e1ab97ce403110664 -> 
  custom:audio-decoder-ogg-vorbis: bf7c407c2cedff20999df2af8eb42d56 -> 
  custom:audio-encoder-webm-vorbis: bf7c407c2cedff20999df2af8eb42d56 -> 
  custom:scripting/precompiled-assembly-types:Assembly-CSharp: e55a2fa785e173be73e0b402f26eaafd -> 35608be151fe7e05c57e8ab9c9ef4787
========================================================================
Received Prepare
Caller must complete domain reload
Begin MonoManager ReloadAssembly
- Loaded All Assemblies, in  0.505 seconds
Native extension for WindowsStandalone target not found
Native extension for Android target not found
Native extension for WebGL target not found
Mono: successfully reloaded assembly
- Finished resetting the current domain, in  1.031 seconds
Domain Reload Profiling: 1531ms
	BeginReloadAssembly (172ms)
		ExecutionOrderSort (0ms)
		DisableScriptedObjects (5ms)
		BackupInstance (0ms)
		ReleaseScriptingObjects (0ms)
		CreateAndSetChildDomain (34ms)
	RebuildCommonClasses (36ms)
	RebuildNativeTypeToScriptingClass (8ms)
	initialDomainReloadingComplete (39ms)
	LoadAllAssembliesAndSetupDomain (246ms)
		LoadAssemblies (333ms)
		RebuildTransferFunctionScriptingTraits (0ms)
		AnalyzeDomain (12ms)
			TypeCache.Refresh (5ms)
				TypeCache.ScanAssembly (0ms)
			ScanForSourceGeneratedMonoScriptInfo (0ms)
			ResolveRequiredComponents (5ms)
	FinalizeReload (1031ms)
		ReleaseScriptCaches (0ms)
		RebuildScriptCaches (0ms)
		SetupLoadedEditorAssemblies (447ms)
			LogAssemblyErrors (0ms)
			InitializePlatformSupportModulesInManaged (21ms)
			SetLoadedEditorAssemblies (4ms)
			RefreshPlugins (0ms)
			BeforeProcessingInitializeOnLoad (66ms)
			ProcessInitializeOnLoadAttributes (325ms)
			ProcessInitializeOnLoadMethodAttributes (22ms)
			AfterProcessingInitializeOnLoad (10ms)
			EditorAssembliesLoaded (0ms)
		ExecutionOrderSort2 (0ms)
		AwakeInstancesAfterBackupRestoration (6ms)
Refreshing native plugins compatible for Editor in 6.53 ms, found 3 plugins.
Preloading 0 native plugins for Editor in 0.00 ms.
Unloading 3316 Unused Serialized files (Serialized files now loaded: 0)
Unloading 15 unused Assets / (99.9 KB). Loaded Objects now: 4092.
Memory consumption went from 148.4 MB to 148.3 MB.
Total: 3.792600 ms (FindLiveObjects: 0.294600 ms CreateObjectMapping: 0.159800 ms MarkObjects: 3.264600 ms  DeleteObjects: 0.072500 ms)

Prepare: number of updated asset objects reloaded= 0
AssetImportParameters requested are different than current active one (requested -> active):
  custom:container-demuxer-ogg: 62fdf1f143b41e24485cea50d1cbac27 -> 
  custom:video-codec-MediaFoundation-h265: 746d11721c4dcdbdad8f713fa42b33f4 -> 
  custom:video-decoder-ogg-theora: a1e56fd34408186e4bbccfd4996cb3dc -> 
  custom:framework-win-MediaFoundation: 216162199b28c13a410421893ffa2e32 -> 
  custom:CustomObjectIndexerAttribute: 9a22284fe3817be447336de3de66b15e -> 
  custom:container-demuxer-webm: 4f35f7cbe854078d1ac9338744f61a02 -> 
  custom:container-muxer-webm: aa71ff27fc2769a1b78a27578f13a17b -> 
  custom:video-decoder-webm-vp8: 9c59270c3fd7afecdb556c50c9e8de78 -> 
  custom:SearchIndexIgnoredProperties: e643bd26f0fe6173181afceb89e7c659 -> 
  custom:AudioImporter_EditorPlatform: d09bf68614088b80899f8185d706f6e7 -> 
  custom:video-encoder-webm-vp8: eb34c28f22e8b96e1ab97ce403110664 -> 
  custom:audio-decoder-ogg-vorbis: bf7c407c2cedff20999df2af8eb42d56 -> 
  custom:audio-encoder-webm-vorbis: bf7c407c2cedff20999df2af8eb42d56 -> 
  custom:scripting/precompiled-assembly-types:Assembly-CSharp: e55a2fa785e173be73e0b402f26eaafd -> 35608be151fe7e05c57e8ab9c9ef4787
========================================================================
Received Import Request.
  Time since last request: 2154.434168 seconds.
  path: Assets/Prefabs/Enemy/GoblinEnemy.prefab
  artifactKey: Guid(7107d8979946ee041a121780632d67aa) Importer(815301076,1909f56bfc062723c751e8b465ee728b)
Start importing Assets/Prefabs/Enemy/GoblinEnemy.prefab using Guid(7107d8979946ee041a121780632d67aa) Importer(815301076,1909f56bfc062723c751e8b465ee728b) [PhysX] Initialized MultithreadedTaskDispatcher with 16 workers.
[PhysX] Initialized MultithreadedTaskDispatcher with 16 workers.
Refreshing native plugins compatible for Editor in 6.69 ms, found 3 plugins.
Preloading 0 native plugins for Editor in 0.00 ms.
 -> (artifact id: '58954a61bdf26f3a735b408437a3ce1c') in 0.232800 seconds
Number of updated asset objects reloaded before import = 0
Number of asset objects unloaded after import = 177
========================================================================
Received Import Request.
  Time since last request: 0.000039 seconds.
  path: Assets/Prefabs/Enemy/SlimeEnemy.prefab
  artifactKey: Guid(1f3bfd2aa3798de4c91cc12fb968bed4) Importer(815301076,1909f56bfc062723c751e8b465ee728b)
Start importing Assets/Prefabs/Enemy/SlimeEnemy.prefab using Guid(1f3bfd2aa3798de4c91cc12fb968bed4) Importer(815301076,1909f56bfc062723c751e8b465ee728b) [PhysX] Initialized MultithreadedTaskDispatcher with 16 workers.
[PhysX] Initialized MultithreadedTaskDispatcher with 16 workers.
Refreshing native plugins compatible for Editor in 8.36 ms, found 3 plugins.
Preloading 0 native plugins for Editor in 0.00 ms.
 -> (artifact id: '175e551c64ef843f4e193138a3bc5888') in 0.042697 seconds
Number of updated asset objects reloaded before import = 0
Number of asset objects unloaded after import = 40
========================================================================
Received Prepare
Caller must complete domain reload
Begin MonoManager ReloadAssembly
- Loaded All Assemblies, in  0.833 seconds
Native extension for WindowsStandalone target not found
Native extension for Android target not found
Native extension for WebGL target not found
Mono: successfully reloaded assembly
- Finished resetting the current domain, in  2.116 seconds
Domain Reload Profiling: 2938ms
	BeginReloadAssembly (251ms)
		ExecutionOrderSort (0ms)
		DisableScriptedObjects (5ms)
		BackupInstance (0ms)
		ReleaseScriptingObjects (0ms)
		CreateAndSetChildDomain (57ms)
	RebuildCommonClasses (53ms)
	RebuildNativeTypeToScriptingClass (12ms)
	initialDomainReloadingComplete (55ms)
	LoadAllAssembliesAndSetupDomain (452ms)
		LoadAssemblies (561ms)
		RebuildTransferFunctionScriptingTraits (0ms)
		AnalyzeDomain (39ms)
			TypeCache.Refresh (13ms)
				TypeCache.ScanAssembly (1ms)
			ScanForSourceGeneratedMonoScriptInfo (14ms)
			ResolveRequiredComponents (10ms)
	FinalizeReload (2116ms)
		ReleaseScriptCaches (0ms)
		RebuildScriptCaches (0ms)
		SetupLoadedEditorAssemblies (423ms)
			LogAssemblyErrors (0ms)
			InitializePlatformSupportModulesInManaged (19ms)
			SetLoadedEditorAssemblies (4ms)
			RefreshPlugins (0ms)
			BeforeProcessingInitializeOnLoad (64ms)
			ProcessInitializeOnLoadAttributes (312ms)
			ProcessInitializeOnLoadMethodAttributes (17ms)
			AfterProcessingInitializeOnLoad (7ms)
			EditorAssembliesLoaded (0ms)
		ExecutionOrderSort2 (0ms)
		AwakeInstancesAfterBackupRestoration (6ms)
Refreshing native plugins compatible for Editor in 5.23 ms, found 3 plugins.
Preloading 0 native plugins for Editor in 0.00 ms.
Unloading 3315 Unused Serialized files (Serialized files now loaded: 0)
Unloading 15 unused Assets / (99.9 KB). Loaded Objects now: 4108.
Memory consumption went from 147.5 MB to 147.4 MB.
Total: 4.066300 ms (FindLiveObjects: 0.341600 ms CreateObjectMapping: 0.142200 ms MarkObjects: 3.459000 ms  DeleteObjects: 0.121700 ms)

Prepare: number of updated asset objects reloaded= 0
AssetImportParameters requested are different than current active one (requested -> active):
  custom:container-demuxer-ogg: 62fdf1f143b41e24485cea50d1cbac27 -> 
  custom:video-codec-MediaFoundation-h265: 746d11721c4dcdbdad8f713fa42b33f4 -> 
  custom:video-decoder-ogg-theora: a1e56fd34408186e4bbccfd4996cb3dc -> 
  custom:framework-win-MediaFoundation: 216162199b28c13a410421893ffa2e32 -> 
  custom:CustomObjectIndexerAttribute: 9a22284fe3817be447336de3de66b15e -> 
  custom:container-demuxer-webm: 4f35f7cbe854078d1ac9338744f61a02 -> 
  custom:container-muxer-webm: aa71ff27fc2769a1b78a27578f13a17b -> 
  custom:video-decoder-webm-vp8: 9c59270c3fd7afecdb556c50c9e8de78 -> 
  custom:SearchIndexIgnoredProperties: e643bd26f0fe6173181afceb89e7c659 -> 
  custom:AudioImporter_EditorPlatform: d09bf68614088b80899f8185d706f6e7 -> 
  custom:video-encoder-webm-vp8: eb34c28f22e8b96e1ab97ce403110664 -> 
  custom:audio-decoder-ogg-vorbis: bf7c407c2cedff20999df2af8eb42d56 -> 
  custom:audio-encoder-webm-vorbis: bf7c407c2cedff20999df2af8eb42d56 -> 
  custom:scripting/precompiled-assembly-types:Assembly-CSharp: e55a2fa785e173be73e0b402f26eaafd -> 35608be151fe7e05c57e8ab9c9ef4787
========================================================================
Received Prepare
Caller must complete domain reload
Begin MonoManager ReloadAssembly
- Loaded All Assemblies, in  0.504 seconds
Native extension for WindowsStandalone target not found
Native extension for Android target not found
Native extension for WebGL target not found
Mono: successfully reloaded assembly
- Finished resetting the current domain, in  1.014 seconds
Domain Reload Profiling: 1514ms
	BeginReloadAssembly (170ms)
		ExecutionOrderSort (0ms)
		DisableScriptedObjects (4ms)
		BackupInstance (0ms)
		ReleaseScriptingObjects (0ms)
		CreateAndSetChildDomain (38ms)
	RebuildCommonClasses (38ms)
	RebuildNativeTypeToScriptingClass (9ms)
	initialDomainReloadingComplete (30ms)
	LoadAllAssembliesAndSetupDomain (252ms)
		LoadAssemblies (334ms)
		RebuildTransferFunctionScriptingTraits (0ms)
		AnalyzeDomain (12ms)
			TypeCache.Refresh (5ms)
				TypeCache.ScanAssembly (0ms)
			ScanForSourceGeneratedMonoScriptInfo (0ms)
			ResolveRequiredComponents (5ms)
	FinalizeReload (1015ms)
		ReleaseScriptCaches (0ms)
		RebuildScriptCaches (0ms)
		SetupLoadedEditorAssemblies (436ms)
			LogAssemblyErrors (0ms)
			InitializePlatformSupportModulesInManaged (20ms)
			SetLoadedEditorAssemblies (5ms)
			RefreshPlugins (0ms)
			BeforeProcessingInitializeOnLoad (63ms)
			ProcessInitializeOnLoadAttributes (323ms)
			ProcessInitializeOnLoadMethodAttributes (17ms)
			AfterProcessingInitializeOnLoad (8ms)
			EditorAssembliesLoaded (0ms)
		ExecutionOrderSort2 (0ms)
		AwakeInstancesAfterBackupRestoration (6ms)
Refreshing native plugins compatible for Editor in 5.94 ms, found 3 plugins.
Preloading 0 native plugins for Editor in 0.00 ms.
Unloading 3316 Unused Serialized files (Serialized files now loaded: 0)
Unloading 15 unused Assets / (100.0 KB). Loaded Objects now: 4123.
Memory consumption went from 147.8 MB to 147.7 MB.
Total: 3.950900 ms (FindLiveObjects: 0.381500 ms CreateObjectMapping: 0.265000 ms MarkObjects: 3.231700 ms  DeleteObjects: 0.071400 ms)

Prepare: number of updated asset objects reloaded= 0
AssetImportParameters requested are different than current active one (requested -> active):
  custom:container-demuxer-ogg: 62fdf1f143b41e24485cea50d1cbac27 -> 
  custom:video-codec-MediaFoundation-h265: 746d11721c4dcdbdad8f713fa42b33f4 -> 
  custom:video-decoder-ogg-theora: a1e56fd34408186e4bbccfd4996cb3dc -> 
  custom:framework-win-MediaFoundation: 216162199b28c13a410421893ffa2e32 -> 
  custom:CustomObjectIndexerAttribute: 9a22284fe3817be447336de3de66b15e -> 
  custom:container-demuxer-webm: 4f35f7cbe854078d1ac9338744f61a02 -> 
  custom:container-muxer-webm: aa71ff27fc2769a1b78a27578f13a17b -> 
  custom:video-decoder-webm-vp8: 9c59270c3fd7afecdb556c50c9e8de78 -> 
  custom:SearchIndexIgnoredProperties: e643bd26f0fe6173181afceb89e7c659 -> 
  custom:AudioImporter_EditorPlatform: d09bf68614088b80899f8185d706f6e7 -> 
  custom:video-encoder-webm-vp8: eb34c28f22e8b96e1ab97ce403110664 -> 
  custom:audio-decoder-ogg-vorbis: bf7c407c2cedff20999df2af8eb42d56 -> 
  custom:audio-encoder-webm-vorbis: bf7c407c2cedff20999df2af8eb42d56 -> 
  custom:scripting/precompiled-assembly-types:Assembly-CSharp: e55a2fa785e173be73e0b402f26eaafd -> 35608be151fe7e05c57e8ab9c9ef4787
========================================================================
Received Prepare
Caller must complete domain reload
Begin MonoManager ReloadAssembly
- Loaded All Assemblies, in  0.473 seconds
Native extension for WindowsStandalone target not found
Native extension for Android target not found
Native extension for WebGL target not found
Mono: successfully reloaded assembly
- Finished resetting the current domain, in  0.995 seconds
Domain Reload Profiling: 1466ms
	BeginReloadAssembly (154ms)
		ExecutionOrderSort (0ms)
		DisableScriptedObjects (4ms)
		BackupInstance (0ms)
		ReleaseScriptingObjects (0ms)
		CreateAndSetChildDomain (37ms)
	RebuildCommonClasses (28ms)
	RebuildNativeTypeToScriptingClass (8ms)
	initialDomainReloadingComplete (29ms)
	LoadAllAssembliesAndSetupDomain (251ms)
		LoadAssemblies (316ms)
		RebuildTransferFunctionScriptingTraits (0ms)
		AnalyzeDomain (17ms)
			TypeCache.Refresh (7ms)
				TypeCache.ScanAssembly (0ms)
			ScanForSourceGeneratedMonoScriptInfo (0ms)
			ResolveRequiredComponents (8ms)
	FinalizeReload (996ms)
		ReleaseScriptCaches (0ms)
		RebuildScriptCaches (0ms)
		SetupLoadedEditorAssemblies (432ms)
			LogAssemblyErrors (0ms)
			InitializePlatformSupportModulesInManaged (19ms)
			SetLoadedEditorAssemblies (4ms)
			RefreshPlugins (0ms)
			BeforeProcessingInitializeOnLoad (63ms)
			ProcessInitializeOnLoadAttributes (320ms)
			ProcessInitializeOnLoadMethodAttributes (18ms)
			AfterProcessingInitializeOnLoad (8ms)
			EditorAssembliesLoaded (0ms)
		ExecutionOrderSort2 (0ms)
		AwakeInstancesAfterBackupRestoration (7ms)
Refreshing native plugins compatible for Editor in 6.09 ms, found 3 plugins.
Preloading 0 native plugins for Editor in 0.00 ms.
Unloading 3316 Unused Serialized files (Serialized files now loaded: 0)
Unloading 15 unused Assets / (100.0 KB). Loaded Objects now: 4138.
Memory consumption went from 147.8 MB to 147.7 MB.
Total: 3.668500 ms (FindLiveObjects: 0.326600 ms CreateObjectMapping: 0.161800 ms MarkObjects: 3.088900 ms  DeleteObjects: 0.089400 ms)

Prepare: number of updated asset objects reloaded= 0
AssetImportParameters requested are different than current active one (requested -> active):
  custom:container-demuxer-ogg: 62fdf1f143b41e24485cea50d1cbac27 -> 
  custom:video-codec-MediaFoundation-h265: 746d11721c4dcdbdad8f713fa42b33f4 -> 
  custom:video-decoder-ogg-theora: a1e56fd34408186e4bbccfd4996cb3dc -> 
  custom:framework-win-MediaFoundation: 216162199b28c13a410421893ffa2e32 -> 
  custom:CustomObjectIndexerAttribute: 9a22284fe3817be447336de3de66b15e -> 
  custom:container-demuxer-webm: 4f35f7cbe854078d1ac9338744f61a02 -> 
  custom:container-muxer-webm: aa71ff27fc2769a1b78a27578f13a17b -> 
  custom:video-decoder-webm-vp8: 9c59270c3fd7afecdb556c50c9e8de78 -> 
  custom:SearchIndexIgnoredProperties: e643bd26f0fe6173181afceb89e7c659 -> 
  custom:AudioImporter_EditorPlatform: d09bf68614088b80899f8185d706f6e7 -> 
  custom:video-encoder-webm-vp8: eb34c28f22e8b96e1ab97ce403110664 -> 
  custom:audio-decoder-ogg-vorbis: bf7c407c2cedff20999df2af8eb42d56 -> 
  custom:audio-encoder-webm-vorbis: bf7c407c2cedff20999df2af8eb42d56 -> 
  custom:scripting/precompiled-assembly-types:Assembly-CSharp: e55a2fa785e173be73e0b402f26eaafd -> 35608be151fe7e05c57e8ab9c9ef4787
========================================================================
Received Prepare
Caller must complete domain reload
Begin MonoManager ReloadAssembly
- Loaded All Assemblies, in  0.477 seconds
Native extension for WindowsStandalone target not found
Native extension for Android target not found
Native extension for WebGL target not found
Mono: successfully reloaded assembly
- Finished resetting the current domain, in  1.055 seconds
Domain Reload Profiling: 1528ms
	BeginReloadAssembly (153ms)
		ExecutionOrderSort (0ms)
		DisableScriptedObjects (5ms)
		BackupInstance (0ms)
		ReleaseScriptingObjects (0ms)
		CreateAndSetChildDomain (37ms)
	RebuildCommonClasses (27ms)
	RebuildNativeTypeToScriptingClass (8ms)
	initialDomainReloadingComplete (29ms)
	LoadAllAssembliesAndSetupDomain (255ms)
		LoadAssemblies (322ms)
		RebuildTransferFunctionScriptingTraits (0ms)
		AnalyzeDomain (13ms)
			TypeCache.Refresh (6ms)
				TypeCache.ScanAssembly (0ms)
			ScanForSourceGeneratedMonoScriptInfo (0ms)
			ResolveRequiredComponents (5ms)
	FinalizeReload (1056ms)
		ReleaseScriptCaches (0ms)
		RebuildScriptCaches (0ms)
		SetupLoadedEditorAssemblies (492ms)
			LogAssemblyErrors (0ms)
			InitializePlatformSupportModulesInManaged (19ms)
			SetLoadedEditorAssemblies (5ms)
			RefreshPlugins (0ms)
			BeforeProcessingInitializeOnLoad (71ms)
			ProcessInitializeOnLoadAttributes (366ms)
			ProcessInitializeOnLoadMethodAttributes (22ms)
			AfterProcessingInitializeOnLoad (9ms)
			EditorAssembliesLoaded (0ms)
		ExecutionOrderSort2 (0ms)
		AwakeInstancesAfterBackupRestoration (8ms)
Refreshing native plugins compatible for Editor in 4.77 ms, found 3 plugins.
Preloading 0 native plugins for Editor in 0.00 ms.
Unloading 3316 Unused Serialized files (Serialized files now loaded: 0)
Unloading 15 unused Assets / (100.0 KB). Loaded Objects now: 4153.
Memory consumption went from 147.8 MB to 147.7 MB.
Total: 4.491700 ms (FindLiveObjects: 0.585100 ms CreateObjectMapping: 0.288400 ms MarkObjects: 3.538500 ms  DeleteObjects: 0.077800 ms)

Prepare: number of updated asset objects reloaded= 0
AssetImportParameters requested are different than current active one (requested -> active):
  custom:container-demuxer-ogg: 62fdf1f143b41e24485cea50d1cbac27 -> 
  custom:video-codec-MediaFoundation-h265: 746d11721c4dcdbdad8f713fa42b33f4 -> 
  custom:video-decoder-ogg-theora: a1e56fd34408186e4bbccfd4996cb3dc -> 
  custom:framework-win-MediaFoundation: 216162199b28c13a410421893ffa2e32 -> 
  custom:CustomObjectIndexerAttribute: 9a22284fe3817be447336de3de66b15e -> 
  custom:container-demuxer-webm: 4f35f7cbe854078d1ac9338744f61a02 -> 
  custom:container-muxer-webm: aa71ff27fc2769a1b78a27578f13a17b -> 
  custom:video-decoder-webm-vp8: 9c59270c3fd7afecdb556c50c9e8de78 -> 
  custom:SearchIndexIgnoredProperties: e643bd26f0fe6173181afceb89e7c659 -> 
  custom:AudioImporter_EditorPlatform: d09bf68614088b80899f8185d706f6e7 -> 
  custom:video-encoder-webm-vp8: eb34c28f22e8b96e1ab97ce403110664 -> 
  custom:audio-decoder-ogg-vorbis: bf7c407c2cedff20999df2af8eb42d56 -> 
  custom:audio-encoder-webm-vorbis: bf7c407c2cedff20999df2af8eb42d56 -> 
  custom:scripting/precompiled-assembly-types:Assembly-CSharp: e55a2fa785e173be73e0b402f26eaafd -> 35608be151fe7e05c57e8ab9c9ef4787
========================================================================
Received Prepare
Caller must complete domain reload
Begin MonoManager ReloadAssembly
- Loaded All Assemblies, in  0.469 seconds
Native extension for WindowsStandalone target not found
Native extension for Android target not found
Native extension for WebGL target not found
Mono: successfully reloaded assembly
- Finished resetting the current domain, in  0.984 seconds
Domain Reload Profiling: 1450ms
	BeginReloadAssembly (154ms)
		ExecutionOrderSort (0ms)
		DisableScriptedObjects (4ms)
		BackupInstance (0ms)
		ReleaseScriptingObjects (0ms)
		CreateAndSetChildDomain (35ms)
	RebuildCommonClasses (27ms)
	RebuildNativeTypeToScriptingClass (9ms)
	initialDomainReloadingComplete (31ms)
	LoadAllAssembliesAndSetupDomain (246ms)
		LoadAssemblies (315ms)
		RebuildTransferFunctionScriptingTraits (0ms)
		AnalyzeDomain (13ms)
			TypeCache.Refresh (6ms)
				TypeCache.ScanAssembly (0ms)
			ScanForSourceGeneratedMonoScriptInfo (0ms)
			ResolveRequiredComponents (5ms)
	FinalizeReload (984ms)
		ReleaseScriptCaches (0ms)
		RebuildScriptCaches (0ms)
		SetupLoadedEditorAssemblies (429ms)
			LogAssemblyErrors (0ms)
			InitializePlatformSupportModulesInManaged (21ms)
			SetLoadedEditorAssemblies (4ms)
			RefreshPlugins (0ms)
			BeforeProcessingInitializeOnLoad (61ms)
			ProcessInitializeOnLoadAttributes (318ms)
			ProcessInitializeOnLoadMethodAttributes (16ms)
			AfterProcessingInitializeOnLoad (7ms)
			EditorAssembliesLoaded (0ms)
		ExecutionOrderSort2 (0ms)
		AwakeInstancesAfterBackupRestoration (7ms)
Refreshing native plugins compatible for Editor in 5.40 ms, found 3 plugins.
Preloading 0 native plugins for Editor in 0.00 ms.
Unloading 3316 Unused Serialized files (Serialized files now loaded: 0)
Unloading 15 unused Assets / (100.0 KB). Loaded Objects now: 4168.
Memory consumption went from 147.8 MB to 147.7 MB.
Total: 3.473800 ms (FindLiveObjects: 0.292500 ms CreateObjectMapping: 0.180900 ms MarkObjects: 2.928000 ms  DeleteObjects: 0.071200 ms)

Prepare: number of updated asset objects reloaded= 0
AssetImportParameters requested are different than current active one (requested -> active):
  custom:container-demuxer-ogg: 62fdf1f143b41e24485cea50d1cbac27 -> 
  custom:video-codec-MediaFoundation-h265: 746d11721c4dcdbdad8f713fa42b33f4 -> 
  custom:video-decoder-ogg-theora: a1e56fd34408186e4bbccfd4996cb3dc -> 
  custom:framework-win-MediaFoundation: 216162199b28c13a410421893ffa2e32 -> 
  custom:CustomObjectIndexerAttribute: 9a22284fe3817be447336de3de66b15e -> 
  custom:container-demuxer-webm: 4f35f7cbe854078d1ac9338744f61a02 -> 
  custom:container-muxer-webm: aa71ff27fc2769a1b78a27578f13a17b -> 
  custom:video-decoder-webm-vp8: 9c59270c3fd7afecdb556c50c9e8de78 -> 
  custom:SearchIndexIgnoredProperties: e643bd26f0fe6173181afceb89e7c659 -> 
  custom:AudioImporter_EditorPlatform: d09bf68614088b80899f8185d706f6e7 -> 
  custom:video-encoder-webm-vp8: eb34c28f22e8b96e1ab97ce403110664 -> 
  custom:audio-decoder-ogg-vorbis: bf7c407c2cedff20999df2af8eb42d56 -> 
  custom:audio-encoder-webm-vorbis: bf7c407c2cedff20999df2af8eb42d56 -> 
  custom:scripting/precompiled-assembly-types:Assembly-CSharp: e55a2fa785e173be73e0b402f26eaafd -> 35608be151fe7e05c57e8ab9c9ef4787
========================================================================
Received Prepare
Refreshing native plugins compatible for Editor in 4.71 ms, found 3 plugins.
Preloading 0 native plugins for Editor in 0.00 ms.
Unloading 2 Unused Serialized files (Serialized files now loaded: 0)
Unloading 2 unused Assets / (76.6 KB). Loaded Objects now: 4168.
Memory consumption went from 96.4 MB to 96.3 MB.
Total: 4.877700 ms (FindLiveObjects: 0.408100 ms CreateObjectMapping: 0.143400 ms MarkObjects: 4.222900 ms  DeleteObjects: 0.102000 ms)

Prepare: number of updated asset objects reloaded= 0
AssetImportParameters requested are different than current active one (requested -> active):
  custom:container-demuxer-ogg: 62fdf1f143b41e24485cea50d1cbac27 -> 
  custom:video-codec-MediaFoundation-h265: 746d11721c4dcdbdad8f713fa42b33f4 -> 
  custom:video-decoder-ogg-theora: a1e56fd34408186e4bbccfd4996cb3dc -> 
  custom:framework-win-MediaFoundation: 216162199b28c13a410421893ffa2e32 -> 
  custom:CustomObjectIndexerAttribute: 9a22284fe3817be447336de3de66b15e -> 
  custom:container-demuxer-webm: 4f35f7cbe854078d1ac9338744f61a02 -> 
  custom:container-muxer-webm: aa71ff27fc2769a1b78a27578f13a17b -> 
  custom:video-decoder-webm-vp8: 9c59270c3fd7afecdb556c50c9e8de78 -> 
  custom:SearchIndexIgnoredProperties: e643bd26f0fe6173181afceb89e7c659 -> 
  custom:AudioImporter_EditorPlatform: d09bf68614088b80899f8185d706f6e7 -> 
  custom:video-encoder-webm-vp8: eb34c28f22e8b96e1ab97ce403110664 -> 
  custom:audio-decoder-ogg-vorbis: bf7c407c2cedff20999df2af8eb42d56 -> 
  custom:audio-encoder-webm-vorbis: bf7c407c2cedff20999df2af8eb42d56 -> 
  custom:scripting/precompiled-assembly-types:Assembly-CSharp: e55a2fa785e173be73e0b402f26eaafd -> 35608be151fe7e05c57e8ab9c9ef4787
========================================================================
Received Prepare
Caller must complete domain reload
Begin MonoManager ReloadAssembly
- Loaded All Assemblies, in  0.679 seconds
Native extension for WindowsStandalone target not found
Native extension for Android target not found
Native extension for WebGL target not found
Mono: successfully reloaded assembly
- Finished resetting the current domain, in  2.154 seconds
Domain Reload Profiling: 2830ms
	BeginReloadAssembly (233ms)
		ExecutionOrderSort (0ms)
		DisableScriptedObjects (7ms)
		BackupInstance (0ms)
		ReleaseScriptingObjects (0ms)
		CreateAndSetChildDomain (65ms)
	RebuildCommonClasses (32ms)
	RebuildNativeTypeToScriptingClass (8ms)
	initialDomainReloadingComplete (33ms)
	LoadAllAssembliesAndSetupDomain (370ms)
		LoadAssemblies (471ms)
		RebuildTransferFunctionScriptingTraits (0ms)
		AnalyzeDomain (16ms)
			TypeCache.Refresh (8ms)
				TypeCache.ScanAssembly (0ms)
			ScanForSourceGeneratedMonoScriptInfo (0ms)
			ResolveRequiredComponents (7ms)
	FinalizeReload (2154ms)
		ReleaseScriptCaches (0ms)
		RebuildScriptCaches (0ms)
		SetupLoadedEditorAssemblies (556ms)
			LogAssemblyErrors (0ms)
			InitializePlatformSupportModulesInManaged (22ms)
			SetLoadedEditorAssemblies (4ms)
			RefreshPlugins (0ms)
			BeforeProcessingInitializeOnLoad (71ms)
			ProcessInitializeOnLoadAttributes (430ms)
			ProcessInitializeOnLoadMethodAttributes (20ms)
			AfterProcessingInitializeOnLoad (8ms)
			EditorAssembliesLoaded (0ms)
		ExecutionOrderSort2 (0ms)
		AwakeInstancesAfterBackupRestoration (7ms)
Refreshing native plugins compatible for Editor in 5.15 ms, found 3 plugins.
Preloading 0 native plugins for Editor in 0.00 ms.
Unloading 3316 Unused Serialized files (Serialized files now loaded: 0)
Unloading 15 unused Assets / (100.1 KB). Loaded Objects now: 4183.
Memory consumption went from 147.8 MB to 147.8 MB.
Total: 3.926300 ms (FindLiveObjects: 0.401500 ms CreateObjectMapping: 0.175100 ms MarkObjects: 3.272600 ms  DeleteObjects: 0.075600 ms)

Prepare: number of updated asset objects reloaded= 0
AssetImportParameters requested are different than current active one (requested -> active):
  custom:container-demuxer-ogg: 62fdf1f143b41e24485cea50d1cbac27 -> 
  custom:video-codec-MediaFoundation-h265: 746d11721c4dcdbdad8f713fa42b33f4 -> 
  custom:video-decoder-ogg-theora: a1e56fd34408186e4bbccfd4996cb3dc -> 
  custom:framework-win-MediaFoundation: 216162199b28c13a410421893ffa2e32 -> 
  custom:CustomObjectIndexerAttribute: 9a22284fe3817be447336de3de66b15e -> 
  custom:container-demuxer-webm: 4f35f7cbe854078d1ac9338744f61a02 -> 
  custom:container-muxer-webm: aa71ff27fc2769a1b78a27578f13a17b -> 
  custom:video-decoder-webm-vp8: 9c59270c3fd7afecdb556c50c9e8de78 -> 
  custom:SearchIndexIgnoredProperties: e643bd26f0fe6173181afceb89e7c659 -> 
  custom:AudioImporter_EditorPlatform: d09bf68614088b80899f8185d706f6e7 -> 
  custom:video-encoder-webm-vp8: eb34c28f22e8b96e1ab97ce403110664 -> 
  custom:audio-decoder-ogg-vorbis: bf7c407c2cedff20999df2af8eb42d56 -> 
  custom:audio-encoder-webm-vorbis: bf7c407c2cedff20999df2af8eb42d56 -> 
  custom:scripting/precompiled-assembly-types:Assembly-CSharp: e55a2fa785e173be73e0b402f26eaafd -> 35608be151fe7e05c57e8ab9c9ef4787
========================================================================
Received Prepare
Caller must complete domain reload
Begin MonoManager ReloadAssembly
- Loaded All Assemblies, in  0.533 seconds
Native extension for WindowsStandalone target not found
Native extension for Android target not found
Native extension for WebGL target not found
Mono: successfully reloaded assembly
- Finished resetting the current domain, in  0.995 seconds
Domain Reload Profiling: 1525ms
	BeginReloadAssembly (161ms)
		ExecutionOrderSort (0ms)
		DisableScriptedObjects (5ms)
		BackupInstance (0ms)
		ReleaseScriptingObjects (0ms)
		CreateAndSetChildDomain (42ms)
	RebuildCommonClasses (29ms)
	RebuildNativeTypeToScriptingClass (8ms)
	initialDomainReloadingComplete (31ms)
	LoadAllAssembliesAndSetupDomain (300ms)
		LoadAssemblies (368ms)
		RebuildTransferFunctionScriptingTraits (0ms)
		AnalyzeDomain (14ms)
			TypeCache.Refresh (5ms)
				TypeCache.ScanAssembly (0ms)
			ScanForSourceGeneratedMonoScriptInfo (0ms)
			ResolveRequiredComponents (7ms)
	FinalizeReload (996ms)
		ReleaseScriptCaches (0ms)
		RebuildScriptCaches (0ms)
		SetupLoadedEditorAssemblies (442ms)
			LogAssemblyErrors (0ms)
			InitializePlatformSupportModulesInManaged (21ms)
			SetLoadedEditorAssemblies (4ms)
			RefreshPlugins (0ms)
			BeforeProcessingInitializeOnLoad (62ms)
			ProcessInitializeOnLoadAttributes (324ms)
			ProcessInitializeOnLoadMethodAttributes (22ms)
			AfterProcessingInitializeOnLoad (9ms)
			EditorAssembliesLoaded (0ms)
		ExecutionOrderSort2 (0ms)
		AwakeInstancesAfterBackupRestoration (7ms)
Refreshing native plugins compatible for Editor in 6.26 ms, found 3 plugins.
Preloading 0 native plugins for Editor in 0.00 ms.
Unloading 3316 Unused Serialized files (Serialized files now loaded: 0)
Unloading 15 unused Assets / (99.9 KB). Loaded Objects now: 4198.
Memory consumption went from 147.9 MB to 147.8 MB.
Total: 4.768500 ms (FindLiveObjects: 0.641400 ms CreateObjectMapping: 0.297100 ms MarkObjects: 3.734700 ms  DeleteObjects: 0.093800 ms)

Prepare: number of updated asset objects reloaded= 0
AssetImportParameters requested are different than current active one (requested -> active):
  custom:container-demuxer-ogg: 62fdf1f143b41e24485cea50d1cbac27 -> 
  custom:video-codec-MediaFoundation-h265: 746d11721c4dcdbdad8f713fa42b33f4 -> 
  custom:video-decoder-ogg-theora: a1e56fd34408186e4bbccfd4996cb3dc -> 
  custom:framework-win-MediaFoundation: 216162199b28c13a410421893ffa2e32 -> 
  custom:CustomObjectIndexerAttribute: 9a22284fe3817be447336de3de66b15e -> 
  custom:container-demuxer-webm: 4f35f7cbe854078d1ac9338744f61a02 -> 
  custom:container-muxer-webm: aa71ff27fc2769a1b78a27578f13a17b -> 
  custom:video-decoder-webm-vp8: 9c59270c3fd7afecdb556c50c9e8de78 -> 
  custom:SearchIndexIgnoredProperties: e643bd26f0fe6173181afceb89e7c659 -> 
  custom:AudioImporter_EditorPlatform: d09bf68614088b80899f8185d706f6e7 -> 
  custom:video-encoder-webm-vp8: eb34c28f22e8b96e1ab97ce403110664 -> 
  custom:audio-decoder-ogg-vorbis: bf7c407c2cedff20999df2af8eb42d56 -> 
  custom:audio-encoder-webm-vorbis: bf7c407c2cedff20999df2af8eb42d56 -> 
  custom:scripting/precompiled-assembly-types:Assembly-CSharp: e55a2fa785e173be73e0b402f26eaafd -> 35608be151fe7e05c57e8ab9c9ef4787
========================================================================
Received Prepare
Refreshing native plugins compatible for Editor in 6.46 ms, found 3 plugins.
Preloading 0 native plugins for Editor in 0.00 ms.
Unloading 2 Unused Serialized files (Serialized files now loaded: 0)
Unloading 2 unused Assets / (76.6 KB). Loaded Objects now: 4198.
Memory consumption went from 96.4 MB to 96.4 MB.
Total: 3.935400 ms (FindLiveObjects: 0.318400 ms CreateObjectMapping: 0.222200 ms MarkObjects: 3.322300 ms  DeleteObjects: 0.071400 ms)

Prepare: number of updated asset objects reloaded= 0
AssetImportParameters requested are different than current active one (requested -> active):
  custom:container-demuxer-ogg: 62fdf1f143b41e24485cea50d1cbac27 -> 
  custom:video-codec-MediaFoundation-h265: 746d11721c4dcdbdad8f713fa42b33f4 -> 
  custom:video-decoder-ogg-theora: a1e56fd34408186e4bbccfd4996cb3dc -> 
  custom:framework-win-MediaFoundation: 216162199b28c13a410421893ffa2e32 -> 
  custom:CustomObjectIndexerAttribute: 9a22284fe3817be447336de3de66b15e -> 
  custom:container-demuxer-webm: 4f35f7cbe854078d1ac9338744f61a02 -> 
  custom:container-muxer-webm: aa71ff27fc2769a1b78a27578f13a17b -> 
  custom:video-decoder-webm-vp8: 9c59270c3fd7afecdb556c50c9e8de78 -> 
  custom:SearchIndexIgnoredProperties: e643bd26f0fe6173181afceb89e7c659 -> 
  custom:AudioImporter_EditorPlatform: d09bf68614088b80899f8185d706f6e7 -> 
  custom:video-encoder-webm-vp8: eb34c28f22e8b96e1ab97ce403110664 -> 
  custom:audio-decoder-ogg-vorbis: bf7c407c2cedff20999df2af8eb42d56 -> 
  custom:audio-encoder-webm-vorbis: bf7c407c2cedff20999df2af8eb42d56 -> 
  custom:scripting/precompiled-assembly-types:Assembly-CSharp: e55a2fa785e173be73e0b402f26eaafd -> 35608be151fe7e05c57e8ab9c9ef4787
