Using pre-set license
Built from '2022.3/staging' branch; Version is '2022.3.55f1 (9f374180d209) revision 10434369'; Using compiler version '192829333'; Build Type 'Release'
OS: 'Windows 11  (10.0.26100) 64bit CoreSingleLanguage' Language: 'en' Physical Memory: 8010 MB
BatchMode: 1, IsHumanControllingUs: 0, StartBugReporterOnCrash: 0, Is64bit: 1, IsPro: 1

COMMAND LINE ARGUMENTS:
C:\Program Files\Unity\Hub\Editor\2022.3.55f1\Editor\Unity.exe
-adb2
-batchMode
-noUpm
-name
AssetImportWorker0
-projectPath
C:/Users/panget/OneDrive/Documents/DelRosario_MichelleAngela_SpaceShooter/Quiz5/Tower Defense_DelRosario
-logFile
Logs/AssetImportWorker0.log
-srvPort
58626
Successfully changed project path to: C:/Users/panget/OneDrive/Documents/DelRosario_MichelleAngela_SpaceShooter/Quiz5/Tower Defense_DelRosario
C:/Users/panget/OneDrive/Documents/DelRosario_MichelleAngela_SpaceShooter/Quiz5/Tower Defense_DelRosario
[UnityMemory] Configuration Parameters - Can be set up in boot.config
    "memorysetup-bucket-allocator-granularity=16"
    "memorysetup-bucket-allocator-bucket-count=8"
    "memorysetup-bucket-allocator-block-size=33554432"
    "memorysetup-bucket-allocator-block-count=8"
    "memorysetup-main-allocator-block-size=16777216"
    "memorysetup-thread-allocator-block-size=16777216"
    "memorysetup-gfx-main-allocator-block-size=16777216"
    "memorysetup-gfx-thread-allocator-block-size=16777216"
    "memorysetup-cache-allocator-block-size=4194304"
    "memorysetup-typetree-allocator-block-size=2097152"
    "memorysetup-profiler-bucket-allocator-granularity=16"
    "memorysetup-profiler-bucket-allocator-bucket-count=8"
    "memorysetup-profiler-bucket-allocator-block-size=33554432"
    "memorysetup-profiler-bucket-allocator-block-count=8"
    "memorysetup-profiler-allocator-block-size=16777216"
    "memorysetup-profiler-editor-allocator-block-size=1048576"
    "memorysetup-temp-allocator-size-main=16777216"
    "memorysetup-job-temp-allocator-block-size=2097152"
    "memorysetup-job-temp-allocator-block-size-background=1048576"
    "memorysetup-job-temp-allocator-reduction-small-platforms=262144"
    "memorysetup-allocator-temp-initial-block-size-main=262144"
    "memorysetup-allocator-temp-initial-block-size-worker=262144"
    "memorysetup-temp-allocator-size-background-worker=32768"
    "memorysetup-temp-allocator-size-job-worker=262144"
    "memorysetup-temp-allocator-size-preload-manager=33554432"
    "memorysetup-temp-allocator-size-nav-mesh-worker=65536"
    "memorysetup-temp-allocator-size-audio-worker=65536"
    "memorysetup-temp-allocator-size-cloud-worker=32768"
    "memorysetup-temp-allocator-size-gi-baking-worker=262144"
    "memorysetup-temp-allocator-size-gfx=262144"
Player connection [26992]  Target information:

Player connection [26992]  * "[IP] 192.168.5.109 [Port] 0 [Flags] 2 [Guid] 4050994261 [EditorId] 4050994261 [Version] 1048832 [Id] WindowsEditor(7,MICHIKO) [Debug] 1 [PackageName] WindowsEditor [ProjectName] Editor" 

Player connection [26992] Host joined multi-casting on [225.0.0.222:54997]...
Player connection [26992] Host joined alternative multi-casting on [225.0.0.222:34997]...
[PhysX] Initialized MultithreadedTaskDispatcher with 16 workers.
Refreshing native plugins compatible for Editor in 11.03 ms, found 3 plugins.
Preloading 0 native plugins for Editor in 0.00 ms.
Initialize engine version: 2022.3.55f1 (9f374180d209)
[Subsystems] Discovering subsystems at path C:/Program Files/Unity/Hub/Editor/2022.3.55f1/Editor/Data/Resources/UnitySubsystems
[Subsystems] Discovering subsystems at path C:/Users/panget/OneDrive/Documents/DelRosario_MichelleAngela_SpaceShooter/Quiz5/Tower Defense_DelRosario/Assets
GfxDevice: creating device client; threaded=0; jobified=0
Direct3D:
    Version:  Direct3D 11.0 [level 11.1]
    Renderer: NVIDIA GeForce RTX 2050 (ID=0x25ad)
    Vendor:   NVIDIA
    VRAM:     3964 MB
    Driver:   32.0.15.6636
Initialize mono
Mono path[0] = 'C:/Program Files/Unity/Hub/Editor/2022.3.55f1/Editor/Data/Managed'
Mono path[1] = 'C:/Program Files/Unity/Hub/Editor/2022.3.55f1/Editor/Data/MonoBleedingEdge/lib/mono/unityjit-win32'
Mono config path = 'C:/Program Files/Unity/Hub/Editor/2022.3.55f1/Editor/Data/MonoBleedingEdge/etc'
Using monoOptions --debugger-agent=transport=dt_socket,embedding=1,server=y,suspend=n,address=127.0.0.1:56772
Begin MonoManager ReloadAssembly
Registering precompiled unity dll's ...
Register platform support module: C:/Program Files/Unity/Hub/Editor/2022.3.55f1/Editor/Data/PlaybackEngines/WebGLSupport/UnityEditor.WebGL.Extensions.dll
Register platform support module: C:/Program Files/Unity/Hub/Editor/2022.3.55f1/Editor/Data/PlaybackEngines/AndroidPlayer/UnityEditor.Android.Extensions.dll
Register platform support module: C:/Program Files/Unity/Hub/Editor/2022.3.55f1/Editor/Data/PlaybackEngines/WindowsStandaloneSupport/UnityEditor.WindowsStandalone.Extensions.dll
Registered in 0.017213 seconds.
- Loaded All Assemblies, in  0.486 seconds
Native extension for WindowsStandalone target not found
Native extension for Android target not found
Native extension for WebGL target not found
Mono: successfully reloaded assembly
- Finished resetting the current domain, in  0.306 seconds
Domain Reload Profiling: 791ms
	BeginReloadAssembly (183ms)
		ExecutionOrderSort (0ms)
		DisableScriptedObjects (0ms)
		BackupInstance (0ms)
		ReleaseScriptingObjects (0ms)
		CreateAndSetChildDomain (1ms)
	RebuildCommonClasses (38ms)
	RebuildNativeTypeToScriptingClass (8ms)
	initialDomainReloadingComplete (87ms)
	LoadAllAssembliesAndSetupDomain (167ms)
		LoadAssemblies (180ms)
		RebuildTransferFunctionScriptingTraits (0ms)
		AnalyzeDomain (163ms)
			TypeCache.Refresh (162ms)
				TypeCache.ScanAssembly (145ms)
			ScanForSourceGeneratedMonoScriptInfo (0ms)
			ResolveRequiredComponents (0ms)
	FinalizeReload (307ms)
		ReleaseScriptCaches (0ms)
		RebuildScriptCaches (0ms)
		SetupLoadedEditorAssemblies (260ms)
			LogAssemblyErrors (0ms)
			InitializePlatformSupportModulesInManaged (60ms)
			SetLoadedEditorAssemblies (7ms)
			RefreshPlugins (0ms)
			BeforeProcessingInitializeOnLoad (2ms)
			ProcessInitializeOnLoadAttributes (143ms)
			ProcessInitializeOnLoadMethodAttributes (49ms)
			AfterProcessingInitializeOnLoad (0ms)
			EditorAssembliesLoaded (0ms)
		ExecutionOrderSort2 (0ms)
		AwakeInstancesAfterBackupRestoration (0ms)
========================================================================
Worker process is ready to serve import requests
Caller must complete domain reload
Begin MonoManager ReloadAssembly
- Loaded All Assemblies, in  0.879 seconds
Native extension for WindowsStandalone target not found
Native extension for Android target not found
Native extension for WebGL target not found
Mono: successfully reloaded assembly
- Finished resetting the current domain, in  0.728 seconds
Domain Reload Profiling: 1593ms
	BeginReloadAssembly (183ms)
		ExecutionOrderSort (0ms)
		DisableScriptedObjects (5ms)
		BackupInstance (0ms)
		ReleaseScriptingObjects (0ms)
		CreateAndSetChildDomain (53ms)
	RebuildCommonClasses (30ms)
	RebuildNativeTypeToScriptingClass (8ms)
	initialDomainReloadingComplete (47ms)
	LoadAllAssembliesAndSetupDomain (595ms)
		LoadAssemblies (500ms)
		RebuildTransferFunctionScriptingTraits (0ms)
		AnalyzeDomain (188ms)
			TypeCache.Refresh (167ms)
				TypeCache.ScanAssembly (150ms)
			ScanForSourceGeneratedMonoScriptInfo (14ms)
			ResolveRequiredComponents (5ms)
	FinalizeReload (729ms)
		ReleaseScriptCaches (0ms)
		RebuildScriptCaches (0ms)
		SetupLoadedEditorAssemblies (582ms)
			LogAssemblyErrors (0ms)
			InitializePlatformSupportModulesInManaged (20ms)
			SetLoadedEditorAssemblies (5ms)
			RefreshPlugins (0ms)
			BeforeProcessingInitializeOnLoad (67ms)
			ProcessInitializeOnLoadAttributes (457ms)
			ProcessInitializeOnLoadMethodAttributes (23ms)
			AfterProcessingInitializeOnLoad (8ms)
			EditorAssembliesLoaded (0ms)
		ExecutionOrderSort2 (0ms)
		AwakeInstancesAfterBackupRestoration (8ms)
Launched and connected shader compiler UnityShaderCompiler.exe after 0.14 seconds
Refreshing native plugins compatible for Editor in 5.83 ms, found 3 plugins.
Preloading 0 native plugins for Editor in 0.00 ms.
Unloading 3337 Unused Serialized files (Serialized files now loaded: 0)
Unloading 32 unused Assets / (128.4 KB). Loaded Objects now: 3824.
Memory consumption went from 140.1 MB to 140.0 MB.
Total: 3.968300 ms (FindLiveObjects: 0.353800 ms CreateObjectMapping: 0.175000 ms MarkObjects: 3.225000 ms  DeleteObjects: 0.212700 ms)

AssetImportParameters requested are different than current active one (requested -> active):
  custom:container-demuxer-ogg: 62fdf1f143b41e24485cea50d1cbac27 -> 
  custom:video-codec-MediaFoundation-h265: 746d11721c4dcdbdad8f713fa42b33f4 -> 
  custom:video-decoder-ogg-theora: a1e56fd34408186e4bbccfd4996cb3dc -> 
  custom:framework-win-MediaFoundation: 216162199b28c13a410421893ffa2e32 -> 
  custom:CustomObjectIndexerAttribute: 9a22284fe3817be447336de3de66b15e -> 
  custom:container-demuxer-webm: 4f35f7cbe854078d1ac9338744f61a02 -> 
  custom:container-muxer-webm: aa71ff27fc2769a1b78a27578f13a17b -> 
  custom:video-decoder-webm-vp8: 9c59270c3fd7afecdb556c50c9e8de78 -> 
  custom:SearchIndexIgnoredProperties: e643bd26f0fe6173181afceb89e7c659 -> 
  custom:AudioImporter_EditorPlatform: d09bf68614088b80899f8185d706f6e7 -> 
  custom:video-encoder-webm-vp8: eb34c28f22e8b96e1ab97ce403110664 -> 
  custom:audio-decoder-ogg-vorbis: bf7c407c2cedff20999df2af8eb42d56 -> 
  custom:audio-encoder-webm-vorbis: bf7c407c2cedff20999df2af8eb42d56 -> 
========================================================================
Received Import Request.
  Time since last request: 103899.654976 seconds.
  path: Assets/TowerDefenseAssets/Builder/NPC_Beard_008.prefab
  artifactKey: Guid(22c332ac2b644c946bfab432ad23e74d) Importer(815301076,1909f56bfc062723c751e8b465ee728b)
Start importing Assets/TowerDefenseAssets/Builder/NPC_Beard_008.prefab using Guid(22c332ac2b644c946bfab432ad23e74d) Importer(815301076,1909f56bfc062723c751e8b465ee728b) [PhysX] Initialized MultithreadedTaskDispatcher with 16 workers.
[PhysX] Initialized MultithreadedTaskDispatcher with 16 workers.
 -> (artifact id: '9af7f1537c30fe5ea4ac326b27844615') in 0.114521 seconds
Number of updated asset objects reloaded before import = 0
Number of asset objects unloaded after import = 9
========================================================================
Received Import Request.
  Time since last request: 0.000029 seconds.
  path: Assets/TowerDefenseAssets/Builder
  artifactKey: Guid(cb84bd6a50ea6404a91748d381307f35) Importer(815301076,1909f56bfc062723c751e8b465ee728b)
Start importing Assets/TowerDefenseAssets/Builder using Guid(cb84bd6a50ea6404a91748d381307f35) Importer(815301076,1909f56bfc062723c751e8b465ee728b) [PhysX] Initialized MultithreadedTaskDispatcher with 16 workers.
 -> (artifact id: '39c545d57588062d46de8767759d8e11') in 0.000854 seconds
Number of updated asset objects reloaded before import = 0
Number of asset objects unloaded after import = 0
========================================================================
Received Import Request.
  Time since last request: 0.000182 seconds.
  path: Assets/TowerDefenseAssets/Builder/NPC_Hair_009.prefab
  artifactKey: Guid(a6e1700042131a245b675823458b0eb9) Importer(815301076,1909f56bfc062723c751e8b465ee728b)
Start importing Assets/TowerDefenseAssets/Builder/NPC_Hair_009.prefab using Guid(a6e1700042131a245b675823458b0eb9) Importer(815301076,1909f56bfc062723c751e8b465ee728b) [PhysX] Initialized MultithreadedTaskDispatcher with 16 workers.
[PhysX] Initialized MultithreadedTaskDispatcher with 16 workers.
 -> (artifact id: '59db647beaaae4a77175be9f00c1e67b') in 0.009877 seconds
Number of updated asset objects reloaded before import = 0
Number of asset objects unloaded after import = 9
========================================================================
Received Import Request.
  Time since last request: 0.000239 seconds.
  path: Assets/TowerDefenseAssets/Builder/NPC_Tools_Axe_005.prefab
  artifactKey: Guid(431ef777e1e0bd3429d91f0d73071c52) Importer(815301076,1909f56bfc062723c751e8b465ee728b)
Start importing Assets/TowerDefenseAssets/Builder/NPC_Tools_Axe_005.prefab using Guid(431ef777e1e0bd3429d91f0d73071c52) Importer(815301076,1909f56bfc062723c751e8b465ee728b) [PhysX] Initialized MultithreadedTaskDispatcher with 16 workers.
[PhysX] Initialized MultithreadedTaskDispatcher with 16 workers.
 -> (artifact id: 'defbf75930a9eb6583bdebae71a7b2ee') in 0.011019 seconds
Number of updated asset objects reloaded before import = 0
Number of asset objects unloaded after import = 9
========================================================================
Received Import Request.
  Time since last request: 0.000032 seconds.
  path: Assets/TowerDefenseAssets/Builder/Lumberjack1.prefab
  artifactKey: Guid(e16ebd76d5ceffd4ea77091388330041) Importer(815301076,1909f56bfc062723c751e8b465ee728b)
Start importing Assets/TowerDefenseAssets/Builder/Lumberjack1.prefab using Guid(e16ebd76d5ceffd4ea77091388330041) Importer(815301076,1909f56bfc062723c751e8b465ee728b) [PhysX] Initialized MultithreadedTaskDispatcher with 16 workers.
[PhysX] Initialized MultithreadedTaskDispatcher with 16 workers.
 -> (artifact id: 'eb460c6dcbfa98c35ff4217285324b5b') in 0.028392 seconds
Number of updated asset objects reloaded before import = 0
Number of asset objects unloaded after import = 147
========================================================================
Received Import Request.
  Time since last request: 10.408687 seconds.
  path: Assets/TowerDefenseAssets/Builder/Models
  artifactKey: Guid(d23b50a4aff6fac43b654e8766eec3d2) Importer(815301076,1909f56bfc062723c751e8b465ee728b)
Start importing Assets/TowerDefenseAssets/Builder/Models using Guid(d23b50a4aff6fac43b654e8766eec3d2) Importer(815301076,1909f56bfc062723c751e8b465ee728b) [PhysX] Initialized MultithreadedTaskDispatcher with 16 workers.
 -> (artifact id: 'e18848e169d594543790105e48bf7166') in 0.000913 seconds
Number of updated asset objects reloaded before import = 0
Number of asset objects unloaded after import = 0
========================================================================
Received Import Request.
  Time since last request: 0.059477 seconds.
  path: Assets/TowerDefenseAssets/Builder/Models/FreeCharacter_Animations.FBX
  artifactKey: Guid(35b9df0d8ef0ab44abeb1b0a9e586310) Importer(815301076,1909f56bfc062723c751e8b465ee728b)
Start importing Assets/TowerDefenseAssets/Builder/Models/FreeCharacter_Animations.FBX using Guid(35b9df0d8ef0ab44abeb1b0a9e586310) Importer(815301076,1909f56bfc062723c751e8b465ee728b) [PhysX] Initialized MultithreadedTaskDispatcher with 16 workers.
 -> (artifact id: 'a2e1f185a30346ceab5727e72d706617') in 0.006685 seconds
Number of updated asset objects reloaded before import = 0
Number of asset objects unloaded after import = 102
========================================================================
Received Import Request.
  Time since last request: 0.000024 seconds.
  path: Assets/TowerDefenseAssets/Builder/Models/FreeCharacter_model.FBX
  artifactKey: Guid(1b7945602ded3ec43804b120aa9ed037) Importer(815301076,1909f56bfc062723c751e8b465ee728b)
Start importing Assets/TowerDefenseAssets/Builder/Models/FreeCharacter_model.FBX using Guid(1b7945602ded3ec43804b120aa9ed037) Importer(815301076,1909f56bfc062723c751e8b465ee728b) [PhysX] Initialized MultithreadedTaskDispatcher with 16 workers.
[PhysX] Initialized MultithreadedTaskDispatcher with 16 workers.
[PhysX] Initialized MultithreadedTaskDispatcher with 16 workers.
[PhysX] Initialized MultithreadedTaskDispatcher with 16 workers.
[PhysX] Initialized MultithreadedTaskDispatcher with 16 workers.
[PhysX] Initialized MultithreadedTaskDispatcher with 16 workers.
[PhysX] Initialized MultithreadedTaskDispatcher with 16 workers.
[PhysX] Initialized MultithreadedTaskDispatcher with 16 workers.
[PhysX] Initialized MultithreadedTaskDispatcher with 16 workers.
[PhysX] Initialized MultithreadedTaskDispatcher with 16 workers.
 -> (artifact id: '547fd40dfc0e1e9f8c52794aec036fb4') in 0.129664 seconds
Number of updated asset objects reloaded before import = 0
Number of asset objects unloaded after import = 132
========================================================================
Received Import Request.
  Time since last request: 14.779258 seconds.
  path: Assets/Prefabs
  artifactKey: Guid(72742d78ba0535a4b9bb759e8f54ac47) Importer(815301076,1909f56bfc062723c751e8b465ee728b)
Start importing Assets/Prefabs using Guid(72742d78ba0535a4b9bb759e8f54ac47) Importer(815301076,1909f56bfc062723c751e8b465ee728b) [PhysX] Initialized MultithreadedTaskDispatcher with 16 workers.
 -> (artifact id: '2029df87ea7a986310fcfcd31c2f21ed') in 0.001485 seconds
Number of updated asset objects reloaded before import = 0
Number of asset objects unloaded after import = 0
========================================================================
Received Import Request.
  Time since last request: 6.925306 seconds.
  path: Assets/TowerDefenseAssets/Goal
  artifactKey: Guid(e659db9283bb347089477787e00a9f88) Importer(815301076,1909f56bfc062723c751e8b465ee728b)
Start importing Assets/TowerDefenseAssets/Goal using Guid(e659db9283bb347089477787e00a9f88) Importer(815301076,1909f56bfc062723c751e8b465ee728b) [PhysX] Initialized MultithreadedTaskDispatcher with 16 workers.
 -> (artifact id: 'ef001fc581c4b99ce884cfd5152e64f7') in 0.000799 seconds
Number of updated asset objects reloaded before import = 0
Number of asset objects unloaded after import = 0
========================================================================
Received Import Request.
  Time since last request: 1.642413 seconds.
  path: Assets/TowerDefenseAssets/Goal/Materials
  artifactKey: Guid(fe8eae9bfb6294b8cb0e8f4abb18ad4b) Importer(815301076,1909f56bfc062723c751e8b465ee728b)
Start importing Assets/TowerDefenseAssets/Goal/Materials using Guid(fe8eae9bfb6294b8cb0e8f4abb18ad4b) Importer(815301076,1909f56bfc062723c751e8b465ee728b) [PhysX] Initialized MultithreadedTaskDispatcher with 16 workers.
 -> (artifact id: '1046ce6697f2d70a20ae2a960a2965b1') in 0.001074 seconds
Number of updated asset objects reloaded before import = 0
Number of asset objects unloaded after import = 0
========================================================================
Received Import Request.
  Time since last request: 0.081832 seconds.
  path: Assets/TowerDefenseAssets/Goal/Materials/healing_effect_007.mat
  artifactKey: Guid(5d2fe2ad63cd87546b257dd9fb12fd96) Importer(815301076,1909f56bfc062723c751e8b465ee728b)
Start importing Assets/TowerDefenseAssets/Goal/Materials/healing_effect_007.mat using Guid(5d2fe2ad63cd87546b257dd9fb12fd96) Importer(815301076,1909f56bfc062723c751e8b465ee728b) [PhysX] Initialized MultithreadedTaskDispatcher with 16 workers.
[PhysX] Initialized MultithreadedTaskDispatcher with 16 workers.
 -> (artifact id: '854d7e42a8e1a03a7d5c4b43165a30f9') in 0.085616 seconds
Number of updated asset objects reloaded before import = 0
Number of asset objects unloaded after import = 2
========================================================================
Received Import Request.
  Time since last request: 0.000027 seconds.
  path: Assets/TowerDefenseAssets/Goal/Materials/Sprite_Ani_2.mat
  artifactKey: Guid(4cfb33d52a644af4ba09f8ce27022647) Importer(815301076,1909f56bfc062723c751e8b465ee728b)
Start importing Assets/TowerDefenseAssets/Goal/Materials/Sprite_Ani_2.mat using Guid(4cfb33d52a644af4ba09f8ce27022647) Importer(815301076,1909f56bfc062723c751e8b465ee728b) [PhysX] Initialized MultithreadedTaskDispatcher with 16 workers.
[PhysX] Initialized MultithreadedTaskDispatcher with 16 workers.
 -> (artifact id: '81c8d429792a60919dd8975e3eb33be6') in 0.006942 seconds
Number of updated asset objects reloaded before import = 0
Number of asset objects unloaded after import = 1
========================================================================
Received Import Request.
  Time since last request: 0.000098 seconds.
  path: Assets/TowerDefenseAssets/Goal/Materials/Sprite_Ani_3.mat
  artifactKey: Guid(81f701938ccaae140acd0d1af2ae9129) Importer(815301076,1909f56bfc062723c751e8b465ee728b)
Start importing Assets/TowerDefenseAssets/Goal/Materials/Sprite_Ani_3.mat using Guid(81f701938ccaae140acd0d1af2ae9129) Importer(815301076,1909f56bfc062723c751e8b465ee728b) [PhysX] Initialized MultithreadedTaskDispatcher with 16 workers.
[PhysX] Initialized MultithreadedTaskDispatcher with 16 workers.
 -> (artifact id: '86b37a3979f54adf14a82d61378cf004') in 0.038682 seconds
Number of updated asset objects reloaded before import = 0
Number of asset objects unloaded after import = 1
========================================================================
Received Import Request.
  Time since last request: 14.615548 seconds.
  path: Assets/TowerDefenseAssets/Goal/Meshes/SD_portal_01.fbx
  artifactKey: Guid(2aefb7673dc20234d9b700f75173e841) Importer(815301076,1909f56bfc062723c751e8b465ee728b)
Start importing Assets/TowerDefenseAssets/Goal/Meshes/SD_portal_01.fbx using Guid(2aefb7673dc20234d9b700f75173e841) Importer(815301076,1909f56bfc062723c751e8b465ee728b) [PhysX] Initialized MultithreadedTaskDispatcher with 16 workers.
[PhysX] Initialized MultithreadedTaskDispatcher with 16 workers.
[PhysX] Initialized MultithreadedTaskDispatcher with 16 workers.
[PhysX] Initialized MultithreadedTaskDispatcher with 16 workers.
[PhysX] Initialized MultithreadedTaskDispatcher with 16 workers.
[PhysX] Initialized MultithreadedTaskDispatcher with 16 workers.
[PhysX] Initialized MultithreadedTaskDispatcher with 16 workers.
 -> (artifact id: '93f305590929c3a29f6a81e3bcae263f') in 0.060133 seconds
Number of updated asset objects reloaded before import = 0
Number of asset objects unloaded after import = 24
========================================================================
Received Import Request.
  Time since last request: 0.000020 seconds.
  path: Assets/TowerDefenseAssets/Goal/Meshes/SD_portal_04.fbx
  artifactKey: Guid(a46bffeddd8ba144d955e13dd9f9690b) Importer(815301076,1909f56bfc062723c751e8b465ee728b)
Start importing Assets/TowerDefenseAssets/Goal/Meshes/SD_portal_04.fbx using Guid(a46bffeddd8ba144d955e13dd9f9690b) Importer(815301076,1909f56bfc062723c751e8b465ee728b) [PhysX] Initialized MultithreadedTaskDispatcher with 16 workers.
[PhysX] Initialized MultithreadedTaskDispatcher with 16 workers.
[PhysX] Initialized MultithreadedTaskDispatcher with 16 workers.
[PhysX] Initialized MultithreadedTaskDispatcher with 16 workers.
[PhysX] Initialized MultithreadedTaskDispatcher with 16 workers.
[PhysX] Initialized MultithreadedTaskDispatcher with 16 workers.
[PhysX] Initialized MultithreadedTaskDispatcher with 16 workers.
 -> (artifact id: 'e67c2b80957a40de6ed4eb50a6e6ffb7') in 0.026818 seconds
Number of updated asset objects reloaded before import = 0
Number of asset objects unloaded after import = 24
========================================================================
Received Import Request.
  Time since last request: 0.584105 seconds.
  path: Assets/TowerDefenseAssets/Goal/Textures/healing_effect_002.PSD
  artifactKey: Guid(7e3febcde792b104280dfc81cc983add) Importer(815301076,1909f56bfc062723c751e8b465ee728b)
Start importing Assets/TowerDefenseAssets/Goal/Textures/healing_effect_002.PSD using Guid(7e3febcde792b104280dfc81cc983add) Importer(815301076,1909f56bfc062723c751e8b465ee728b) [PhysX] Initialized MultithreadedTaskDispatcher with 16 workers.
[PhysX] Initialized MultithreadedTaskDispatcher with 16 workers.
 -> (artifact id: '8ce948dfa699d4df6a868d9caa6bb330') in 0.017113 seconds
Number of updated asset objects reloaded before import = 0
Number of asset objects unloaded after import = 2
========================================================================
Received Import Request.
  Time since last request: 1.960013 seconds.
  path: Assets/TowerDefenseAssets/Map/TD_256_1.asset
  artifactKey: Guid(535a4c8419beacc4191a25744fc29573) Importer(815301076,1909f56bfc062723c751e8b465ee728b)
Start importing Assets/TowerDefenseAssets/Map/TD_256_1.asset using Guid(535a4c8419beacc4191a25744fc29573) Importer(815301076,1909f56bfc062723c751e8b465ee728b) [PhysX] Initialized MultithreadedTaskDispatcher with 16 workers.
[PhysX] Initialized MultithreadedTaskDispatcher with 16 workers.
 -> (artifact id: 'a605e24ad023a3ac5dc2ad79d65f3c49') in 0.100991 seconds
Number of updated asset objects reloaded before import = 0
Number of asset objects unloaded after import = 12
========================================================================
Received Import Request.
  Time since last request: 2.636731 seconds.
  path: Assets/TowerDefenseAssets/Map/Prefabs_props/Banner.prefab
  artifactKey: Guid(ae1bfaed41d170647b31864257fe8702) Importer(815301076,1909f56bfc062723c751e8b465ee728b)
Start importing Assets/TowerDefenseAssets/Map/Prefabs_props/Banner.prefab using Guid(ae1bfaed41d170647b31864257fe8702) Importer(815301076,1909f56bfc062723c751e8b465ee728b) [PhysX] Initialized MultithreadedTaskDispatcher with 16 workers.
[PhysX] Initialized MultithreadedTaskDispatcher with 16 workers.
 -> (artifact id: 'b63c236b7e3260e1a90bcc103314eb7a') in 0.018838 seconds
Number of updated asset objects reloaded before import = 0
Number of asset objects unloaded after import = 10
========================================================================
Received Import Request.
  Time since last request: 0.000023 seconds.
  path: Assets/TowerDefenseAssets/Map/Prefabs_props/Barrier3.prefab
  artifactKey: Guid(c028736ef4b5bc14c90f2813ab58e63e) Importer(815301076,1909f56bfc062723c751e8b465ee728b)
Start importing Assets/TowerDefenseAssets/Map/Prefabs_props/Barrier3.prefab using Guid(c028736ef4b5bc14c90f2813ab58e63e) Importer(815301076,1909f56bfc062723c751e8b465ee728b) [PhysX] Initialized MultithreadedTaskDispatcher with 16 workers.
[PhysX] Initialized MultithreadedTaskDispatcher with 16 workers.
 -> (artifact id: '97426d4685fef128ae9ecbcac08de89e') in 0.015825 seconds
Number of updated asset objects reloaded before import = 0
Number of asset objects unloaded after import = 11
========================================================================
Received Import Request.
  Time since last request: 0.000025 seconds.
  path: Assets/TowerDefenseAssets/Map/Prefabs_props/Barrier4.prefab
  artifactKey: Guid(6ecbe4b744e5b7b4d8fda9548b86d702) Importer(815301076,1909f56bfc062723c751e8b465ee728b)
Start importing Assets/TowerDefenseAssets/Map/Prefabs_props/Barrier4.prefab using Guid(6ecbe4b744e5b7b4d8fda9548b86d702) Importer(815301076,1909f56bfc062723c751e8b465ee728b) [PhysX] Initialized MultithreadedTaskDispatcher with 16 workers.
[PhysX] Initialized MultithreadedTaskDispatcher with 16 workers.
 -> (artifact id: 'acde09f2ba168d1dbba0b1974764c459') in 0.011973 seconds
Number of updated asset objects reloaded before import = 0
Number of asset objects unloaded after import = 11
========================================================================
Received Import Request.
  Time since last request: 0.000024 seconds.
  path: Assets/TowerDefenseAssets/Map/Prefabs_props/Block4.prefab
  artifactKey: Guid(c4d6f39a8771c7248b47e7e2e914151d) Importer(815301076,1909f56bfc062723c751e8b465ee728b)
Start importing Assets/TowerDefenseAssets/Map/Prefabs_props/Block4.prefab using Guid(c4d6f39a8771c7248b47e7e2e914151d) Importer(815301076,1909f56bfc062723c751e8b465ee728b) [PhysX] Initialized MultithreadedTaskDispatcher with 16 workers.
[PhysX] Initialized MultithreadedTaskDispatcher with 16 workers.
 -> (artifact id: '2f971b7cd7d8b7333287f55b31b022b0') in 0.108421 seconds
Number of updated asset objects reloaded before import = 0
Number of asset objects unloaded after import = 10
========================================================================
Received Import Request.
  Time since last request: 0.000041 seconds.
  path: Assets/TowerDefenseAssets/Map/Prefabs_props/Block1.prefab
  artifactKey: Guid(cd6192db1ed9f434393078734efa25e5) Importer(815301076,1909f56bfc062723c751e8b465ee728b)
Start importing Assets/TowerDefenseAssets/Map/Prefabs_props/Block1.prefab using Guid(cd6192db1ed9f434393078734efa25e5) Importer(815301076,1909f56bfc062723c751e8b465ee728b) [PhysX] Initialized MultithreadedTaskDispatcher with 16 workers.
[PhysX] Initialized MultithreadedTaskDispatcher with 16 workers.
 -> (artifact id: 'fc946e6f086dcea36cedffd45f8fa77b') in 0.021552 seconds
Number of updated asset objects reloaded before import = 0
Number of asset objects unloaded after import = 10
========================================================================
Received Import Request.
  Time since last request: 0.000032 seconds.
  path: Assets/TowerDefenseAssets/Map/Prefabs_props/Bones_03.prefab
  artifactKey: Guid(9a22aa7c80de74f49aefa26b1f7d5ac7) Importer(815301076,1909f56bfc062723c751e8b465ee728b)
Start importing Assets/TowerDefenseAssets/Map/Prefabs_props/Bones_03.prefab using Guid(9a22aa7c80de74f49aefa26b1f7d5ac7) Importer(815301076,1909f56bfc062723c751e8b465ee728b) [PhysX] Initialized MultithreadedTaskDispatcher with 16 workers.
[PhysX] Initialized MultithreadedTaskDispatcher with 16 workers.
 -> (artifact id: 'e367d0eebb70c59a3f6af3394aef7513') in 0.010347 seconds
Number of updated asset objects reloaded before import = 0
Number of asset objects unloaded after import = 9
========================================================================
Received Import Request.
  Time since last request: 0.000026 seconds.
  path: Assets/TowerDefenseAssets/Map/Prefabs_props/Barrier2.prefab
  artifactKey: Guid(27c5bf75d8925b647b190d790b90d7ef) Importer(815301076,1909f56bfc062723c751e8b465ee728b)
Start importing Assets/TowerDefenseAssets/Map/Prefabs_props/Barrier2.prefab using Guid(27c5bf75d8925b647b190d790b90d7ef) Importer(815301076,1909f56bfc062723c751e8b465ee728b) [PhysX] Initialized MultithreadedTaskDispatcher with 16 workers.
[PhysX] Initialized MultithreadedTaskDispatcher with 16 workers.
 -> (artifact id: '2ebc8dd6eb9cc33b84000924f9339216') in 0.009774 seconds
Number of updated asset objects reloaded before import = 0
Number of asset objects unloaded after import = 11
========================================================================
Received Import Request.
  Time since last request: 1.430721 seconds.
  path: Assets/TowerDefenseAssets/Map/Prefabs_props/Bones_04.prefab
  artifactKey: Guid(8ebd5a04bbc6b444aacdd6e208d15329) Importer(815301076,1909f56bfc062723c751e8b465ee728b)
Start importing Assets/TowerDefenseAssets/Map/Prefabs_props/Bones_04.prefab using Guid(8ebd5a04bbc6b444aacdd6e208d15329) Importer(815301076,1909f56bfc062723c751e8b465ee728b) [PhysX] Initialized MultithreadedTaskDispatcher with 16 workers.
[PhysX] Initialized MultithreadedTaskDispatcher with 16 workers.
 -> (artifact id: 'a3da57ac3f78e38036f0da85400f9001') in 0.008700 seconds
Number of updated asset objects reloaded before import = 0
Number of asset objects unloaded after import = 9
========================================================================
Received Import Request.
  Time since last request: 0.000023 seconds.
  path: Assets/TowerDefenseAssets/Map/Prefabs_props/Brickwall3.prefab
  artifactKey: Guid(f210c06d6b879cf458a4addb67784415) Importer(815301076,1909f56bfc062723c751e8b465ee728b)
Start importing Assets/TowerDefenseAssets/Map/Prefabs_props/Brickwall3.prefab using Guid(f210c06d6b879cf458a4addb67784415) Importer(815301076,1909f56bfc062723c751e8b465ee728b) [PhysX] Initialized MultithreadedTaskDispatcher with 16 workers.
[PhysX] Initialized MultithreadedTaskDispatcher with 16 workers.
 -> (artifact id: '79c1400cb0584e1e60cfb33d0a272bae') in 0.011976 seconds
Number of updated asset objects reloaded before import = 0
Number of asset objects unloaded after import = 10
========================================================================
Received Import Request.
  Time since last request: 0.000021 seconds.
  path: Assets/TowerDefenseAssets/Map/Prefabs_props/Brickwall1.prefab
  artifactKey: Guid(dff8285982e43174caf6caf1bbccdc46) Importer(815301076,1909f56bfc062723c751e8b465ee728b)
Start importing Assets/TowerDefenseAssets/Map/Prefabs_props/Brickwall1.prefab using Guid(dff8285982e43174caf6caf1bbccdc46) Importer(815301076,1909f56bfc062723c751e8b465ee728b) [PhysX] Initialized MultithreadedTaskDispatcher with 16 workers.
[PhysX] Initialized MultithreadedTaskDispatcher with 16 workers.
 -> (artifact id: 'd3c719ec93fbc893d3866bf9f36db987') in 0.009672 seconds
Number of updated asset objects reloaded before import = 0
Number of asset objects unloaded after import = 10
========================================================================
Received Import Request.
  Time since last request: 1.679862 seconds.
  path: Assets/TowerDefenseAssets/Map/Grounds/Grass1.tif
  artifactKey: Guid(b119d593413363f4284b2d8efd917447) Importer(815301076,1909f56bfc062723c751e8b465ee728b)
Start importing Assets/TowerDefenseAssets/Map/Grounds/Grass1.tif using Guid(b119d593413363f4284b2d8efd917447) Importer(815301076,1909f56bfc062723c751e8b465ee728b) [PhysX] Initialized MultithreadedTaskDispatcher with 16 workers.
[PhysX] Initialized MultithreadedTaskDispatcher with 16 workers.
 -> (artifact id: '0650f4ee2e57ea0463f4d40b1c67224c') in 0.006347 seconds
Number of updated asset objects reloaded before import = 0
Number of asset objects unloaded after import = 2
========================================================================
Received Import Request.
  Time since last request: 0.000020 seconds.
  path: Assets/TowerDefenseAssets/Map/Grounds/Ground_03_winter.tif
  artifactKey: Guid(1310d9c2d4c028040beb96ac4e9d193a) Importer(815301076,1909f56bfc062723c751e8b465ee728b)
Start importing Assets/TowerDefenseAssets/Map/Grounds/Ground_03_winter.tif using Guid(1310d9c2d4c028040beb96ac4e9d193a) Importer(815301076,1909f56bfc062723c751e8b465ee728b) [PhysX] Initialized MultithreadedTaskDispatcher with 16 workers.
[PhysX] Initialized MultithreadedTaskDispatcher with 16 workers.
 -> (artifact id: '84b189dc93708ac35cce229488f94862') in 0.009086 seconds
Number of updated asset objects reloaded before import = 0
Number of asset objects unloaded after import = 2
========================================================================
Received Import Request.
  Time since last request: 0.000052 seconds.
  path: Assets/TowerDefenseAssets/Map/Grounds/Ground_05_nmp.tif
  artifactKey: Guid(408578a71450ac34797d63a8f5865c50) Importer(815301076,1909f56bfc062723c751e8b465ee728b)
Start importing Assets/TowerDefenseAssets/Map/Grounds/Ground_05_nmp.tif using Guid(408578a71450ac34797d63a8f5865c50) Importer(815301076,1909f56bfc062723c751e8b465ee728b) [PhysX] Initialized MultithreadedTaskDispatcher with 16 workers.
[PhysX] Initialized MultithreadedTaskDispatcher with 16 workers.
 -> (artifact id: 'a7bf1999c6ddaedc2501445eb42f832d') in 0.009416 seconds
Number of updated asset objects reloaded before import = 0
Number of asset objects unloaded after import = 2
========================================================================
Received Import Request.
  Time since last request: 0.000022 seconds.
  path: Assets/TowerDefenseAssets/Map/Grounds/Ground_05_winter.tif
  artifactKey: Guid(7e0ef318c347890479c036c4387d9f95) Importer(815301076,1909f56bfc062723c751e8b465ee728b)
Start importing Assets/TowerDefenseAssets/Map/Grounds/Ground_05_winter.tif using Guid(7e0ef318c347890479c036c4387d9f95) Importer(815301076,1909f56bfc062723c751e8b465ee728b) [PhysX] Initialized MultithreadedTaskDispatcher with 16 workers.
[PhysX] Initialized MultithreadedTaskDispatcher with 16 workers.
 -> (artifact id: '37f836433284034cc834461687a204ef') in 0.009973 seconds
Number of updated asset objects reloaded before import = 0
Number of asset objects unloaded after import = 2
========================================================================
Received Import Request.
  Time since last request: 0.000035 seconds.
  path: Assets/TowerDefenseAssets/Map/Grounds/Ground_01.tif
  artifactKey: Guid(bc804a360cf41ae4e93cc4e86539f251) Importer(815301076,1909f56bfc062723c751e8b465ee728b)
Start importing Assets/TowerDefenseAssets/Map/Grounds/Ground_01.tif using Guid(bc804a360cf41ae4e93cc4e86539f251) Importer(815301076,1909f56bfc062723c751e8b465ee728b) [PhysX] Initialized MultithreadedTaskDispatcher with 16 workers.
[PhysX] Initialized MultithreadedTaskDispatcher with 16 workers.
 -> (artifact id: 'c2ebb7ac7181f39d0f530de557c2775d') in 0.007946 seconds
Number of updated asset objects reloaded before import = 0
Number of asset objects unloaded after import = 2
========================================================================
Received Import Request.
  Time since last request: 0.000075 seconds.
  path: Assets/TowerDefenseAssets/Map/Grounds/Ground_04.tif
  artifactKey: Guid(6cbd5920252610e498a57e5b67800f3e) Importer(815301076,1909f56bfc062723c751e8b465ee728b)
Start importing Assets/TowerDefenseAssets/Map/Grounds/Ground_04.tif using Guid(6cbd5920252610e498a57e5b67800f3e) Importer(815301076,1909f56bfc062723c751e8b465ee728b) [PhysX] Initialized MultithreadedTaskDispatcher with 16 workers.
[PhysX] Initialized MultithreadedTaskDispatcher with 16 workers.
 -> (artifact id: '7f3067c63b5ba27d4ded42e5525bd372') in 0.007444 seconds
Number of updated asset objects reloaded before import = 0
Number of asset objects unloaded after import = 2
========================================================================
Received Import Request.
  Time since last request: 0.000020 seconds.
  path: Assets/TowerDefenseAssets/Map/Grounds/Ground_05.tif
  artifactKey: Guid(77fc5f4a898484c4f8721954c09036a8) Importer(815301076,1909f56bfc062723c751e8b465ee728b)
Start importing Assets/TowerDefenseAssets/Map/Grounds/Ground_05.tif using Guid(77fc5f4a898484c4f8721954c09036a8) Importer(815301076,1909f56bfc062723c751e8b465ee728b) [PhysX] Initialized MultithreadedTaskDispatcher with 16 workers.
[PhysX] Initialized MultithreadedTaskDispatcher with 16 workers.
 -> (artifact id: 'dd0442337bc19b29c20a1ce0c66865cd') in 0.008419 seconds
Number of updated asset objects reloaded before import = 0
Number of asset objects unloaded after import = 2
========================================================================
Received Import Request.
  Time since last request: 0.000034 seconds.
  path: Assets/TowerDefenseAssets/Map/Grounds/Ground_06.tif
  artifactKey: Guid(1320dfe4b8580f74aaf3887d1aea85f0) Importer(815301076,1909f56bfc062723c751e8b465ee728b)
Start importing Assets/TowerDefenseAssets/Map/Grounds/Ground_06.tif using Guid(1320dfe4b8580f74aaf3887d1aea85f0) Importer(815301076,1909f56bfc062723c751e8b465ee728b) [PhysX] Initialized MultithreadedTaskDispatcher with 16 workers.
[PhysX] Initialized MultithreadedTaskDispatcher with 16 workers.
 -> (artifact id: 'e67b5a654752d5bc290b681b5f3191a8') in 0.009922 seconds
Number of updated asset objects reloaded before import = 0
Number of asset objects unloaded after import = 2
========================================================================
Received Import Request.
  Time since last request: 0.000034 seconds.
  path: Assets/TowerDefenseAssets/Map/Grounds/Ground_03.tif
  artifactKey: Guid(b7def513e46b90c44ad5fd2e2b6dc64e) Importer(815301076,1909f56bfc062723c751e8b465ee728b)
Start importing Assets/TowerDefenseAssets/Map/Grounds/Ground_03.tif using Guid(b7def513e46b90c44ad5fd2e2b6dc64e) Importer(815301076,1909f56bfc062723c751e8b465ee728b) [PhysX] Initialized MultithreadedTaskDispatcher with 16 workers.
[PhysX] Initialized MultithreadedTaskDispatcher with 16 workers.
 -> (artifact id: '9c32404ae770c2cc7263e848b8e79800') in 0.009868 seconds
Number of updated asset objects reloaded before import = 0
Number of asset objects unloaded after import = 2
========================================================================
Received Import Request.
  Time since last request: 1.723818 seconds.
  path: Assets/TowerDefenseAssets/Map/Grounds/Tiled_bacground_level.mat
  artifactKey: Guid(69f9534987a90fc449540589eda57139) Importer(815301076,1909f56bfc062723c751e8b465ee728b)
Start importing Assets/TowerDefenseAssets/Map/Grounds/Tiled_bacground_level.mat using Guid(69f9534987a90fc449540589eda57139) Importer(815301076,1909f56bfc062723c751e8b465ee728b) [PhysX] Initialized MultithreadedTaskDispatcher with 16 workers.
[PhysX] Initialized MultithreadedTaskDispatcher with 16 workers.
 -> (artifact id: '16595d6e0defc5633c5b52a585c5cacf') in 0.010223 seconds
Number of updated asset objects reloaded before import = 0
Number of asset objects unloaded after import = 3
========================================================================
Received Import Request.
  Time since last request: 62.733318 seconds.
  path: Assets/TowerDefenseAssets/Map/Prefabs_props/Brickwall4.prefab
  artifactKey: Guid(75cdc1fcd3ab5134eac12c60beebbbf7) Importer(815301076,1909f56bfc062723c751e8b465ee728b)
Start importing Assets/TowerDefenseAssets/Map/Prefabs_props/Brickwall4.prefab using Guid(75cdc1fcd3ab5134eac12c60beebbbf7) Importer(815301076,1909f56bfc062723c751e8b465ee728b) [PhysX] Initialized MultithreadedTaskDispatcher with 16 workers.
[PhysX] Initialized MultithreadedTaskDispatcher with 16 workers.
 -> (artifact id: '576bcd0299194809d209c40bc9fca59f') in 0.019589 seconds
Number of updated asset objects reloaded before import = 0
Number of asset objects unloaded after import = 10
========================================================================
Received Import Request.
  Time since last request: 87.112557 seconds.
  path: Assets/TowerDefenseAssets/Map/Prefabs_props/Models
  artifactKey: Guid(d010b72d3df9a954cb36f1bdd3875711) Importer(815301076,1909f56bfc062723c751e8b465ee728b)
Start importing Assets/TowerDefenseAssets/Map/Prefabs_props/Models using Guid(d010b72d3df9a954cb36f1bdd3875711) Importer(815301076,1909f56bfc062723c751e8b465ee728b) [PhysX] Initialized MultithreadedTaskDispatcher with 16 workers.
 -> (artifact id: '574927c6b981226f67b4807afa14b2b0') in 0.001319 seconds
Number of updated asset objects reloaded before import = 0
Number of asset objects unloaded after import = 0
========================================================================
Received Import Request.
  Time since last request: 0.223264 seconds.
  path: Assets/TowerDefenseAssets/Map/Prefabs_props/Models/Banner.fbx
  artifactKey: Guid(e39e06361713b104b958ce0e06e7744e) Importer(815301076,1909f56bfc062723c751e8b465ee728b)
Start importing Assets/TowerDefenseAssets/Map/Prefabs_props/Models/Banner.fbx using Guid(e39e06361713b104b958ce0e06e7744e) Importer(815301076,1909f56bfc062723c751e8b465ee728b) [PhysX] Initialized MultithreadedTaskDispatcher with 16 workers.
[PhysX] Initialized MultithreadedTaskDispatcher with 16 workers.
[PhysX] Initialized MultithreadedTaskDispatcher with 16 workers.
 -> (artifact id: 'a87ff2048d590d48cd3e287b73ec5ae3') in 0.013179 seconds
Number of updated asset objects reloaded before import = 0
Number of asset objects unloaded after import = 9
========================================================================
Received Import Request.
  Time since last request: 0.000021 seconds.
  path: Assets/TowerDefenseAssets/Map/Prefabs_props/Models/Barrier2.fbx
  artifactKey: Guid(fab90231770faff49a318948ba45cdbc) Importer(815301076,1909f56bfc062723c751e8b465ee728b)
Start importing Assets/TowerDefenseAssets/Map/Prefabs_props/Models/Barrier2.fbx using Guid(fab90231770faff49a318948ba45cdbc) Importer(815301076,1909f56bfc062723c751e8b465ee728b) [PhysX] Initialized MultithreadedTaskDispatcher with 16 workers.
[PhysX] Initialized MultithreadedTaskDispatcher with 16 workers.
[PhysX] Initialized MultithreadedTaskDispatcher with 16 workers.
 -> (artifact id: 'cebed11a053b863d9e47afd5a4bd6c82') in 0.013986 seconds
Number of updated asset objects reloaded before import = 0
Number of asset objects unloaded after import = 10
========================================================================
Received Import Request.
  Time since last request: 0.000020 seconds.
  path: Assets/TowerDefenseAssets/Map/Prefabs_props/Models/Bones_04.fbx
  artifactKey: Guid(29da870415fdea8498b080c0dcb1487e) Importer(815301076,1909f56bfc062723c751e8b465ee728b)
Start importing Assets/TowerDefenseAssets/Map/Prefabs_props/Models/Bones_04.fbx using Guid(29da870415fdea8498b080c0dcb1487e) Importer(815301076,1909f56bfc062723c751e8b465ee728b) [PhysX] Initialized MultithreadedTaskDispatcher with 16 workers.
[PhysX] Initialized MultithreadedTaskDispatcher with 16 workers.
[PhysX] Initialized MultithreadedTaskDispatcher with 16 workers.
 -> (artifact id: '7c468ab7d28e9e67e38adbc1d5a6fc9d') in 0.012960 seconds
Number of updated asset objects reloaded before import = 0
Number of asset objects unloaded after import = 9
========================================================================
Received Import Request.
  Time since last request: 0.000024 seconds.
  path: Assets/TowerDefenseAssets/Map/Prefabs_props/Models/Block2.fbx
  artifactKey: Guid(d13f429fece0ffb43b22ac1c0f83e4ca) Importer(815301076,1909f56bfc062723c751e8b465ee728b)
Start importing Assets/TowerDefenseAssets/Map/Prefabs_props/Models/Block2.fbx using Guid(d13f429fece0ffb43b22ac1c0f83e4ca) Importer(815301076,1909f56bfc062723c751e8b465ee728b) [PhysX] Initialized MultithreadedTaskDispatcher with 16 workers.
[PhysX] Initialized MultithreadedTaskDispatcher with 16 workers.
[PhysX] Initialized MultithreadedTaskDispatcher with 16 workers.
 -> (artifact id: 'a11273832a33e589ba3f44e98c7fb9be') in 0.014676 seconds
Number of updated asset objects reloaded before import = 0
Number of asset objects unloaded after import = 9
========================================================================
Received Import Request.
  Time since last request: 0.000022 seconds.
  path: Assets/TowerDefenseAssets/Map/Prefabs_props/Models/Brickwall2.fbx
  artifactKey: Guid(008a0fb727893594a8366498c7e40317) Importer(815301076,1909f56bfc062723c751e8b465ee728b)
Start importing Assets/TowerDefenseAssets/Map/Prefabs_props/Models/Brickwall2.fbx using Guid(008a0fb727893594a8366498c7e40317) Importer(815301076,1909f56bfc062723c751e8b465ee728b) [PhysX] Initialized MultithreadedTaskDispatcher with 16 workers.
[PhysX] Initialized MultithreadedTaskDispatcher with 16 workers.
[PhysX] Initialized MultithreadedTaskDispatcher with 16 workers.
 -> (artifact id: '027541ce7218e8e14d5cec6570d8d816') in 0.013542 seconds
Number of updated asset objects reloaded before import = 0
Number of asset objects unloaded after import = 9
========================================================================
Received Import Request.
  Time since last request: 0.000024 seconds.
  path: Assets/TowerDefenseAssets/Map/Prefabs_props/Models/Bones_01.fbx
  artifactKey: Guid(dad2277ca286251458ed2137c4ed7a69) Importer(815301076,1909f56bfc062723c751e8b465ee728b)
Start importing Assets/TowerDefenseAssets/Map/Prefabs_props/Models/Bones_01.fbx using Guid(dad2277ca286251458ed2137c4ed7a69) Importer(815301076,1909f56bfc062723c751e8b465ee728b) [PhysX] Initialized MultithreadedTaskDispatcher with 16 workers.
[PhysX] Initialized MultithreadedTaskDispatcher with 16 workers.
[PhysX] Initialized MultithreadedTaskDispatcher with 16 workers.
 -> (artifact id: '7e5bb4c047397d30a3161ba8e23d0972') in 0.013488 seconds
Number of updated asset objects reloaded before import = 0
Number of asset objects unloaded after import = 9
========================================================================
Received Import Request.
  Time since last request: 0.000023 seconds.
  path: Assets/TowerDefenseAssets/Map/Prefabs_props/Models/Brickwall_debris1.fbx
  artifactKey: Guid(11d85b7738754244d821978a16667ec0) Importer(815301076,1909f56bfc062723c751e8b465ee728b)
Start importing Assets/TowerDefenseAssets/Map/Prefabs_props/Models/Brickwall_debris1.fbx using Guid(11d85b7738754244d821978a16667ec0) Importer(815301076,1909f56bfc062723c751e8b465ee728b) [PhysX] Initialized MultithreadedTaskDispatcher with 16 workers.
[PhysX] Initialized MultithreadedTaskDispatcher with 16 workers.
[PhysX] Initialized MultithreadedTaskDispatcher with 16 workers.
 -> (artifact id: 'b36fdcd817ba1b6124c1911be6352a7b') in 0.013076 seconds
Number of updated asset objects reloaded before import = 0
Number of asset objects unloaded after import = 9
========================================================================
Received Import Request.
  Time since last request: 0.000017 seconds.
  path: Assets/TowerDefenseAssets/Map/Prefabs_props/Models/Bones_03.fbx
  artifactKey: Guid(06989a3d54507d44ea099150164c151a) Importer(815301076,1909f56bfc062723c751e8b465ee728b)
Start importing Assets/TowerDefenseAssets/Map/Prefabs_props/Models/Bones_03.fbx using Guid(06989a3d54507d44ea099150164c151a) Importer(815301076,1909f56bfc062723c751e8b465ee728b) [PhysX] Initialized MultithreadedTaskDispatcher with 16 workers.
[PhysX] Initialized MultithreadedTaskDispatcher with 16 workers.
[PhysX] Initialized MultithreadedTaskDispatcher with 16 workers.
 -> (artifact id: '5dd191f1e547133c2aaca65da4771f62') in 0.013290 seconds
Number of updated asset objects reloaded before import = 0
Number of asset objects unloaded after import = 9
========================================================================
Received Import Request.
  Time since last request: 0.000023 seconds.
  path: Assets/TowerDefenseAssets/Map/Prefabs_props/Models/Block1.fbx
  artifactKey: Guid(cb68c11386bdded42bd7b9efd053dae2) Importer(815301076,1909f56bfc062723c751e8b465ee728b)
Start importing Assets/TowerDefenseAssets/Map/Prefabs_props/Models/Block1.fbx using Guid(cb68c11386bdded42bd7b9efd053dae2) Importer(815301076,1909f56bfc062723c751e8b465ee728b) [PhysX] Initialized MultithreadedTaskDispatcher with 16 workers.
[PhysX] Initialized MultithreadedTaskDispatcher with 16 workers.
[PhysX] Initialized MultithreadedTaskDispatcher with 16 workers.
 -> (artifact id: '102a68ec9603c066138b71a77318e508') in 0.014003 seconds
Number of updated asset objects reloaded before import = 0
Number of asset objects unloaded after import = 9
========================================================================
Received Import Request.
  Time since last request: 0.000029 seconds.
  path: Assets/TowerDefenseAssets/Map/Prefabs_props/Models/Bones_05.fbx
  artifactKey: Guid(3b4db6d88d1901b43a6108276de85389) Importer(815301076,1909f56bfc062723c751e8b465ee728b)
Start importing Assets/TowerDefenseAssets/Map/Prefabs_props/Models/Bones_05.fbx using Guid(3b4db6d88d1901b43a6108276de85389) Importer(815301076,1909f56bfc062723c751e8b465ee728b) [PhysX] Initialized MultithreadedTaskDispatcher with 16 workers.
[PhysX] Initialized MultithreadedTaskDispatcher with 16 workers.
[PhysX] Initialized MultithreadedTaskDispatcher with 16 workers.
 -> (artifact id: '22aceb285351a3f1b9ac0f452e5c56b5') in 0.013516 seconds
Number of updated asset objects reloaded before import = 0
Number of asset objects unloaded after import = 9
========================================================================
Received Import Request.
  Time since last request: 151.415299 seconds.
  path: Assets/TowerDefenseAssets/Map/Prefabs_props/Models/Brickwall_debris2.fbx
  artifactKey: Guid(4aa9e2e91670d4f43973acf82f458ab0) Importer(815301076,1909f56bfc062723c751e8b465ee728b)
Start importing Assets/TowerDefenseAssets/Map/Prefabs_props/Models/Brickwall_debris2.fbx using Guid(4aa9e2e91670d4f43973acf82f458ab0) Importer(815301076,1909f56bfc062723c751e8b465ee728b) [PhysX] Initialized MultithreadedTaskDispatcher with 16 workers.
[PhysX] Initialized MultithreadedTaskDispatcher with 16 workers.
[PhysX] Initialized MultithreadedTaskDispatcher with 16 workers.
 -> (artifact id: '9672f15ab88ba13abe6453e390b48ec2') in 0.012752 seconds
Number of updated asset objects reloaded before import = 0
Number of asset objects unloaded after import = 9
========================================================================
Received Import Request.
  Time since last request: 0.000029 seconds.
  path: Assets/TowerDefenseAssets/Map/Prefabs_props/Models/Bush_06.fbx
  artifactKey: Guid(1ebd925177bc0144dbd6aec48601052c) Importer(815301076,1909f56bfc062723c751e8b465ee728b)
Start importing Assets/TowerDefenseAssets/Map/Prefabs_props/Models/Bush_06.fbx using Guid(1ebd925177bc0144dbd6aec48601052c) Importer(815301076,1909f56bfc062723c751e8b465ee728b) [PhysX] Initialized MultithreadedTaskDispatcher with 16 workers.
[PhysX] Initialized MultithreadedTaskDispatcher with 16 workers.
[PhysX] Initialized MultithreadedTaskDispatcher with 16 workers.
 -> (artifact id: '00f295f6f63b52df6ec7442adc001834') in 0.017088 seconds
Number of updated asset objects reloaded before import = 0
Number of asset objects unloaded after import = 9
========================================================================
Received Import Request.
  Time since last request: 0.000019 seconds.
  path: Assets/TowerDefenseAssets/Map/Prefabs_props/Models/Bush_02.fbx
  artifactKey: Guid(6d24cb50df8cc924c98750d0b3b0a50c) Importer(815301076,1909f56bfc062723c751e8b465ee728b)
Start importing Assets/TowerDefenseAssets/Map/Prefabs_props/Models/Bush_02.fbx using Guid(6d24cb50df8cc924c98750d0b3b0a50c) Importer(815301076,1909f56bfc062723c751e8b465ee728b) [PhysX] Initialized MultithreadedTaskDispatcher with 16 workers.
[PhysX] Initialized MultithreadedTaskDispatcher with 16 workers.
[PhysX] Initialized MultithreadedTaskDispatcher with 16 workers.
 -> (artifact id: '6fbcd04cf81a548492490861cdd6c3e6') in 0.012466 seconds
Number of updated asset objects reloaded before import = 0
Number of asset objects unloaded after import = 9
========================================================================
Received Import Request.
  Time since last request: 0.000063 seconds.
  path: Assets/TowerDefenseAssets/Map/Prefabs_props/Models/Bush_05.fbx
  artifactKey: Guid(7eac63b18f8e41e45bc2d8f2486672ad) Importer(815301076,1909f56bfc062723c751e8b465ee728b)
Start importing Assets/TowerDefenseAssets/Map/Prefabs_props/Models/Bush_05.fbx using Guid(7eac63b18f8e41e45bc2d8f2486672ad) Importer(815301076,1909f56bfc062723c751e8b465ee728b) [PhysX] Initialized MultithreadedTaskDispatcher with 16 workers.
[PhysX] Initialized MultithreadedTaskDispatcher with 16 workers.
[PhysX] Initialized MultithreadedTaskDispatcher with 16 workers.
 -> (artifact id: '2fd059303f56f3611b0921e9d1b1095e') in 0.015686 seconds
Number of updated asset objects reloaded before import = 0
Number of asset objects unloaded after import = 9
========================================================================
Received Import Request.
  Time since last request: 1.207933 seconds.
  path: Assets/TowerDefenseAssets/Map/Prefabs_props/Models/Bush_07.fbx
  artifactKey: Guid(a285b2c0ea53bda40b6f23d4ebbd09ed) Importer(815301076,1909f56bfc062723c751e8b465ee728b)
Start importing Assets/TowerDefenseAssets/Map/Prefabs_props/Models/Bush_07.fbx using Guid(a285b2c0ea53bda40b6f23d4ebbd09ed) Importer(815301076,1909f56bfc062723c751e8b465ee728b) [PhysX] Initialized MultithreadedTaskDispatcher with 16 workers.
[PhysX] Initialized MultithreadedTaskDispatcher with 16 workers.
[PhysX] Initialized MultithreadedTaskDispatcher with 16 workers.
 -> (artifact id: '6eb2624696b8e615fe0c1b6ef48cc4da') in 0.012014 seconds
Number of updated asset objects reloaded before import = 0
Number of asset objects unloaded after import = 9
========================================================================
Received Import Request.
  Time since last request: 0.000020 seconds.
  path: Assets/TowerDefenseAssets/Map/Prefabs_props/Models/Campfire.fbx
  artifactKey: Guid(fa89be8341a5fa9498b703c029cf841a) Importer(815301076,1909f56bfc062723c751e8b465ee728b)
Start importing Assets/TowerDefenseAssets/Map/Prefabs_props/Models/Campfire.fbx using Guid(fa89be8341a5fa9498b703c029cf841a) Importer(815301076,1909f56bfc062723c751e8b465ee728b) [PhysX] Initialized MultithreadedTaskDispatcher with 16 workers.
[PhysX] Initialized MultithreadedTaskDispatcher with 16 workers.
[PhysX] Initialized MultithreadedTaskDispatcher with 16 workers.
 -> (artifact id: 'dcffba4bf9dbc009f76b2324f6587d7b') in 0.020132 seconds
Number of updated asset objects reloaded before import = 0
Number of asset objects unloaded after import = 10
========================================================================
Received Import Request.
  Time since last request: 0.000029 seconds.
  path: Assets/TowerDefenseAssets/Map/Prefabs_props/Models/Column2.fbx
  artifactKey: Guid(3d24c1d0c855f834da16f1fbb5c83df7) Importer(815301076,1909f56bfc062723c751e8b465ee728b)
Start importing Assets/TowerDefenseAssets/Map/Prefabs_props/Models/Column2.fbx using Guid(3d24c1d0c855f834da16f1fbb5c83df7) Importer(815301076,1909f56bfc062723c751e8b465ee728b) [PhysX] Initialized MultithreadedTaskDispatcher with 16 workers.
[PhysX] Initialized MultithreadedTaskDispatcher with 16 workers.
[PhysX] Initialized MultithreadedTaskDispatcher with 16 workers.
 -> (artifact id: '40567a2b55b96651a83253059ecef432') in 0.015752 seconds
Number of updated asset objects reloaded before import = 0
Number of asset objects unloaded after import = 9
========================================================================
Received Import Request.
  Time since last request: 5.027849 seconds.
  path: Assets/TowerDefenseAssets/Map/Prefabs_props/Models/Column3A.fbx
  artifactKey: Guid(79a069564805ef34c88be12561d797f4) Importer(815301076,1909f56bfc062723c751e8b465ee728b)
Start importing Assets/TowerDefenseAssets/Map/Prefabs_props/Models/Column3A.fbx using Guid(79a069564805ef34c88be12561d797f4) Importer(815301076,1909f56bfc062723c751e8b465ee728b) [PhysX] Initialized MultithreadedTaskDispatcher with 16 workers.
[PhysX] Initialized MultithreadedTaskDispatcher with 16 workers.
[PhysX] Initialized MultithreadedTaskDispatcher with 16 workers.
 -> (artifact id: '57176b7496c81b1e3ed52a90ae112f69') in 0.013298 seconds
Number of updated asset objects reloaded before import = 0
Number of asset objects unloaded after import = 9
========================================================================
Received Import Request.
  Time since last request: 0.000021 seconds.
  path: Assets/TowerDefenseAssets/Map/Prefabs_props/Models/Crystal4.fbx
  artifactKey: Guid(f0b8c792e74b6e5499243b5c190b4ec0) Importer(815301076,1909f56bfc062723c751e8b465ee728b)
Start importing Assets/TowerDefenseAssets/Map/Prefabs_props/Models/Crystal4.fbx using Guid(f0b8c792e74b6e5499243b5c190b4ec0) Importer(815301076,1909f56bfc062723c751e8b465ee728b) [PhysX] Initialized MultithreadedTaskDispatcher with 16 workers.
[PhysX] Initialized MultithreadedTaskDispatcher with 16 workers.
[PhysX] Initialized MultithreadedTaskDispatcher with 16 workers.
 -> (artifact id: '810284b8b83e6f63597a565fbe82853a') in 0.024521 seconds
Number of updated asset objects reloaded before import = 0
Number of asset objects unloaded after import = 10
========================================================================
Received Import Request.
  Time since last request: 0.000023 seconds.
  path: Assets/TowerDefenseAssets/Map/Prefabs_props/Models/Column3C.fbx
  artifactKey: Guid(fbc68e5145ec5124bbff135b7693072d) Importer(815301076,1909f56bfc062723c751e8b465ee728b)
Start importing Assets/TowerDefenseAssets/Map/Prefabs_props/Models/Column3C.fbx using Guid(fbc68e5145ec5124bbff135b7693072d) Importer(815301076,1909f56bfc062723c751e8b465ee728b) [PhysX] Initialized MultithreadedTaskDispatcher with 16 workers.
[PhysX] Initialized MultithreadedTaskDispatcher with 16 workers.
[PhysX] Initialized MultithreadedTaskDispatcher with 16 workers.
 -> (artifact id: 'db08703b61bd3b3d8efbdc2a2d21fd4e') in 0.019225 seconds
Number of updated asset objects reloaded before import = 0
Number of asset objects unloaded after import = 9
========================================================================
Received Import Request.
  Time since last request: 17.501626 seconds.
  path: Assets/TowerDefenseAssets/Map/Prefabs_props/Models/Crystal5.fbx
  artifactKey: Guid(eeb6776d36d42864e99bf102c23ce5b2) Importer(815301076,1909f56bfc062723c751e8b465ee728b)
Start importing Assets/TowerDefenseAssets/Map/Prefabs_props/Models/Crystal5.fbx using Guid(eeb6776d36d42864e99bf102c23ce5b2) Importer(815301076,1909f56bfc062723c751e8b465ee728b) [PhysX] Initialized MultithreadedTaskDispatcher with 16 workers.
[PhysX] Initialized MultithreadedTaskDispatcher with 16 workers.
[PhysX] Initialized MultithreadedTaskDispatcher with 16 workers.
 -> (artifact id: 'a93cce94c45b22220bb11b076f10fc04') in 0.040491 seconds
Number of updated asset objects reloaded before import = 0
Number of asset objects unloaded after import = 10
========================================================================
Received Import Request.
  Time since last request: 0.000025 seconds.
  path: Assets/TowerDefenseAssets/Map/Prefabs_props/Models/Fence3.fbx
  artifactKey: Guid(c3f3bac6057d69f47b72ae76011849e3) Importer(815301076,1909f56bfc062723c751e8b465ee728b)
Start importing Assets/TowerDefenseAssets/Map/Prefabs_props/Models/Fence3.fbx using Guid(c3f3bac6057d69f47b72ae76011849e3) Importer(815301076,1909f56bfc062723c751e8b465ee728b) [PhysX] Initialized MultithreadedTaskDispatcher with 16 workers.
[PhysX] Initialized MultithreadedTaskDispatcher with 16 workers.
[PhysX] Initialized MultithreadedTaskDispatcher with 16 workers.
 -> (artifact id: '942e03d30f90ce63abecf63a5744a243') in 0.013682 seconds
Number of updated asset objects reloaded before import = 0
Number of asset objects unloaded after import = 10
========================================================================
Received Import Request.
  Time since last request: 0.000024 seconds.
  path: Assets/TowerDefenseAssets/Map/Prefabs_props/Models/Fence_elements1.fbx
  artifactKey: Guid(e78a2542ff3777b419a0088f9f8eb0a6) Importer(815301076,1909f56bfc062723c751e8b465ee728b)
Start importing Assets/TowerDefenseAssets/Map/Prefabs_props/Models/Fence_elements1.fbx using Guid(e78a2542ff3777b419a0088f9f8eb0a6) Importer(815301076,1909f56bfc062723c751e8b465ee728b) [PhysX] Initialized MultithreadedTaskDispatcher with 16 workers.
[PhysX] Initialized MultithreadedTaskDispatcher with 16 workers.
[PhysX] Initialized MultithreadedTaskDispatcher with 16 workers.
 -> (artifact id: 'dd6094dc7d0d9daef26a78c8b9ca85ff') in 0.015234 seconds
Number of updated asset objects reloaded before import = 0
Number of asset objects unloaded after import = 10
========================================================================
Received Import Request.
  Time since last request: 0.000031 seconds.
  path: Assets/TowerDefenseAssets/Map/Prefabs_props/Models/Fence_elements2.fbx
  artifactKey: Guid(40f6de6a761a3cd4cbffc68dbf261116) Importer(815301076,1909f56bfc062723c751e8b465ee728b)
Start importing Assets/TowerDefenseAssets/Map/Prefabs_props/Models/Fence_elements2.fbx using Guid(40f6de6a761a3cd4cbffc68dbf261116) Importer(815301076,1909f56bfc062723c751e8b465ee728b) [PhysX] Initialized MultithreadedTaskDispatcher with 16 workers.
[PhysX] Initialized MultithreadedTaskDispatcher with 16 workers.
[PhysX] Initialized MultithreadedTaskDispatcher with 16 workers.
 -> (artifact id: '5780f2bf2b7bd1463f8f1284b537a72f') in 0.011813 seconds
Number of updated asset objects reloaded before import = 0
Number of asset objects unloaded after import = 10
========================================================================
Received Import Request.
  Time since last request: 6.837883 seconds.
  path: Assets/TowerDefenseAssets/Map/Prefabs_props/Models/Floor1.fbx
  artifactKey: Guid(6ac167f991e3519408c175adfb83ec0b) Importer(815301076,1909f56bfc062723c751e8b465ee728b)
Start importing Assets/TowerDefenseAssets/Map/Prefabs_props/Models/Floor1.fbx using Guid(6ac167f991e3519408c175adfb83ec0b) Importer(815301076,1909f56bfc062723c751e8b465ee728b) [PhysX] Initialized MultithreadedTaskDispatcher with 16 workers.
[PhysX] Initialized MultithreadedTaskDispatcher with 16 workers.
[PhysX] Initialized MultithreadedTaskDispatcher with 16 workers.
 -> (artifact id: '06656e32578142c7fdee23604c1ac11a') in 0.015155 seconds
Number of updated asset objects reloaded before import = 0
Number of asset objects unloaded after import = 9
========================================================================
Received Import Request.
  Time since last request: 0.000027 seconds.
  path: Assets/TowerDefenseAssets/Map/Prefabs_props/Models/Floor4.fbx
  artifactKey: Guid(8a30e421ef98345438a5cf5fa9703e66) Importer(815301076,1909f56bfc062723c751e8b465ee728b)
Start importing Assets/TowerDefenseAssets/Map/Prefabs_props/Models/Floor4.fbx using Guid(8a30e421ef98345438a5cf5fa9703e66) Importer(815301076,1909f56bfc062723c751e8b465ee728b) [PhysX] Initialized MultithreadedTaskDispatcher with 16 workers.
[PhysX] Initialized MultithreadedTaskDispatcher with 16 workers.
[PhysX] Initialized MultithreadedTaskDispatcher with 16 workers.
 -> (artifact id: 'b0f2c3bd0f889353e9c96f6eb030f351') in 0.041081 seconds
Number of updated asset objects reloaded before import = 0
Number of asset objects unloaded after import = 9
========================================================================
Received Import Request.
  Time since last request: 0.000019 seconds.
  path: Assets/TowerDefenseAssets/Map/Prefabs_props/Models/Floor6.fbx
  artifactKey: Guid(ca89c1262acf8dc498d14f439d0373fb) Importer(815301076,1909f56bfc062723c751e8b465ee728b)
Start importing Assets/TowerDefenseAssets/Map/Prefabs_props/Models/Floor6.fbx using Guid(ca89c1262acf8dc498d14f439d0373fb) Importer(815301076,1909f56bfc062723c751e8b465ee728b) [PhysX] Initialized MultithreadedTaskDispatcher with 16 workers.
[PhysX] Initialized MultithreadedTaskDispatcher with 16 workers.
[PhysX] Initialized MultithreadedTaskDispatcher with 16 workers.
 -> (artifact id: 'c0951c91ca374d7483fa064da16b3f7e') in 0.028676 seconds
Number of updated asset objects reloaded before import = 0
Number of asset objects unloaded after import = 9
========================================================================
Received Import Request.
  Time since last request: 0.000026 seconds.
  path: Assets/TowerDefenseAssets/Map/Prefabs_props/Models/Ground_Decal_grass1.fbx
  artifactKey: Guid(c6b98f0d91497d94fb99ef42aea3751a) Importer(815301076,1909f56bfc062723c751e8b465ee728b)
Start importing Assets/TowerDefenseAssets/Map/Prefabs_props/Models/Ground_Decal_grass1.fbx using Guid(c6b98f0d91497d94fb99ef42aea3751a) Importer(815301076,1909f56bfc062723c751e8b465ee728b) [PhysX] Initialized MultithreadedTaskDispatcher with 16 workers.
[PhysX] Initialized MultithreadedTaskDispatcher with 16 workers.
[PhysX] Initialized MultithreadedTaskDispatcher with 16 workers.
 -> (artifact id: '5bf0a0e721ad47ec82f09d975690824f') in 0.053800 seconds
Number of updated asset objects reloaded before import = 0
Number of asset objects unloaded after import = 9
========================================================================
Received Import Request.
  Time since last request: 0.000023 seconds.
  path: Assets/TowerDefenseAssets/Map/Prefabs_props/Models/Ground_Decal_Leaves2.fbx
  artifactKey: Guid(e34f146d88c324845aba79713b43c1e1) Importer(815301076,1909f56bfc062723c751e8b465ee728b)
Start importing Assets/TowerDefenseAssets/Map/Prefabs_props/Models/Ground_Decal_Leaves2.fbx using Guid(e34f146d88c324845aba79713b43c1e1) Importer(815301076,1909f56bfc062723c751e8b465ee728b) [PhysX] Initialized MultithreadedTaskDispatcher with 16 workers.
[PhysX] Initialized MultithreadedTaskDispatcher with 16 workers.
[PhysX] Initialized MultithreadedTaskDispatcher with 16 workers.
 -> (artifact id: '07ddb58f466be824af7cf102c493b5af') in 0.040998 seconds
Number of updated asset objects reloaded before import = 0
Number of asset objects unloaded after import = 9
========================================================================
Received Import Request.
  Time since last request: 0.000024 seconds.
  path: Assets/TowerDefenseAssets/Map/Prefabs_props/Models/Ivy1.fbx
  artifactKey: Guid(de0c91e75ba0fdd4a9b4f75c211c22f7) Importer(815301076,1909f56bfc062723c751e8b465ee728b)
Start importing Assets/TowerDefenseAssets/Map/Prefabs_props/Models/Ivy1.fbx using Guid(de0c91e75ba0fdd4a9b4f75c211c22f7) Importer(815301076,1909f56bfc062723c751e8b465ee728b) [PhysX] Initialized MultithreadedTaskDispatcher with 16 workers.
[PhysX] Initialized MultithreadedTaskDispatcher with 16 workers.
[PhysX] Initialized MultithreadedTaskDispatcher with 16 workers.
 -> (artifact id: 'a9e6a081dcee60afd205f9c0d18629f0') in 0.012834 seconds
Number of updated asset objects reloaded before import = 0
Number of asset objects unloaded after import = 9
========================================================================
Received Import Request.
  Time since last request: 0.000025 seconds.
  path: Assets/TowerDefenseAssets/Map/Prefabs_props/Models/Ground_Decal2.fbx
  artifactKey: Guid(678ec740f996f32438bb59a1e31c1b2d) Importer(815301076,1909f56bfc062723c751e8b465ee728b)
Start importing Assets/TowerDefenseAssets/Map/Prefabs_props/Models/Ground_Decal2.fbx using Guid(678ec740f996f32438bb59a1e31c1b2d) Importer(815301076,1909f56bfc062723c751e8b465ee728b) [PhysX] Initialized MultithreadedTaskDispatcher with 16 workers.
[PhysX] Initialized MultithreadedTaskDispatcher with 16 workers.
[PhysX] Initialized MultithreadedTaskDispatcher with 16 workers.
 -> (artifact id: 'da1066c1891308469ee75376441d21a8') in 0.012502 seconds
Number of updated asset objects reloaded before import = 0
Number of asset objects unloaded after import = 9
========================================================================
Received Import Request.
  Time since last request: 69.404763 seconds.
  path: Assets/TowerDefenseAssets/Map/Prefabs_props/Models/Ivy3.fbx
  artifactKey: Guid(8488a12bd565719498ab51d8891e606a) Importer(815301076,1909f56bfc062723c751e8b465ee728b)
Start importing Assets/TowerDefenseAssets/Map/Prefabs_props/Models/Ivy3.fbx using Guid(8488a12bd565719498ab51d8891e606a) Importer(815301076,1909f56bfc062723c751e8b465ee728b) [PhysX] Initialized MultithreadedTaskDispatcher with 16 workers.
[PhysX] Initialized MultithreadedTaskDispatcher with 16 workers.
[PhysX] Initialized MultithreadedTaskDispatcher with 16 workers.
 -> (artifact id: 'ddb7865b7854b698227f5a562e5bb7ad') in 0.019290 seconds
Number of updated asset objects reloaded before import = 0
Number of asset objects unloaded after import = 9
========================================================================
Received Import Request.
  Time since last request: 0.000022 seconds.
  path: Assets/TowerDefenseAssets/Map/Prefabs_props/Models/Jar2A.fbx
  artifactKey: Guid(6c6a502d72b8f0d4b9c04700085bb011) Importer(815301076,1909f56bfc062723c751e8b465ee728b)
Start importing Assets/TowerDefenseAssets/Map/Prefabs_props/Models/Jar2A.fbx using Guid(6c6a502d72b8f0d4b9c04700085bb011) Importer(815301076,1909f56bfc062723c751e8b465ee728b) [PhysX] Initialized MultithreadedTaskDispatcher with 16 workers.
[PhysX] Initialized MultithreadedTaskDispatcher with 16 workers.
[PhysX] Initialized MultithreadedTaskDispatcher with 16 workers.
 -> (artifact id: 'be2e60a59f34b22199835bb9de93cb46') in 0.097767 seconds
Number of updated asset objects reloaded before import = 0
Number of asset objects unloaded after import = 9
========================================================================
Received Import Request.
  Time since last request: 0.000022 seconds.
  path: Assets/TowerDefenseAssets/Map/Prefabs_props/Models/Jar1A.fbx
  artifactKey: Guid(2d31ba5a8008bf048b1b7278dab7fcf2) Importer(815301076,1909f56bfc062723c751e8b465ee728b)
Start importing Assets/TowerDefenseAssets/Map/Prefabs_props/Models/Jar1A.fbx using Guid(2d31ba5a8008bf048b1b7278dab7fcf2) Importer(815301076,1909f56bfc062723c751e8b465ee728b) [PhysX] Initialized MultithreadedTaskDispatcher with 16 workers.
[PhysX] Initialized MultithreadedTaskDispatcher with 16 workers.
[PhysX] Initialized MultithreadedTaskDispatcher with 16 workers.
 -> (artifact id: '6307473142cb6881682261c944880457') in 0.013750 seconds
Number of updated asset objects reloaded before import = 0
Number of asset objects unloaded after import = 9
========================================================================
Received Import Request.
  Time since last request: 0.000019 seconds.
  path: Assets/TowerDefenseAssets/Map/Prefabs_props/Models/Jar2B.fbx
  artifactKey: Guid(540ac4a68920df740af32593b3e5a2a7) Importer(815301076,1909f56bfc062723c751e8b465ee728b)
Start importing Assets/TowerDefenseAssets/Map/Prefabs_props/Models/Jar2B.fbx using Guid(540ac4a68920df740af32593b3e5a2a7) Importer(815301076,1909f56bfc062723c751e8b465ee728b) [PhysX] Initialized MultithreadedTaskDispatcher with 16 workers.
[PhysX] Initialized MultithreadedTaskDispatcher with 16 workers.
[PhysX] Initialized MultithreadedTaskDispatcher with 16 workers.
 -> (artifact id: 'aef548989e2e358838d59ca50c2eef96') in 0.093494 seconds
Number of updated asset objects reloaded before import = 0
Number of asset objects unloaded after import = 9
========================================================================
Received Import Request.
  Time since last request: 9.794794 seconds.
  path: Assets/TowerDefenseAssets/Map/Prefabs_props/Models/Lantern1.fbx
  artifactKey: Guid(c27fb5341652e0447870ef330b556426) Importer(815301076,1909f56bfc062723c751e8b465ee728b)
Start importing Assets/TowerDefenseAssets/Map/Prefabs_props/Models/Lantern1.fbx using Guid(c27fb5341652e0447870ef330b556426) Importer(815301076,1909f56bfc062723c751e8b465ee728b) [PhysX] Initialized MultithreadedTaskDispatcher with 16 workers.
[PhysX] Initialized MultithreadedTaskDispatcher with 16 workers.
[PhysX] Initialized MultithreadedTaskDispatcher with 16 workers.
 -> (artifact id: 'f5eda3c3ff4781a0a25a75dfe669678a') in 0.017457 seconds
Number of updated asset objects reloaded before import = 0
Number of asset objects unloaded after import = 10
========================================================================
Received Import Request.
  Time since last request: 0.000018 seconds.
  path: Assets/TowerDefenseAssets/Map/Prefabs_props/Models/Lumber.fbx
  artifactKey: Guid(319c4c7efc5990343962411b87d694af) Importer(815301076,1909f56bfc062723c751e8b465ee728b)
Start importing Assets/TowerDefenseAssets/Map/Prefabs_props/Models/Lumber.fbx using Guid(319c4c7efc5990343962411b87d694af) Importer(815301076,1909f56bfc062723c751e8b465ee728b) [PhysX] Initialized MultithreadedTaskDispatcher with 16 workers.
[PhysX] Initialized MultithreadedTaskDispatcher with 16 workers.
[PhysX] Initialized MultithreadedTaskDispatcher with 16 workers.
 -> (artifact id: '1ca79c3820efb79bd0ea9f9036358440') in 0.039815 seconds
Number of updated asset objects reloaded before import = 0
Number of asset objects unloaded after import = 10
========================================================================
Received Import Request.
  Time since last request: 0.000024 seconds.
  path: Assets/TowerDefenseAssets/Map/Prefabs_props/Models/Mushroom2A.fbx
  artifactKey: Guid(aa00a26a71859774aa80ef33d1893b6e) Importer(815301076,1909f56bfc062723c751e8b465ee728b)
Start importing Assets/TowerDefenseAssets/Map/Prefabs_props/Models/Mushroom2A.fbx using Guid(aa00a26a71859774aa80ef33d1893b6e) Importer(815301076,1909f56bfc062723c751e8b465ee728b) [PhysX] Initialized MultithreadedTaskDispatcher with 16 workers.
[PhysX] Initialized MultithreadedTaskDispatcher with 16 workers.
[PhysX] Initialized MultithreadedTaskDispatcher with 16 workers.
 -> (artifact id: '89ba800b01493f09c72be7cfbf045644') in 0.014087 seconds
Number of updated asset objects reloaded before import = 0
Number of asset objects unloaded after import = 9
========================================================================
Received Import Request.
  Time since last request: 1.717636 seconds.
  path: Assets/TowerDefenseAssets/Map/Prefabs_props/Models/Mushroom3A.fbx
  artifactKey: Guid(b25d6a1e9b7d7d245b8467f6ba56b9cd) Importer(815301076,1909f56bfc062723c751e8b465ee728b)
Start importing Assets/TowerDefenseAssets/Map/Prefabs_props/Models/Mushroom3A.fbx using Guid(b25d6a1e9b7d7d245b8467f6ba56b9cd) Importer(815301076,1909f56bfc062723c751e8b465ee728b) [PhysX] Initialized MultithreadedTaskDispatcher with 16 workers.
[PhysX] Initialized MultithreadedTaskDispatcher with 16 workers.
[PhysX] Initialized MultithreadedTaskDispatcher with 16 workers.
 -> (artifact id: '8a0ec47afc7a3b0a8f071f0a92a71251') in 0.012346 seconds
Number of updated asset objects reloaded before import = 0
Number of asset objects unloaded after import = 9
========================================================================
Received Import Request.
  Time since last request: 0.000021 seconds.
  path: Assets/TowerDefenseAssets/Map/Prefabs_props/Models/Plant_03.fbx
  artifactKey: Guid(1bdb414a5d3712b47931f7066c7dbfe9) Importer(815301076,1909f56bfc062723c751e8b465ee728b)
Start importing Assets/TowerDefenseAssets/Map/Prefabs_props/Models/Plant_03.fbx using Guid(1bdb414a5d3712b47931f7066c7dbfe9) Importer(815301076,1909f56bfc062723c751e8b465ee728b) [PhysX] Initialized MultithreadedTaskDispatcher with 16 workers.
[PhysX] Initialized MultithreadedTaskDispatcher with 16 workers.
[PhysX] Initialized MultithreadedTaskDispatcher with 16 workers.
 -> (artifact id: '72344b9cc2c34bdce1ea4f2d8e2f8b8a') in 0.013621 seconds
Number of updated asset objects reloaded before import = 0
Number of asset objects unloaded after import = 9
========================================================================
Received Import Request.
  Time since last request: 0.000025 seconds.
  path: Assets/TowerDefenseAssets/Map/Prefabs_props/Models/Plant_01.fbx
  artifactKey: Guid(c37e0ab5f45729247a0682be03a6a1d3) Importer(815301076,1909f56bfc062723c751e8b465ee728b)
Start importing Assets/TowerDefenseAssets/Map/Prefabs_props/Models/Plant_01.fbx using Guid(c37e0ab5f45729247a0682be03a6a1d3) Importer(815301076,1909f56bfc062723c751e8b465ee728b) [PhysX] Initialized MultithreadedTaskDispatcher with 16 workers.
[PhysX] Initialized MultithreadedTaskDispatcher with 16 workers.
[PhysX] Initialized MultithreadedTaskDispatcher with 16 workers.
 -> (artifact id: 'd2bb1a6cc6563fae6bbbb517739c0c5c') in 0.013589 seconds
Number of updated asset objects reloaded before import = 0
Number of asset objects unloaded after import = 9
========================================================================
Received Import Request.
  Time since last request: 0.000030 seconds.
  path: Assets/TowerDefenseAssets/Map/Prefabs_props/Models/Mushroom4A.fbx
  artifactKey: Guid(f6d890ac5f17aa1449a143bc90401486) Importer(815301076,1909f56bfc062723c751e8b465ee728b)
Start importing Assets/TowerDefenseAssets/Map/Prefabs_props/Models/Mushroom4A.fbx using Guid(f6d890ac5f17aa1449a143bc90401486) Importer(815301076,1909f56bfc062723c751e8b465ee728b) [PhysX] Initialized MultithreadedTaskDispatcher with 16 workers.
[PhysX] Initialized MultithreadedTaskDispatcher with 16 workers.
[PhysX] Initialized MultithreadedTaskDispatcher with 16 workers.
 -> (artifact id: 'ea43b4f2a923267242a648f51ecbaee5') in 0.011956 seconds
Number of updated asset objects reloaded before import = 0
Number of asset objects unloaded after import = 9
========================================================================
Received Import Request.
  Time since last request: 112.071225 seconds.
  path: Assets/TowerDefenseAssets/Map/Prefabs_props/Models/Plant_04.fbx
  artifactKey: Guid(56f86dcc1a49fa5479829c077fbf49dd) Importer(815301076,1909f56bfc062723c751e8b465ee728b)
Start importing Assets/TowerDefenseAssets/Map/Prefabs_props/Models/Plant_04.fbx using Guid(56f86dcc1a49fa5479829c077fbf49dd) Importer(815301076,1909f56bfc062723c751e8b465ee728b) [PhysX] Initialized MultithreadedTaskDispatcher with 16 workers.
[PhysX] Initialized MultithreadedTaskDispatcher with 16 workers.
[PhysX] Initialized MultithreadedTaskDispatcher with 16 workers.
 -> (artifact id: '60668ddec9282e24e27a2d11954827dc') in 0.014007 seconds
Number of updated asset objects reloaded before import = 0
Number of asset objects unloaded after import = 9
========================================================================
Received Import Request.
  Time since last request: 0.000021 seconds.
  path: Assets/TowerDefenseAssets/Map/Prefabs_props/Models/Plant_07.fbx
  artifactKey: Guid(fe26dfe2ffc09fc4283da42a42cb854c) Importer(815301076,1909f56bfc062723c751e8b465ee728b)
Start importing Assets/TowerDefenseAssets/Map/Prefabs_props/Models/Plant_07.fbx using Guid(fe26dfe2ffc09fc4283da42a42cb854c) Importer(815301076,1909f56bfc062723c751e8b465ee728b) [PhysX] Initialized MultithreadedTaskDispatcher with 16 workers.
[PhysX] Initialized MultithreadedTaskDispatcher with 16 workers.
[PhysX] Initialized MultithreadedTaskDispatcher with 16 workers.
 -> (artifact id: '6679a18f43adf3abbe64ffb567b7a38a') in 0.016544 seconds
Number of updated asset objects reloaded before import = 0
Number of asset objects unloaded after import = 9
========================================================================
Received Import Request.
  Time since last request: 0.000018 seconds.
  path: Assets/TowerDefenseAssets/Map/Prefabs_props/Models/Prop_Barrel.fbx
  artifactKey: Guid(760a3abaef4433e4ab37b3cd80889b10) Importer(815301076,1909f56bfc062723c751e8b465ee728b)
Start importing Assets/TowerDefenseAssets/Map/Prefabs_props/Models/Prop_Barrel.fbx using Guid(760a3abaef4433e4ab37b3cd80889b10) Importer(815301076,1909f56bfc062723c751e8b465ee728b) [PhysX] Initialized MultithreadedTaskDispatcher with 16 workers.
[PhysX] Initialized MultithreadedTaskDispatcher with 16 workers.
[PhysX] Initialized MultithreadedTaskDispatcher with 16 workers.
 -> (artifact id: '37dba0b9747e417e55e6974d990ce728') in 0.022388 seconds
Number of updated asset objects reloaded before import = 0
Number of asset objects unloaded after import = 9
========================================================================
Received Import Request.
  Time since last request: 0.000019 seconds.
  path: Assets/TowerDefenseAssets/Map/Prefabs_props/Models/Prop_Cargo2.fbx
  artifactKey: Guid(85feaecb03757c24d8677dc648012b0b) Importer(815301076,1909f56bfc062723c751e8b465ee728b)
Start importing Assets/TowerDefenseAssets/Map/Prefabs_props/Models/Prop_Cargo2.fbx using Guid(85feaecb03757c24d8677dc648012b0b) Importer(815301076,1909f56bfc062723c751e8b465ee728b) [PhysX] Initialized MultithreadedTaskDispatcher with 16 workers.
[PhysX] Initialized MultithreadedTaskDispatcher with 16 workers.
[PhysX] Initialized MultithreadedTaskDispatcher with 16 workers.
 -> (artifact id: 'd8329582c043530b203c8b2301752b01') in 0.018320 seconds
Number of updated asset objects reloaded before import = 0
Number of asset objects unloaded after import = 9
========================================================================
Received Import Request.
  Time since last request: 1.075281 seconds.
  path: Assets/TowerDefenseAssets/Map/Prefabs_props/Models/Prop_Cargo3.fbx
  artifactKey: Guid(de9a172e2b1ec9a46baeb778a6a0ea2e) Importer(815301076,1909f56bfc062723c751e8b465ee728b)
Start importing Assets/TowerDefenseAssets/Map/Prefabs_props/Models/Prop_Cargo3.fbx using Guid(de9a172e2b1ec9a46baeb778a6a0ea2e) Importer(815301076,1909f56bfc062723c751e8b465ee728b) [PhysX] Initialized MultithreadedTaskDispatcher with 16 workers.
[PhysX] Initialized MultithreadedTaskDispatcher with 16 workers.
[PhysX] Initialized MultithreadedTaskDispatcher with 16 workers.
 -> (artifact id: 'f5e5d98b0dc46b809df2d3e64897491a') in 0.020363 seconds
Number of updated asset objects reloaded before import = 0
Number of asset objects unloaded after import = 9
========================================================================
Received Import Request.
  Time since last request: 0.000027 seconds.
  path: Assets/TowerDefenseAssets/Map/Prefabs_props/Models/Prop_shield.fbx
  artifactKey: Guid(c6aec4035439a02439fa9e3dfed38693) Importer(815301076,1909f56bfc062723c751e8b465ee728b)
Start importing Assets/TowerDefenseAssets/Map/Prefabs_props/Models/Prop_shield.fbx using Guid(c6aec4035439a02439fa9e3dfed38693) Importer(815301076,1909f56bfc062723c751e8b465ee728b) [PhysX] Initialized MultithreadedTaskDispatcher with 16 workers.
[PhysX] Initialized MultithreadedTaskDispatcher with 16 workers.
[PhysX] Initialized MultithreadedTaskDispatcher with 16 workers.
 -> (artifact id: 'c5e54754284bf3005c0ba4062b88bf18') in 0.036816 seconds
Number of updated asset objects reloaded before import = 0
Number of asset objects unloaded after import = 9
========================================================================
Received Import Request.
  Time since last request: 0.000018 seconds.
  path: Assets/TowerDefenseAssets/Map/Prefabs_props/Models/Prop_Chest2.fbx
  artifactKey: Guid(ceb30baf95a19444abbdaa4685192ba1) Importer(815301076,1909f56bfc062723c751e8b465ee728b)
Start importing Assets/TowerDefenseAssets/Map/Prefabs_props/Models/Prop_Chest2.fbx using Guid(ceb30baf95a19444abbdaa4685192ba1) Importer(815301076,1909f56bfc062723c751e8b465ee728b) [PhysX] Initialized MultithreadedTaskDispatcher with 16 workers.
[PhysX] Initialized MultithreadedTaskDispatcher with 16 workers.
[PhysX] Initialized MultithreadedTaskDispatcher with 16 workers.
 -> (artifact id: '83ac9d923b60473f926609ab3b982b7d') in 0.020142 seconds
Number of updated asset objects reloaded before import = 0
Number of asset objects unloaded after import = 9
========================================================================
Received Import Request.
  Time since last request: 0.422769 seconds.
  path: Assets/TowerDefenseAssets/Map/Prefabs_props/Models/Rock_02.fbx
  artifactKey: Guid(19cf0e3bdc25aa645ba612b3c56c38af) Importer(815301076,1909f56bfc062723c751e8b465ee728b)
Start importing Assets/TowerDefenseAssets/Map/Prefabs_props/Models/Rock_02.fbx using Guid(19cf0e3bdc25aa645ba612b3c56c38af) Importer(815301076,1909f56bfc062723c751e8b465ee728b) [PhysX] Initialized MultithreadedTaskDispatcher with 16 workers.
[PhysX] Initialized MultithreadedTaskDispatcher with 16 workers.
[PhysX] Initialized MultithreadedTaskDispatcher with 16 workers.
 -> (artifact id: '64c5ad83138ddb5712f712ce7b800d69') in 0.013236 seconds
Number of updated asset objects reloaded before import = 0
Number of asset objects unloaded after import = 11
========================================================================
Received Import Request.
  Time since last request: 0.000021 seconds.
  path: Assets/TowerDefenseAssets/Map/Prefabs_props/Models/Rock_04.fbx
  artifactKey: Guid(0ee4575a277450142baad9a6b6afcf32) Importer(815301076,1909f56bfc062723c751e8b465ee728b)
Start importing Assets/TowerDefenseAssets/Map/Prefabs_props/Models/Rock_04.fbx using Guid(0ee4575a277450142baad9a6b6afcf32) Importer(815301076,1909f56bfc062723c751e8b465ee728b) [PhysX] Initialized MultithreadedTaskDispatcher with 16 workers.
[PhysX] Initialized MultithreadedTaskDispatcher with 16 workers.
[PhysX] Initialized MultithreadedTaskDispatcher with 16 workers.
 -> (artifact id: '260b80bfdb2a86d5b783e90d4357f606') in 0.013800 seconds
Number of updated asset objects reloaded before import = 0
Number of asset objects unloaded after import = 11
========================================================================
Received Import Request.
  Time since last request: 0.000022 seconds.
  path: Assets/TowerDefenseAssets/Map/Prefabs_props/Models/Rock_07.fbx
  artifactKey: Guid(f7e761efcc47d884bb3da1714d463082) Importer(815301076,1909f56bfc062723c751e8b465ee728b)
Start importing Assets/TowerDefenseAssets/Map/Prefabs_props/Models/Rock_07.fbx using Guid(f7e761efcc47d884bb3da1714d463082) Importer(815301076,1909f56bfc062723c751e8b465ee728b) [PhysX] Initialized MultithreadedTaskDispatcher with 16 workers.
[PhysX] Initialized MultithreadedTaskDispatcher with 16 workers.
[PhysX] Initialized MultithreadedTaskDispatcher with 16 workers.
 -> (artifact id: 'e711301a0e191468cd721291a06b4b5e') in 0.014155 seconds
Number of updated asset objects reloaded before import = 0
Number of asset objects unloaded after import = 11
========================================================================
Received Import Request.
  Time since last request: 0.000021 seconds.
  path: Assets/TowerDefenseAssets/Map/Prefabs_props/Models/Rock_06.fbx
  artifactKey: Guid(789ba3da16e55064fa5922e01bf05a7a) Importer(815301076,1909f56bfc062723c751e8b465ee728b)
Start importing Assets/TowerDefenseAssets/Map/Prefabs_props/Models/Rock_06.fbx using Guid(789ba3da16e55064fa5922e01bf05a7a) Importer(815301076,1909f56bfc062723c751e8b465ee728b) [PhysX] Initialized MultithreadedTaskDispatcher with 16 workers.
[PhysX] Initialized MultithreadedTaskDispatcher with 16 workers.
[PhysX] Initialized MultithreadedTaskDispatcher with 16 workers.
 -> (artifact id: 'f8de0e034efbd33874d36da36ee28632') in 0.013029 seconds
Number of updated asset objects reloaded before import = 0
Number of asset objects unloaded after import = 11
========================================================================
Received Import Request.
  Time since last request: 1.221334 seconds.
  path: Assets/TowerDefenseAssets/Map/Prefabs_props/Models/Rock_09.fbx
  artifactKey: Guid(a7a0c4029dfab3743873c52affd4d633) Importer(815301076,1909f56bfc062723c751e8b465ee728b)
Start importing Assets/TowerDefenseAssets/Map/Prefabs_props/Models/Rock_09.fbx using Guid(a7a0c4029dfab3743873c52affd4d633) Importer(815301076,1909f56bfc062723c751e8b465ee728b) [PhysX] Initialized MultithreadedTaskDispatcher with 16 workers.
[PhysX] Initialized MultithreadedTaskDispatcher with 16 workers.
[PhysX] Initialized MultithreadedTaskDispatcher with 16 workers.
 -> (artifact id: '6c1d55a0dd46bcd6034bc0d666db1040') in 0.013263 seconds
Number of updated asset objects reloaded before import = 0
Number of asset objects unloaded after import = 11
========================================================================
Received Import Request.
  Time since last request: 0.000018 seconds.
  path: Assets/TowerDefenseAssets/Map/Prefabs_props/Models/Rock_13.fbx
  artifactKey: Guid(a41dbcc500a7610489a9246c2f4937ac) Importer(815301076,1909f56bfc062723c751e8b465ee728b)
Start importing Assets/TowerDefenseAssets/Map/Prefabs_props/Models/Rock_13.fbx using Guid(a41dbcc500a7610489a9246c2f4937ac) Importer(815301076,1909f56bfc062723c751e8b465ee728b) [PhysX] Initialized MultithreadedTaskDispatcher with 16 workers.
[PhysX] Initialized MultithreadedTaskDispatcher with 16 workers.
[PhysX] Initialized MultithreadedTaskDispatcher with 16 workers.
 -> (artifact id: '0cf9c4fce48462008bd1df2b9669e7c0') in 0.014568 seconds
Number of updated asset objects reloaded before import = 0
Number of asset objects unloaded after import = 11
========================================================================
Received Import Request.
  Time since last request: 0.000029 seconds.
  path: Assets/TowerDefenseAssets/Map/Prefabs_props/Models/Rock_12.fbx
  artifactKey: Guid(bb599c8bddf034047831736c2ec7674b) Importer(815301076,1909f56bfc062723c751e8b465ee728b)
Start importing Assets/TowerDefenseAssets/Map/Prefabs_props/Models/Rock_12.fbx using Guid(bb599c8bddf034047831736c2ec7674b) Importer(815301076,1909f56bfc062723c751e8b465ee728b) [PhysX] Initialized MultithreadedTaskDispatcher with 16 workers.
[PhysX] Initialized MultithreadedTaskDispatcher with 16 workers.
[PhysX] Initialized MultithreadedTaskDispatcher with 16 workers.
 -> (artifact id: '8c1f9ca8b9359f2233e277a44499ecec') in 0.013043 seconds
Number of updated asset objects reloaded before import = 0
Number of asset objects unloaded after import = 11
========================================================================
Received Import Request.
  Time since last request: 0.000052 seconds.
  path: Assets/TowerDefenseAssets/Map/Prefabs_props/Models/Rock_14B.fbx
  artifactKey: Guid(01719f25eea7a8043ae22d37f5a5de2a) Importer(815301076,1909f56bfc062723c751e8b465ee728b)
Start importing Assets/TowerDefenseAssets/Map/Prefabs_props/Models/Rock_14B.fbx using Guid(01719f25eea7a8043ae22d37f5a5de2a) Importer(815301076,1909f56bfc062723c751e8b465ee728b) [PhysX] Initialized MultithreadedTaskDispatcher with 16 workers.
[PhysX] Initialized MultithreadedTaskDispatcher with 16 workers.
[PhysX] Initialized MultithreadedTaskDispatcher with 16 workers.
 -> (artifact id: '41c3c575270d443b2a86d7ea119cc21c') in 0.012325 seconds
Number of updated asset objects reloaded before import = 0
Number of asset objects unloaded after import = 11
========================================================================
Received Import Request.
  Time since last request: 0.488660 seconds.
  path: Assets/TowerDefenseAssets/Map/Prefabs_props/Models/Rock_14C.fbx
  artifactKey: Guid(f6bc165acf72e5848832814a3015d7d8) Importer(815301076,1909f56bfc062723c751e8b465ee728b)
Start importing Assets/TowerDefenseAssets/Map/Prefabs_props/Models/Rock_14C.fbx using Guid(f6bc165acf72e5848832814a3015d7d8) Importer(815301076,1909f56bfc062723c751e8b465ee728b) [PhysX] Initialized MultithreadedTaskDispatcher with 16 workers.
[PhysX] Initialized MultithreadedTaskDispatcher with 16 workers.
[PhysX] Initialized MultithreadedTaskDispatcher with 16 workers.
 -> (artifact id: '237b937d0ffba4d3cdcc3dc7f498a5c9') in 0.012691 seconds
Number of updated asset objects reloaded before import = 0
Number of asset objects unloaded after import = 11
========================================================================
Received Import Request.
  Time since last request: 0.000020 seconds.
  path: Assets/TowerDefenseAssets/Map/Prefabs_props/Models/Rock_16.fbx
  artifactKey: Guid(44916e4fa6b9fb14888ef2e0e44f5b92) Importer(815301076,1909f56bfc062723c751e8b465ee728b)
Start importing Assets/TowerDefenseAssets/Map/Prefabs_props/Models/Rock_16.fbx using Guid(44916e4fa6b9fb14888ef2e0e44f5b92) Importer(815301076,1909f56bfc062723c751e8b465ee728b) [PhysX] Initialized MultithreadedTaskDispatcher with 16 workers.
[PhysX] Initialized MultithreadedTaskDispatcher with 16 workers.
[PhysX] Initialized MultithreadedTaskDispatcher with 16 workers.
 -> (artifact id: '7b8b62902dc8b20364d6189ffaa07b33') in 0.013226 seconds
Number of updated asset objects reloaded before import = 0
Number of asset objects unloaded after import = 11
========================================================================
Received Import Request.
  Time since last request: 0.000023 seconds.
  path: Assets/TowerDefenseAssets/Map/Prefabs_props/Models/Rock_17C.fbx
  artifactKey: Guid(81f7a7f6045c1c2468fbc6c19bc99d9c) Importer(815301076,1909f56bfc062723c751e8b465ee728b)
Start importing Assets/TowerDefenseAssets/Map/Prefabs_props/Models/Rock_17C.fbx using Guid(81f7a7f6045c1c2468fbc6c19bc99d9c) Importer(815301076,1909f56bfc062723c751e8b465ee728b) [PhysX] Initialized MultithreadedTaskDispatcher with 16 workers.
[PhysX] Initialized MultithreadedTaskDispatcher with 16 workers.
[PhysX] Initialized MultithreadedTaskDispatcher with 16 workers.
 -> (artifact id: '6d48bfd3ec606a63e3c5e86c34731fd0') in 0.013397 seconds
Number of updated asset objects reloaded before import = 0
Number of asset objects unloaded after import = 9
========================================================================
Received Import Request.
  Time since last request: 0.000024 seconds.
  path: Assets/TowerDefenseAssets/Map/Prefabs_props/Models/Rock_17A.fbx
  artifactKey: Guid(484c8e93b8d3251439463e4557599107) Importer(815301076,1909f56bfc062723c751e8b465ee728b)
Start importing Assets/TowerDefenseAssets/Map/Prefabs_props/Models/Rock_17A.fbx using Guid(484c8e93b8d3251439463e4557599107) Importer(815301076,1909f56bfc062723c751e8b465ee728b) [PhysX] Initialized MultithreadedTaskDispatcher with 16 workers.
[PhysX] Initialized MultithreadedTaskDispatcher with 16 workers.
[PhysX] Initialized MultithreadedTaskDispatcher with 16 workers.
 -> (artifact id: '9ea6dd20a79c9da8165ac1175f8ed514') in 0.012686 seconds
Number of updated asset objects reloaded before import = 0
Number of asset objects unloaded after import = 9
========================================================================
Received Import Request.
  Time since last request: 0.566691 seconds.
  path: Assets/TowerDefenseAssets/Map/Prefabs_props/Models/Rune_02.fbx
  artifactKey: Guid(05874e29f7b0364488a3bd0f1f0220f0) Importer(815301076,1909f56bfc062723c751e8b465ee728b)
Start importing Assets/TowerDefenseAssets/Map/Prefabs_props/Models/Rune_02.fbx using Guid(05874e29f7b0364488a3bd0f1f0220f0) Importer(815301076,1909f56bfc062723c751e8b465ee728b) [PhysX] Initialized MultithreadedTaskDispatcher with 16 workers.
[PhysX] Initialized MultithreadedTaskDispatcher with 16 workers.
[PhysX] Initialized MultithreadedTaskDispatcher with 16 workers.
 -> (artifact id: '2f88297522a299c24b12f944204cb443') in 0.032658 seconds
Number of updated asset objects reloaded before import = 0
Number of asset objects unloaded after import = 9
========================================================================
Received Import Request.
  Time since last request: 0.000022 seconds.
  path: Assets/TowerDefenseAssets/Map/Prefabs_props/Models/Rune_05.fbx
  artifactKey: Guid(d93620defab6c0341be3284d49b8d887) Importer(815301076,1909f56bfc062723c751e8b465ee728b)
Start importing Assets/TowerDefenseAssets/Map/Prefabs_props/Models/Rune_05.fbx using Guid(d93620defab6c0341be3284d49b8d887) Importer(815301076,1909f56bfc062723c751e8b465ee728b) [PhysX] Initialized MultithreadedTaskDispatcher with 16 workers.
[PhysX] Initialized MultithreadedTaskDispatcher with 16 workers.
[PhysX] Initialized MultithreadedTaskDispatcher with 16 workers.
 -> (artifact id: '022189fe9c65aae283b9b0602294c5b0') in 0.014386 seconds
Number of updated asset objects reloaded before import = 0
Number of asset objects unloaded after import = 9
========================================================================
Received Import Request.
  Time since last request: 0.000028 seconds.
  path: Assets/TowerDefenseAssets/Map/Prefabs_props/Models/Rune_04.fbx
  artifactKey: Guid(728383838c2800c45a40c1ca7f7f6cae) Importer(815301076,1909f56bfc062723c751e8b465ee728b)
Start importing Assets/TowerDefenseAssets/Map/Prefabs_props/Models/Rune_04.fbx using Guid(728383838c2800c45a40c1ca7f7f6cae) Importer(815301076,1909f56bfc062723c751e8b465ee728b) [PhysX] Initialized MultithreadedTaskDispatcher with 16 workers.
[PhysX] Initialized MultithreadedTaskDispatcher with 16 workers.
[PhysX] Initialized MultithreadedTaskDispatcher with 16 workers.
 -> (artifact id: 'c73269566ed62e92f830a4d6cab6ffbe') in 0.012238 seconds
Number of updated asset objects reloaded before import = 0
Number of asset objects unloaded after import = 9
========================================================================
Received Import Request.
  Time since last request: 0.522706 seconds.
  path: Assets/TowerDefenseAssets/Map/Prefabs_props/Models/Stair_el3.fbx
  artifactKey: Guid(6cc68b1a840e363418a891e571884cd7) Importer(815301076,1909f56bfc062723c751e8b465ee728b)
Start importing Assets/TowerDefenseAssets/Map/Prefabs_props/Models/Stair_el3.fbx using Guid(6cc68b1a840e363418a891e571884cd7) Importer(815301076,1909f56bfc062723c751e8b465ee728b) [PhysX] Initialized MultithreadedTaskDispatcher with 16 workers.
[PhysX] Initialized MultithreadedTaskDispatcher with 16 workers.
[PhysX] Initialized MultithreadedTaskDispatcher with 16 workers.
 -> (artifact id: 'ebf20a8574c92012a8e629a5eb4a2f76') in 0.012380 seconds
Number of updated asset objects reloaded before import = 0
Number of asset objects unloaded after import = 9
========================================================================
Received Import Request.
  Time since last request: 0.000022 seconds.
  path: Assets/TowerDefenseAssets/Map/Prefabs_props/Models/Stair_el6.fbx
  artifactKey: Guid(b6d4d0ce3ec7ab845bc8319b199ae527) Importer(815301076,1909f56bfc062723c751e8b465ee728b)
Start importing Assets/TowerDefenseAssets/Map/Prefabs_props/Models/Stair_el6.fbx using Guid(b6d4d0ce3ec7ab845bc8319b199ae527) Importer(815301076,1909f56bfc062723c751e8b465ee728b) [PhysX] Initialized MultithreadedTaskDispatcher with 16 workers.
[PhysX] Initialized MultithreadedTaskDispatcher with 16 workers.
[PhysX] Initialized MultithreadedTaskDispatcher with 16 workers.
 -> (artifact id: '59820d4a53da402153a254e8ac3c6351') in 0.013013 seconds
Number of updated asset objects reloaded before import = 0
Number of asset objects unloaded after import = 9
========================================================================
Received Import Request.
  Time since last request: 0.000022 seconds.
  path: Assets/TowerDefenseAssets/Map/Prefabs_props/Models/Stair_el8.fbx
  artifactKey: Guid(b161a24596f9e9e479bc9b6fdf137f90) Importer(815301076,1909f56bfc062723c751e8b465ee728b)
Start importing Assets/TowerDefenseAssets/Map/Prefabs_props/Models/Stair_el8.fbx using Guid(b161a24596f9e9e479bc9b6fdf137f90) Importer(815301076,1909f56bfc062723c751e8b465ee728b) [PhysX] Initialized MultithreadedTaskDispatcher with 16 workers.
[PhysX] Initialized MultithreadedTaskDispatcher with 16 workers.
[PhysX] Initialized MultithreadedTaskDispatcher with 16 workers.
 -> (artifact id: '4bce6e9348b733266b90a6f0829348b5') in 0.013966 seconds
Number of updated asset objects reloaded before import = 0
Number of asset objects unloaded after import = 9
========================================================================
Received Import Request.
  Time since last request: 0.000019 seconds.
  path: Assets/TowerDefenseAssets/Map/Prefabs_props/Models/Stair_el5.fbx
  artifactKey: Guid(0791eaeaf0153114bb285514fb8503bf) Importer(815301076,1909f56bfc062723c751e8b465ee728b)
Start importing Assets/TowerDefenseAssets/Map/Prefabs_props/Models/Stair_el5.fbx using Guid(0791eaeaf0153114bb285514fb8503bf) Importer(815301076,1909f56bfc062723c751e8b465ee728b) [PhysX] Initialized MultithreadedTaskDispatcher with 16 workers.
[PhysX] Initialized MultithreadedTaskDispatcher with 16 workers.
[PhysX] Initialized MultithreadedTaskDispatcher with 16 workers.
 -> (artifact id: '67cf78dbdc46b49edc6e51584dfff2f1') in 0.014305 seconds
Number of updated asset objects reloaded before import = 0
Number of asset objects unloaded after import = 9
========================================================================
Received Import Request.
  Time since last request: 0.000024 seconds.
  path: Assets/TowerDefenseAssets/Map/Prefabs_props/Models/Tent1.fbx
  artifactKey: Guid(1eb1dc42d8434d944b93985932939f72) Importer(815301076,1909f56bfc062723c751e8b465ee728b)
Start importing Assets/TowerDefenseAssets/Map/Prefabs_props/Models/Tent1.fbx using Guid(1eb1dc42d8434d944b93985932939f72) Importer(815301076,1909f56bfc062723c751e8b465ee728b) [PhysX] Initialized MultithreadedTaskDispatcher with 16 workers.
[PhysX] Initialized MultithreadedTaskDispatcher with 16 workers.
[PhysX] Initialized MultithreadedTaskDispatcher with 16 workers.
 -> (artifact id: 'c648aa6d236d9ae2e63963b70de169fb') in 0.013143 seconds
Number of updated asset objects reloaded before import = 0
Number of asset objects unloaded after import = 10
========================================================================
Received Import Request.
  Time since last request: 0.000026 seconds.
  path: Assets/TowerDefenseAssets/Map/Prefabs_props/Models/Tower_Base2_1.fbx
  artifactKey: Guid(95a0de05df4f22c4ebd6ec4284a7bc69) Importer(815301076,1909f56bfc062723c751e8b465ee728b)
Start importing Assets/TowerDefenseAssets/Map/Prefabs_props/Models/Tower_Base2_1.fbx using Guid(95a0de05df4f22c4ebd6ec4284a7bc69) Importer(815301076,1909f56bfc062723c751e8b465ee728b) [PhysX] Initialized MultithreadedTaskDispatcher with 16 workers.
[PhysX] Initialized MultithreadedTaskDispatcher with 16 workers.
[PhysX] Initialized MultithreadedTaskDispatcher with 16 workers.
 -> (artifact id: '4f03a7249659def7846f9fd29c1f356f') in 0.015683 seconds
Number of updated asset objects reloaded before import = 0
Number of asset objects unloaded after import = 9
========================================================================
Received Import Request.
  Time since last request: 0.000023 seconds.
  path: Assets/TowerDefenseAssets/Map/Prefabs_props/Models/Tower_Base1_2.fbx
  artifactKey: Guid(160ecbb9e27a9c34684bc7710b6230da) Importer(815301076,1909f56bfc062723c751e8b465ee728b)
Start importing Assets/TowerDefenseAssets/Map/Prefabs_props/Models/Tower_Base1_2.fbx using Guid(160ecbb9e27a9c34684bc7710b6230da) Importer(815301076,1909f56bfc062723c751e8b465ee728b) [PhysX] Initialized MultithreadedTaskDispatcher with 16 workers.
[PhysX] Initialized MultithreadedTaskDispatcher with 16 workers.
[PhysX] Initialized MultithreadedTaskDispatcher with 16 workers.
 -> (artifact id: '3be67974243fa3c02cc7892ec615f857') in 0.015382 seconds
Number of updated asset objects reloaded before import = 0
Number of asset objects unloaded after import = 9
========================================================================
Received Import Request.
  Time since last request: 0.457364 seconds.
  path: Assets/TowerDefenseAssets/Map/Prefabs_props/Models/Tower_Base2_2.fbx
  artifactKey: Guid(9354e622a8760af4b95227a7c4e0b042) Importer(815301076,1909f56bfc062723c751e8b465ee728b)
Start importing Assets/TowerDefenseAssets/Map/Prefabs_props/Models/Tower_Base2_2.fbx using Guid(9354e622a8760af4b95227a7c4e0b042) Importer(815301076,1909f56bfc062723c751e8b465ee728b) [PhysX] Initialized MultithreadedTaskDispatcher with 16 workers.
[PhysX] Initialized MultithreadedTaskDispatcher with 16 workers.
[PhysX] Initialized MultithreadedTaskDispatcher with 16 workers.
 -> (artifact id: '6d601ca609e8649cc7f28bc76dc9f3dd') in 0.013383 seconds
Number of updated asset objects reloaded before import = 0
Number of asset objects unloaded after import = 9
========================================================================
Received Import Request.
  Time since last request: 0.000017 seconds.
  path: Assets/TowerDefenseAssets/Map/Prefabs_props/Models/Tree_05.fbx
  artifactKey: Guid(ced98dbe620011a4481f789faeb44f9e) Importer(815301076,1909f56bfc062723c751e8b465ee728b)
Start importing Assets/TowerDefenseAssets/Map/Prefabs_props/Models/Tree_05.fbx using Guid(ced98dbe620011a4481f789faeb44f9e) Importer(815301076,1909f56bfc062723c751e8b465ee728b) [PhysX] Initialized MultithreadedTaskDispatcher with 16 workers.
[PhysX] Initialized MultithreadedTaskDispatcher with 16 workers.
[PhysX] Initialized MultithreadedTaskDispatcher with 16 workers.
 -> (artifact id: '841876570a12f7be01f06546daa64201') in 0.017158 seconds
Number of updated asset objects reloaded before import = 0
Number of asset objects unloaded after import = 11
========================================================================
Received Import Request.
  Time since last request: 0.000023 seconds.
  path: Assets/TowerDefenseAssets/Map/Prefabs_props/Models/Tree_02.fbx
  artifactKey: Guid(5121957c71869f148b5e0e6fb6a63840) Importer(815301076,1909f56bfc062723c751e8b465ee728b)
Start importing Assets/TowerDefenseAssets/Map/Prefabs_props/Models/Tree_02.fbx using Guid(5121957c71869f148b5e0e6fb6a63840) Importer(815301076,1909f56bfc062723c751e8b465ee728b) [PhysX] Initialized MultithreadedTaskDispatcher with 16 workers.
[PhysX] Initialized MultithreadedTaskDispatcher with 16 workers.
[PhysX] Initialized MultithreadedTaskDispatcher with 16 workers.
 -> (artifact id: '59c97139fa41b18c966edd786f3b5313') in 0.016917 seconds
Number of updated asset objects reloaded before import = 0
Number of asset objects unloaded after import = 11
========================================================================
Received Import Request.
  Time since last request: 0.001347 seconds.
  path: Assets/TowerDefenseAssets/Map/Prefabs_props/Models/Tree_06.fbx
  artifactKey: Guid(c95cfdf82cc89af48a69d3a84fb23afe) Importer(815301076,1909f56bfc062723c751e8b465ee728b)
Start importing Assets/TowerDefenseAssets/Map/Prefabs_props/Models/Tree_06.fbx using Guid(c95cfdf82cc89af48a69d3a84fb23afe) Importer(815301076,1909f56bfc062723c751e8b465ee728b) [PhysX] Initialized MultithreadedTaskDispatcher with 16 workers.
[PhysX] Initialized MultithreadedTaskDispatcher with 16 workers.
[PhysX] Initialized MultithreadedTaskDispatcher with 16 workers.
 -> (artifact id: 'd7854c920c689f85fcd3a050a83e97c5') in 0.015098 seconds
Number of updated asset objects reloaded before import = 0
Number of asset objects unloaded after import = 11
========================================================================
Received Import Request.
  Time since last request: 0.000025 seconds.
  path: Assets/TowerDefenseAssets/Map/Prefabs_props/Models/Tree_08.fbx
  artifactKey: Guid(7086e65418a8ab84082396d5780fa5e0) Importer(815301076,1909f56bfc062723c751e8b465ee728b)
Start importing Assets/TowerDefenseAssets/Map/Prefabs_props/Models/Tree_08.fbx using Guid(7086e65418a8ab84082396d5780fa5e0) Importer(815301076,1909f56bfc062723c751e8b465ee728b) [PhysX] Initialized MultithreadedTaskDispatcher with 16 workers.
[PhysX] Initialized MultithreadedTaskDispatcher with 16 workers.
[PhysX] Initialized MultithreadedTaskDispatcher with 16 workers.
 -> (artifact id: '40f3f6ce9c689c708c1bd6638e7edb09') in 0.018702 seconds
Number of updated asset objects reloaded before import = 0
Number of asset objects unloaded after import = 11
========================================================================
Received Import Request.
  Time since last request: 0.000027 seconds.
  path: Assets/TowerDefenseAssets/Map/Prefabs_props/Models/Tree_Fall1.fbx
  artifactKey: Guid(a70d9cf5ceba5b0438610daf3d29c250) Importer(815301076,1909f56bfc062723c751e8b465ee728b)
Start importing Assets/TowerDefenseAssets/Map/Prefabs_props/Models/Tree_Fall1.fbx using Guid(a70d9cf5ceba5b0438610daf3d29c250) Importer(815301076,1909f56bfc062723c751e8b465ee728b) [PhysX] Initialized MultithreadedTaskDispatcher with 16 workers.
[PhysX] Initialized MultithreadedTaskDispatcher with 16 workers.
[PhysX] Initialized MultithreadedTaskDispatcher with 16 workers.
 -> (artifact id: '8c29b289ee89e263f9d28f7bd26ef76d') in 0.017633 seconds
Number of updated asset objects reloaded before import = 0
Number of asset objects unloaded after import = 11
========================================================================
Received Import Request.
  Time since last request: 0.000024 seconds.
  path: Assets/TowerDefenseAssets/Map/Prefabs_props/Models/Tree_Fall4.fbx
  artifactKey: Guid(852cf918fb046e74797a75008dc7c197) Importer(815301076,1909f56bfc062723c751e8b465ee728b)
Start importing Assets/TowerDefenseAssets/Map/Prefabs_props/Models/Tree_Fall4.fbx using Guid(852cf918fb046e74797a75008dc7c197) Importer(815301076,1909f56bfc062723c751e8b465ee728b) [PhysX] Initialized MultithreadedTaskDispatcher with 16 workers.
[PhysX] Initialized MultithreadedTaskDispatcher with 16 workers.
[PhysX] Initialized MultithreadedTaskDispatcher with 16 workers.
 -> (artifact id: 'de0f7b9ba3c552b9e584220a049e7599') in 0.014656 seconds
Number of updated asset objects reloaded before import = 0
Number of asset objects unloaded after import = 9
========================================================================
Received Import Request.
  Time since last request: 0.000022 seconds.
  path: Assets/TowerDefenseAssets/Map/Prefabs_props/Models/Tree_Fall5.fbx
  artifactKey: Guid(f60983de76d1b9645bb5f01e53e83aa0) Importer(815301076,1909f56bfc062723c751e8b465ee728b)
Start importing Assets/TowerDefenseAssets/Map/Prefabs_props/Models/Tree_Fall5.fbx using Guid(f60983de76d1b9645bb5f01e53e83aa0) Importer(815301076,1909f56bfc062723c751e8b465ee728b) [PhysX] Initialized MultithreadedTaskDispatcher with 16 workers.
[PhysX] Initialized MultithreadedTaskDispatcher with 16 workers.
[PhysX] Initialized MultithreadedTaskDispatcher with 16 workers.
 -> (artifact id: 'f0fc5abac53d18a8c547f3d9e7130f3e') in 0.014429 seconds
Number of updated asset objects reloaded before import = 0
Number of asset objects unloaded after import = 9
========================================================================
Received Import Request.
  Time since last request: 0.000025 seconds.
  path: Assets/TowerDefenseAssets/Map/Prefabs_props/Models/Tree_Pine_1.fbx
  artifactKey: Guid(145e7a361aceef4489c8986101c0e309) Importer(815301076,1909f56bfc062723c751e8b465ee728b)
Start importing Assets/TowerDefenseAssets/Map/Prefabs_props/Models/Tree_Pine_1.fbx using Guid(145e7a361aceef4489c8986101c0e309) Importer(815301076,1909f56bfc062723c751e8b465ee728b) [PhysX] Initialized MultithreadedTaskDispatcher with 16 workers.
[PhysX] Initialized MultithreadedTaskDispatcher with 16 workers.
[PhysX] Initialized MultithreadedTaskDispatcher with 16 workers.
 -> (artifact id: '9fddd1d068e1b385ea739fc6e8793ded') in 0.016779 seconds
Number of updated asset objects reloaded before import = 0
Number of asset objects unloaded after import = 11
========================================================================
Received Import Request.
  Time since last request: 0.000026 seconds.
  path: Assets/TowerDefenseAssets/Map/Prefabs_props/Models/Tree_Dead3.fbx
  artifactKey: Guid(dcefa447dd2dd484c81fc90c468cebcc) Importer(815301076,1909f56bfc062723c751e8b465ee728b)
Start importing Assets/TowerDefenseAssets/Map/Prefabs_props/Models/Tree_Dead3.fbx using Guid(dcefa447dd2dd484c81fc90c468cebcc) Importer(815301076,1909f56bfc062723c751e8b465ee728b) [PhysX] Initialized MultithreadedTaskDispatcher with 16 workers.
[PhysX] Initialized MultithreadedTaskDispatcher with 16 workers.
[PhysX] Initialized MultithreadedTaskDispatcher with 16 workers.
 -> (artifact id: '4709eb4be4868355f6cc101e267fd3ce') in 0.013757 seconds
Number of updated asset objects reloaded before import = 0
Number of asset objects unloaded after import = 9
========================================================================
Received Import Request.
  Time since last request: 0.000031 seconds.
  path: Assets/TowerDefenseAssets/Map/Prefabs_props/Models/Tree_Dead1.fbx
  artifactKey: Guid(2a9268ce8bd3d134b998e22c3e27d0f4) Importer(815301076,1909f56bfc062723c751e8b465ee728b)
Start importing Assets/TowerDefenseAssets/Map/Prefabs_props/Models/Tree_Dead1.fbx using Guid(2a9268ce8bd3d134b998e22c3e27d0f4) Importer(815301076,1909f56bfc062723c751e8b465ee728b) [PhysX] Initialized MultithreadedTaskDispatcher with 16 workers.
[PhysX] Initialized MultithreadedTaskDispatcher with 16 workers.
[PhysX] Initialized MultithreadedTaskDispatcher with 16 workers.
 -> (artifact id: '52407e9427b8ca2d6227b776cfc2d58e') in 0.014259 seconds
Number of updated asset objects reloaded before import = 0
Number of asset objects unloaded after import = 9
========================================================================
Received Import Request.
  Time since last request: 3.299262 seconds.
  path: Assets/TowerDefenseAssets/Map/Prefabs_props/Models/Tree_Pine_3.fbx
  artifactKey: Guid(3f8f1eb7fb03dee4d8bea04b3c47d849) Importer(815301076,1909f56bfc062723c751e8b465ee728b)
Start importing Assets/TowerDefenseAssets/Map/Prefabs_props/Models/Tree_Pine_3.fbx using Guid(3f8f1eb7fb03dee4d8bea04b3c47d849) Importer(815301076,1909f56bfc062723c751e8b465ee728b) [PhysX] Initialized MultithreadedTaskDispatcher with 16 workers.
[PhysX] Initialized MultithreadedTaskDispatcher with 16 workers.
[PhysX] Initialized MultithreadedTaskDispatcher with 16 workers.
 -> (artifact id: 'aa4eb4c293e2e1e0caffe0781e0a1144') in 0.021883 seconds
Number of updated asset objects reloaded before import = 0
Number of asset objects unloaded after import = 11
========================================================================
Received Import Request.
  Time since last request: 0.000024 seconds.
  path: Assets/TowerDefenseAssets/Map/Prefabs_props/Models/Tree_Small_04.fbx
  artifactKey: Guid(42afb63cd0afe86468f248c342a9aab1) Importer(815301076,1909f56bfc062723c751e8b465ee728b)
Start importing Assets/TowerDefenseAssets/Map/Prefabs_props/Models/Tree_Small_04.fbx using Guid(42afb63cd0afe86468f248c342a9aab1) Importer(815301076,1909f56bfc062723c751e8b465ee728b) [PhysX] Initialized MultithreadedTaskDispatcher with 16 workers.
[PhysX] Initialized MultithreadedTaskDispatcher with 16 workers.
[PhysX] Initialized MultithreadedTaskDispatcher with 16 workers.
 -> (artifact id: 'ec892777e5b189415aa8aa54ecc7448b') in 0.038726 seconds
Number of updated asset objects reloaded before import = 0
Number of asset objects unloaded after import = 11
========================================================================
Received Import Request.
  Time since last request: 0.000024 seconds.
  path: Assets/TowerDefenseAssets/Map/Prefabs_props/Models/Tree_Small_03.fbx
  artifactKey: Guid(b76cd34869b1d6548866c6e8902bd4de) Importer(815301076,1909f56bfc062723c751e8b465ee728b)
Start importing Assets/TowerDefenseAssets/Map/Prefabs_props/Models/Tree_Small_03.fbx using Guid(b76cd34869b1d6548866c6e8902bd4de) Importer(815301076,1909f56bfc062723c751e8b465ee728b) [PhysX] Initialized MultithreadedTaskDispatcher with 16 workers.
[PhysX] Initialized MultithreadedTaskDispatcher with 16 workers.
[PhysX] Initialized MultithreadedTaskDispatcher with 16 workers.
 -> (artifact id: 'e7db8611734278e8cbfdb94047be7f13') in 0.095564 seconds
Number of updated asset objects reloaded before import = 0
Number of asset objects unloaded after import = 11
========================================================================
Received Import Request.
  Time since last request: 206.381011 seconds.
  path: Assets/TowerDefenseAssets/Map/Prefabs_props/Models/Tree_small_05.fbx
  artifactKey: Guid(ddc049254a2824b40a633ccde4815280) Importer(815301076,1909f56bfc062723c751e8b465ee728b)
Start importing Assets/TowerDefenseAssets/Map/Prefabs_props/Models/Tree_small_05.fbx using Guid(ddc049254a2824b40a633ccde4815280) Importer(815301076,1909f56bfc062723c751e8b465ee728b) [PhysX] Initialized MultithreadedTaskDispatcher with 16 workers.
[PhysX] Initialized MultithreadedTaskDispatcher with 16 workers.
[PhysX] Initialized MultithreadedTaskDispatcher with 16 workers.
 -> (artifact id: 'c250b893c13e283bbfd3cd5a3c898b8b') in 0.016803 seconds
Number of updated asset objects reloaded before import = 0
Number of asset objects unloaded after import = 11
========================================================================
Received Import Request.
  Time since last request: 0.000032 seconds.
  path: Assets/TowerDefenseAssets/Map/Prefabs_props/Models/Trunk_03.fbx
  artifactKey: Guid(5ac155c190ddeb344b8b7c98aaba9ad2) Importer(815301076,1909f56bfc062723c751e8b465ee728b)
Start importing Assets/TowerDefenseAssets/Map/Prefabs_props/Models/Trunk_03.fbx using Guid(5ac155c190ddeb344b8b7c98aaba9ad2) Importer(815301076,1909f56bfc062723c751e8b465ee728b) [PhysX] Initialized MultithreadedTaskDispatcher with 16 workers.
[PhysX] Initialized MultithreadedTaskDispatcher with 16 workers.
[PhysX] Initialized MultithreadedTaskDispatcher with 16 workers.
 -> (artifact id: '16a461a771fc2fb61c23e6b6787a8cb4') in 0.015480 seconds
Number of updated asset objects reloaded before import = 0
Number of asset objects unloaded after import = 11
========================================================================
Received Import Request.
  Time since last request: 0.000024 seconds.
  path: Assets/TowerDefenseAssets/Map/Prefabs_props/Models/Wagon_pickaxe.fbx
  artifactKey: Guid(a92386504a017ed47b3b5f84dd6c8795) Importer(815301076,1909f56bfc062723c751e8b465ee728b)
Start importing Assets/TowerDefenseAssets/Map/Prefabs_props/Models/Wagon_pickaxe.fbx using Guid(a92386504a017ed47b3b5f84dd6c8795) Importer(815301076,1909f56bfc062723c751e8b465ee728b) [PhysX] Initialized MultithreadedTaskDispatcher with 16 workers.
[PhysX] Initialized MultithreadedTaskDispatcher with 16 workers.
[PhysX] Initialized MultithreadedTaskDispatcher with 16 workers.
 -> (artifact id: 'a8081720a796416ab02ec4a1c283683a') in 0.016180 seconds
Number of updated asset objects reloaded before import = 0
Number of asset objects unloaded after import = 9
========================================================================
Received Import Request.
  Time since last request: 50.118290 seconds.
  path: Assets/TowerDefenseAssets/Map/Prefabs_props/Models/Wagon_Tracks1.fbx
  artifactKey: Guid(3d7b1674ed6a7704482582c522f6f501) Importer(815301076,1909f56bfc062723c751e8b465ee728b)
Start importing Assets/TowerDefenseAssets/Map/Prefabs_props/Models/Wagon_Tracks1.fbx using Guid(3d7b1674ed6a7704482582c522f6f501) Importer(815301076,1909f56bfc062723c751e8b465ee728b) [PhysX] Initialized MultithreadedTaskDispatcher with 16 workers.
[PhysX] Initialized MultithreadedTaskDispatcher with 16 workers.
[PhysX] Initialized MultithreadedTaskDispatcher with 16 workers.
 -> (artifact id: 'b0a54825b16efcc50e8cea7ccd515072') in 0.013065 seconds
Number of updated asset objects reloaded before import = 0
Number of asset objects unloaded after import = 9
========================================================================
Received Import Request.
  Time since last request: 0.000023 seconds.
  path: Assets/TowerDefenseAssets/Map/Prefabs_props/Models/Wall_sf_el2.fbx
  artifactKey: Guid(7e488cf8d2f33c84192fefd51152967f) Importer(815301076,1909f56bfc062723c751e8b465ee728b)
Start importing Assets/TowerDefenseAssets/Map/Prefabs_props/Models/Wall_sf_el2.fbx using Guid(7e488cf8d2f33c84192fefd51152967f) Importer(815301076,1909f56bfc062723c751e8b465ee728b) [PhysX] Initialized MultithreadedTaskDispatcher with 16 workers.
[PhysX] Initialized MultithreadedTaskDispatcher with 16 workers.
[PhysX] Initialized MultithreadedTaskDispatcher with 16 workers.
 -> (artifact id: 'aba538d907d7185c913c797fdf9d3fb7') in 0.015897 seconds
Number of updated asset objects reloaded before import = 0
Number of asset objects unloaded after import = 9
========================================================================
Received Import Request.
  Time since last request: 0.000022 seconds.
  path: Assets/TowerDefenseAssets/Map/Prefabs_props/Models/Wall_Stone_el1.fbx
  artifactKey: Guid(81a21d0dfc1e6fd4eb6d384d6810f68b) Importer(815301076,1909f56bfc062723c751e8b465ee728b)
Start importing Assets/TowerDefenseAssets/Map/Prefabs_props/Models/Wall_Stone_el1.fbx using Guid(81a21d0dfc1e6fd4eb6d384d6810f68b) Importer(815301076,1909f56bfc062723c751e8b465ee728b) [PhysX] Initialized MultithreadedTaskDispatcher with 16 workers.
[PhysX] Initialized MultithreadedTaskDispatcher with 16 workers.
[PhysX] Initialized MultithreadedTaskDispatcher with 16 workers.
 -> (artifact id: 'd851cdf23dde79202127ce856ecfc802') in 0.014821 seconds
Number of updated asset objects reloaded before import = 0
Number of asset objects unloaded after import = 9
========================================================================
Received Import Request.
  Time since last request: 0.000036 seconds.
  path: Assets/TowerDefenseAssets/Map/Prefabs_props/Models/Wall_sf_el1.fbx
  artifactKey: Guid(c399067ae7e1e89469ddf43bec6bd441) Importer(815301076,1909f56bfc062723c751e8b465ee728b)
Start importing Assets/TowerDefenseAssets/Map/Prefabs_props/Models/Wall_sf_el1.fbx using Guid(c399067ae7e1e89469ddf43bec6bd441) Importer(815301076,1909f56bfc062723c751e8b465ee728b) [PhysX] Initialized MultithreadedTaskDispatcher with 16 workers.
[PhysX] Initialized MultithreadedTaskDispatcher with 16 workers.
[PhysX] Initialized MultithreadedTaskDispatcher with 16 workers.
 -> (artifact id: '232b239655d9bb46db6aea4cfd7f6b40') in 0.012565 seconds
Number of updated asset objects reloaded before import = 0
Number of asset objects unloaded after import = 9
========================================================================
Received Import Request.
  Time since last request: 0.023119 seconds.
  path: Assets/TowerDefenseAssets/Map/Prefabs_props/Models/Wall_wood_el1.fbx
  artifactKey: Guid(8833cf5bbb3803245be417e98cee641a) Importer(815301076,1909f56bfc062723c751e8b465ee728b)
Start importing Assets/TowerDefenseAssets/Map/Prefabs_props/Models/Wall_wood_el1.fbx using Guid(8833cf5bbb3803245be417e98cee641a) Importer(815301076,1909f56bfc062723c751e8b465ee728b) [PhysX] Initialized MultithreadedTaskDispatcher with 16 workers.
[PhysX] Initialized MultithreadedTaskDispatcher with 16 workers.
[PhysX] Initialized MultithreadedTaskDispatcher with 16 workers.
 -> (artifact id: '6830f61bdb03f25dcefa23be3c1f1846') in 0.015435 seconds
Number of updated asset objects reloaded before import = 0
Number of asset objects unloaded after import = 9
========================================================================
Received Import Request.
  Time since last request: 1721.270638 seconds.
  path: Assets/TowerDefenseAssets/Monster/Ground/HorseKnight/horse_knight.fbx
  artifactKey: Guid(537fbbe15791cae4d9cb4573d601914b) Importer(815301076,1909f56bfc062723c751e8b465ee728b)
Start importing Assets/TowerDefenseAssets/Monster/Ground/HorseKnight/horse_knight.fbx using Guid(537fbbe15791cae4d9cb4573d601914b) Importer(815301076,1909f56bfc062723c751e8b465ee728b) [PhysX] Initialized MultithreadedTaskDispatcher with 16 workers.
[PhysX] Initialized MultithreadedTaskDispatcher with 16 workers.
[PhysX] Initialized MultithreadedTaskDispatcher with 16 workers.
[PhysX] Initialized MultithreadedTaskDispatcher with 16 workers.
[PhysX] Initialized MultithreadedTaskDispatcher with 16 workers.
 -> (artifact id: '02cefb1489746e224d34f02953599486') in 0.036524 seconds
Number of updated asset objects reloaded before import = 0
Number of asset objects unloaded after import = 188
========================================================================
Received Prepare
Caller must complete domain reload
Begin MonoManager ReloadAssembly
- Loaded All Assemblies, in  0.646 seconds
Native extension for WindowsStandalone target not found
Native extension for Android target not found
Native extension for WebGL target not found
Mono: successfully reloaded assembly
- Finished resetting the current domain, in  1.942 seconds
Domain Reload Profiling: 2584ms
	BeginReloadAssembly (230ms)
		ExecutionOrderSort (0ms)
		DisableScriptedObjects (9ms)
		BackupInstance (0ms)
		ReleaseScriptingObjects (0ms)
		CreateAndSetChildDomain (86ms)
	RebuildCommonClasses (28ms)
	RebuildNativeTypeToScriptingClass (8ms)
	initialDomainReloadingComplete (32ms)
	LoadAllAssembliesAndSetupDomain (344ms)
		LoadAssemblies (424ms)
		RebuildTransferFunctionScriptingTraits (0ms)
		AnalyzeDomain (14ms)
			TypeCache.Refresh (7ms)
				TypeCache.ScanAssembly (0ms)
			ScanForSourceGeneratedMonoScriptInfo (0ms)
			ResolveRequiredComponents (6ms)
	FinalizeReload (1942ms)
		ReleaseScriptCaches (0ms)
		RebuildScriptCaches (0ms)
		SetupLoadedEditorAssemblies (554ms)
			LogAssemblyErrors (0ms)
			InitializePlatformSupportModulesInManaged (26ms)
			SetLoadedEditorAssemblies (6ms)
			RefreshPlugins (0ms)
			BeforeProcessingInitializeOnLoad (74ms)
			ProcessInitializeOnLoadAttributes (415ms)
			ProcessInitializeOnLoadMethodAttributes (23ms)
			AfterProcessingInitializeOnLoad (9ms)
			EditorAssembliesLoaded (0ms)
		ExecutionOrderSort2 (0ms)
		AwakeInstancesAfterBackupRestoration (7ms)
Refreshing native plugins compatible for Editor in 5.46 ms, found 3 plugins.
Preloading 0 native plugins for Editor in 0.00 ms.
Unloading 3315 Unused Serialized files (Serialized files now loaded: 0)
Unloading 15 unused Assets / (99.8 KB). Loaded Objects now: 3893.
Memory consumption went from 143.1 MB to 143.0 MB.
Total: 4.613400 ms (FindLiveObjects: 0.415100 ms CreateObjectMapping: 0.234200 ms MarkObjects: 3.879300 ms  DeleteObjects: 0.083000 ms)

Prepare: number of updated asset objects reloaded= 0
AssetImportParameters requested are different than current active one (requested -> active):
  custom:container-demuxer-ogg: 62fdf1f143b41e24485cea50d1cbac27 -> 
  custom:video-codec-MediaFoundation-h265: 746d11721c4dcdbdad8f713fa42b33f4 -> 
  custom:video-decoder-ogg-theora: a1e56fd34408186e4bbccfd4996cb3dc -> 
  custom:framework-win-MediaFoundation: 216162199b28c13a410421893ffa2e32 -> 
  custom:CustomObjectIndexerAttribute: 9a22284fe3817be447336de3de66b15e -> 
  custom:container-demuxer-webm: 4f35f7cbe854078d1ac9338744f61a02 -> 
  custom:container-muxer-webm: aa71ff27fc2769a1b78a27578f13a17b -> 
  custom:video-decoder-webm-vp8: 9c59270c3fd7afecdb556c50c9e8de78 -> 
  custom:SearchIndexIgnoredProperties: e643bd26f0fe6173181afceb89e7c659 -> 
  custom:AudioImporter_EditorPlatform: d09bf68614088b80899f8185d706f6e7 -> 
  custom:video-encoder-webm-vp8: eb34c28f22e8b96e1ab97ce403110664 -> 
  custom:audio-decoder-ogg-vorbis: bf7c407c2cedff20999df2af8eb42d56 -> 
  custom:audio-encoder-webm-vorbis: bf7c407c2cedff20999df2af8eb42d56 -> 
========================================================================
Received Import Request.
  Time since last request: 189.224630 seconds.
  path: Assets/TowerDefenseAssets/Map/Prefabs_props/Textures/Tree_bark_winter.tif
  artifactKey: Guid(7f2b4b431f9d246429caa6a227b82b63) Importer(815301076,1909f56bfc062723c751e8b465ee728b)
Start importing Assets/TowerDefenseAssets/Map/Prefabs_props/Textures/Tree_bark_winter.tif using Guid(7f2b4b431f9d246429caa6a227b82b63) Importer(815301076,1909f56bfc062723c751e8b465ee728b) [PhysX] Initialized MultithreadedTaskDispatcher with 16 workers.
[PhysX] Initialized MultithreadedTaskDispatcher with 16 workers.
 -> (artifact id: '5d430c2c4e498b3b32b32f987e21c1eb') in 0.049507 seconds
Number of updated asset objects reloaded before import = 0
Number of asset objects unloaded after import = 2
========================================================================
Received Import Request.
  Time since last request: 32.599553 seconds.
  path: Assets/TowerDefenseAssets/Map/Prefabs_props/Textures/Tree_leaves_winter.tif
  artifactKey: Guid(cc1603531dfad3a49b5fae0a07936658) Importer(815301076,1909f56bfc062723c751e8b465ee728b)
Start importing Assets/TowerDefenseAssets/Map/Prefabs_props/Textures/Tree_leaves_winter.tif using Guid(cc1603531dfad3a49b5fae0a07936658) Importer(815301076,1909f56bfc062723c751e8b465ee728b) [PhysX] Initialized MultithreadedTaskDispatcher with 16 workers.
[PhysX] Initialized MultithreadedTaskDispatcher with 16 workers.
 -> (artifact id: '1cefdacdd3598d46dc09ed2cdfd7a401') in 0.011258 seconds
Number of updated asset objects reloaded before import = 0
Number of asset objects unloaded after import = 2
========================================================================
Received Import Request.
  Time since last request: 1.946460 seconds.
  path: Assets/TowerDefenseAssets/Map/Prefabs_props/Textures/tent_stump.tif
  artifactKey: Guid(297f4dbbc02837647a29fec7bc3c4eb8) Importer(815301076,1909f56bfc062723c751e8b465ee728b)
Start importing Assets/TowerDefenseAssets/Map/Prefabs_props/Textures/tent_stump.tif using Guid(297f4dbbc02837647a29fec7bc3c4eb8) Importer(815301076,1909f56bfc062723c751e8b465ee728b) [PhysX] Initialized MultithreadedTaskDispatcher with 16 workers.
[PhysX] Initialized MultithreadedTaskDispatcher with 16 workers.
 -> (artifact id: '2e83b1360dab6c625db2064fe24c28ba') in 0.009911 seconds
Number of updated asset objects reloaded before import = 0
Number of asset objects unloaded after import = 2
========================================================================
Received Import Request.
  Time since last request: 0.000018 seconds.
  path: Assets/TowerDefenseAssets/Map/Prefabs_props/Textures/wagon_winter.tif
  artifactKey: Guid(bca7e3388c19ac241a462d67618af5b9) Importer(815301076,1909f56bfc062723c751e8b465ee728b)
Start importing Assets/TowerDefenseAssets/Map/Prefabs_props/Textures/wagon_winter.tif using Guid(bca7e3388c19ac241a462d67618af5b9) Importer(815301076,1909f56bfc062723c751e8b465ee728b) [PhysX] Initialized MultithreadedTaskDispatcher with 16 workers.
[PhysX] Initialized MultithreadedTaskDispatcher with 16 workers.
 -> (artifact id: '930a47bd105992d1157aab6cdbc24652') in 0.008420 seconds
Number of updated asset objects reloaded before import = 0
Number of asset objects unloaded after import = 2
========================================================================
Received Import Request.
  Time since last request: 0.000087 seconds.
  path: Assets/TowerDefenseAssets/Map/Prefabs_props/Textures/Wall_wood_winter.tif
  artifactKey: Guid(e3043c79f4a446842802fe533b6eb7ed) Importer(815301076,1909f56bfc062723c751e8b465ee728b)
Start importing Assets/TowerDefenseAssets/Map/Prefabs_props/Textures/Wall_wood_winter.tif using Guid(e3043c79f4a446842802fe533b6eb7ed) Importer(815301076,1909f56bfc062723c751e8b465ee728b) [PhysX] Initialized MultithreadedTaskDispatcher with 16 workers.
[PhysX] Initialized MultithreadedTaskDispatcher with 16 workers.
 -> (artifact id: '69c917d35d22f28296f61da7fc73b725') in 0.009681 seconds
Number of updated asset objects reloaded before import = 0
Number of asset objects unloaded after import = 2
========================================================================
Received Import Request.
  Time since last request: 0.000024 seconds.
  path: Assets/TowerDefenseAssets/Map/Prefabs_props/Textures/tower_base2.tif
  artifactKey: Guid(4ac0d7f422d51814da3d9f9c75491bc8) Importer(815301076,1909f56bfc062723c751e8b465ee728b)
Start importing Assets/TowerDefenseAssets/Map/Prefabs_props/Textures/tower_base2.tif using Guid(4ac0d7f422d51814da3d9f9c75491bc8) Importer(815301076,1909f56bfc062723c751e8b465ee728b) [PhysX] Initialized MultithreadedTaskDispatcher with 16 workers.
[PhysX] Initialized MultithreadedTaskDispatcher with 16 workers.
 -> (artifact id: '8103b9c7ae576325f172de6063b9e90f') in 0.030422 seconds
Number of updated asset objects reloaded before import = 0
Number of asset objects unloaded after import = 2
========================================================================
Received Import Request.
  Time since last request: 0.000022 seconds.
  path: Assets/TowerDefenseAssets/Map/Prefabs_props/Textures/Tree_leaves.tif
  artifactKey: Guid(554ded1af940a9049b40b5347f7b87bc) Importer(815301076,1909f56bfc062723c751e8b465ee728b)
Start importing Assets/TowerDefenseAssets/Map/Prefabs_props/Textures/Tree_leaves.tif using Guid(554ded1af940a9049b40b5347f7b87bc) Importer(815301076,1909f56bfc062723c751e8b465ee728b) [PhysX] Initialized MultithreadedTaskDispatcher with 16 workers.
[PhysX] Initialized MultithreadedTaskDispatcher with 16 workers.
 -> (artifact id: '134be6bd8b38e2b209e8009fa98123e6') in 0.022643 seconds
Number of updated asset objects reloaded before import = 0
Number of asset objects unloaded after import = 2
========================================================================
Received Import Request.
  Time since last request: 0.000023 seconds.
  path: Assets/TowerDefenseAssets/Map/Prefabs_props/Textures/tent_stump_winter.tif
  artifactKey: Guid(6b9c2ebc7984ff44585c0371d72abdc7) Importer(815301076,1909f56bfc062723c751e8b465ee728b)
Start importing Assets/TowerDefenseAssets/Map/Prefabs_props/Textures/tent_stump_winter.tif using Guid(6b9c2ebc7984ff44585c0371d72abdc7) Importer(815301076,1909f56bfc062723c751e8b465ee728b) [PhysX] Initialized MultithreadedTaskDispatcher with 16 workers.
[PhysX] Initialized MultithreadedTaskDispatcher with 16 workers.
 -> (artifact id: '05fe50fca2f358bc71d6e693cf78d359') in 0.027882 seconds
Number of updated asset objects reloaded before import = 0
Number of asset objects unloaded after import = 2
========================================================================
Received Import Request.
  Time since last request: 0.000025 seconds.
  path: Assets/TowerDefenseAssets/Map/Prefabs_props/Textures/Tree_bark.tif
  artifactKey: Guid(e3087e627c871a145ad4585affc1eeb4) Importer(815301076,1909f56bfc062723c751e8b465ee728b)
Start importing Assets/TowerDefenseAssets/Map/Prefabs_props/Textures/Tree_bark.tif using Guid(e3087e627c871a145ad4585affc1eeb4) Importer(815301076,1909f56bfc062723c751e8b465ee728b) [PhysX] Initialized MultithreadedTaskDispatcher with 16 workers.
[PhysX] Initialized MultithreadedTaskDispatcher with 16 workers.
 -> (artifact id: 'f06293bc26c7671f224df1dd63e28474') in 0.018336 seconds
Number of updated asset objects reloaded before import = 0
Number of asset objects unloaded after import = 2
========================================================================
Received Import Request.
  Time since last request: 0.000028 seconds.
  path: Assets/TowerDefenseAssets/Map/Prefabs_props/Textures/tower_base1_winter.tif
  artifactKey: Guid(0e86edbf6f7ae164ab1e9e3933e2e2e2) Importer(815301076,1909f56bfc062723c751e8b465ee728b)
Start importing Assets/TowerDefenseAssets/Map/Prefabs_props/Textures/tower_base1_winter.tif using Guid(0e86edbf6f7ae164ab1e9e3933e2e2e2) Importer(815301076,1909f56bfc062723c751e8b465ee728b) [PhysX] Initialized MultithreadedTaskDispatcher with 16 workers.
[PhysX] Initialized MultithreadedTaskDispatcher with 16 workers.
 -> (artifact id: '6b0159858c882cc6869fbc34102a72f7') in 0.023906 seconds
Number of updated asset objects reloaded before import = 0
Number of asset objects unloaded after import = 2
========================================================================
Received Import Request.
  Time since last request: 0.000040 seconds.
  path: Assets/TowerDefenseAssets/Map/Prefabs_props/Textures/wagon.tif
  artifactKey: Guid(f932906bbe4f611409748a27809d0cf2) Importer(815301076,1909f56bfc062723c751e8b465ee728b)
Start importing Assets/TowerDefenseAssets/Map/Prefabs_props/Textures/wagon.tif using Guid(f932906bbe4f611409748a27809d0cf2) Importer(815301076,1909f56bfc062723c751e8b465ee728b) [PhysX] Initialized MultithreadedTaskDispatcher with 16 workers.
[PhysX] Initialized MultithreadedTaskDispatcher with 16 workers.
 -> (artifact id: '4688023d98633fcbe26e3029320b7600') in 0.026287 seconds
Number of updated asset objects reloaded before import = 0
Number of asset objects unloaded after import = 2
========================================================================
Received Import Request.
  Time since last request: 0.000039 seconds.
  path: Assets/TowerDefenseAssets/Map/Prefabs_props/Textures/Wall_sf_winter.tif
  artifactKey: Guid(c37ce766a3f27f34da2ddacf34faf7c7) Importer(815301076,1909f56bfc062723c751e8b465ee728b)
Start importing Assets/TowerDefenseAssets/Map/Prefabs_props/Textures/Wall_sf_winter.tif using Guid(c37ce766a3f27f34da2ddacf34faf7c7) Importer(815301076,1909f56bfc062723c751e8b465ee728b) [PhysX] Initialized MultithreadedTaskDispatcher with 16 workers.
[PhysX] Initialized MultithreadedTaskDispatcher with 16 workers.
 -> (artifact id: 'd4bd43e84f5f8ebc100c8a6681eaa291') in 0.018164 seconds
Number of updated asset objects reloaded before import = 0
Number of asset objects unloaded after import = 2
========================================================================
Received Import Request.
  Time since last request: 12.635586 seconds.
  path: Assets/TowerDefenseAssets/Map/Prefabs_props/Textures/Lantern_winter.tif
  artifactKey: Guid(e4c9d5572ea824343a253d76d22085dd) Importer(815301076,1909f56bfc062723c751e8b465ee728b)
Start importing Assets/TowerDefenseAssets/Map/Prefabs_props/Textures/Lantern_winter.tif using Guid(e4c9d5572ea824343a253d76d22085dd) Importer(815301076,1909f56bfc062723c751e8b465ee728b) [PhysX] Initialized MultithreadedTaskDispatcher with 16 workers.
[PhysX] Initialized MultithreadedTaskDispatcher with 16 workers.
 -> (artifact id: 'c7b0059e94c481a8e78d7a8330bd42f9') in 0.010978 seconds
Number of updated asset objects reloaded before import = 0
Number of asset objects unloaded after import = 2
========================================================================
Received Import Request.
  Time since last request: 0.000031 seconds.
  path: Assets/TowerDefenseAssets/Map/Prefabs_props/Textures/Rocks.tif
  artifactKey: Guid(8ad97af1bd0371346a380d5f2ed622a6) Importer(815301076,1909f56bfc062723c751e8b465ee728b)
Start importing Assets/TowerDefenseAssets/Map/Prefabs_props/Textures/Rocks.tif using Guid(8ad97af1bd0371346a380d5f2ed622a6) Importer(815301076,1909f56bfc062723c751e8b465ee728b) [PhysX] Initialized MultithreadedTaskDispatcher with 16 workers.
[PhysX] Initialized MultithreadedTaskDispatcher with 16 workers.
 -> (artifact id: '20707e0e56b2d4e1157355f11ccb97b1') in 0.019093 seconds
Number of updated asset objects reloaded before import = 0
Number of asset objects unloaded after import = 2
========================================================================
Received Import Request.
  Time since last request: 0.000036 seconds.
  path: Assets/TowerDefenseAssets/Map/Prefabs_props/Textures/Rocks_winter.tif
  artifactKey: Guid(49e6b1eef19cbb54d909c8fd5dcc6769) Importer(815301076,1909f56bfc062723c751e8b465ee728b)
Start importing Assets/TowerDefenseAssets/Map/Prefabs_props/Textures/Rocks_winter.tif using Guid(49e6b1eef19cbb54d909c8fd5dcc6769) Importer(815301076,1909f56bfc062723c751e8b465ee728b) [PhysX] Initialized MultithreadedTaskDispatcher with 16 workers.
[PhysX] Initialized MultithreadedTaskDispatcher with 16 workers.
 -> (artifact id: '9080962cae7ebeae94504e2aa670e715') in 0.010952 seconds
Number of updated asset objects reloaded before import = 0
Number of asset objects unloaded after import = 2
========================================================================
Received Import Request.
  Time since last request: 4.394557 seconds.
  path: Assets/TowerDefenseAssets/Map/Prefabs_props/Textures/banner.tif
  artifactKey: Guid(0094899392f51e843863f290cd50348a) Importer(815301076,1909f56bfc062723c751e8b465ee728b)
Start importing Assets/TowerDefenseAssets/Map/Prefabs_props/Textures/banner.tif using Guid(0094899392f51e843863f290cd50348a) Importer(815301076,1909f56bfc062723c751e8b465ee728b) [PhysX] Initialized MultithreadedTaskDispatcher with 16 workers.
[PhysX] Initialized MultithreadedTaskDispatcher with 16 workers.
 -> (artifact id: '588b7a347f3c2720220942141f88150c') in 0.011548 seconds
Number of updated asset objects reloaded before import = 0
Number of asset objects unloaded after import = 2
========================================================================
Received Import Request.
  Time since last request: 0.000027 seconds.
  path: Assets/TowerDefenseAssets/Map/Prefabs_props/Textures/Ground_decals.tif
  artifactKey: Guid(b967a895b84fa5042b3622df561ce17f) Importer(815301076,1909f56bfc062723c751e8b465ee728b)
Start importing Assets/TowerDefenseAssets/Map/Prefabs_props/Textures/Ground_decals.tif using Guid(b967a895b84fa5042b3622df561ce17f) Importer(815301076,1909f56bfc062723c751e8b465ee728b) [PhysX] Initialized MultithreadedTaskDispatcher with 16 workers.
[PhysX] Initialized MultithreadedTaskDispatcher with 16 workers.
 -> (artifact id: 'ca7729050db855c5f2ff75a817bbd860') in 0.028362 seconds
Number of updated asset objects reloaded before import = 0
Number of asset objects unloaded after import = 2
========================================================================
Received Import Request.
  Time since last request: 0.000029 seconds.
  path: Assets/TowerDefenseAssets/Map/Prefabs_props/Textures/Lantern_glow.tif
  artifactKey: Guid(bc1c8af54ff94824397d7c8e62751d40) Importer(815301076,1909f56bfc062723c751e8b465ee728b)
Start importing Assets/TowerDefenseAssets/Map/Prefabs_props/Textures/Lantern_glow.tif using Guid(bc1c8af54ff94824397d7c8e62751d40) Importer(815301076,1909f56bfc062723c751e8b465ee728b) [PhysX] Initialized MultithreadedTaskDispatcher with 16 workers.
[PhysX] Initialized MultithreadedTaskDispatcher with 16 workers.
 -> (artifact id: 'c96eedf1543bc7356597020107eb7973') in 0.007066 seconds
Number of updated asset objects reloaded before import = 0
Number of asset objects unloaded after import = 2
========================================================================
Received Prepare
Caller must complete domain reload
Begin MonoManager ReloadAssembly
- Loaded All Assemblies, in  0.499 seconds
Native extension for WindowsStandalone target not found
Native extension for Android target not found
Native extension for WebGL target not found
Mono: successfully reloaded assembly
- Finished resetting the current domain, in  0.968 seconds
Domain Reload Profiling: 1463ms
	BeginReloadAssembly (161ms)
		ExecutionOrderSort (0ms)
		DisableScriptedObjects (4ms)
		BackupInstance (0ms)
		ReleaseScriptingObjects (0ms)
		CreateAndSetChildDomain (34ms)
	RebuildCommonClasses (29ms)
	RebuildNativeTypeToScriptingClass (8ms)
	initialDomainReloadingComplete (31ms)
	LoadAllAssembliesAndSetupDomain (264ms)
		LoadAssemblies (344ms)
		RebuildTransferFunctionScriptingTraits (0ms)
		AnalyzeDomain (12ms)
			TypeCache.Refresh (5ms)
				TypeCache.ScanAssembly (0ms)
			ScanForSourceGeneratedMonoScriptInfo (0ms)
			ResolveRequiredComponents (5ms)
	FinalizeReload (969ms)
		ReleaseScriptCaches (0ms)
		RebuildScriptCaches (0ms)
		SetupLoadedEditorAssemblies (429ms)
			LogAssemblyErrors (0ms)
			InitializePlatformSupportModulesInManaged (19ms)
			SetLoadedEditorAssemblies (5ms)
			RefreshPlugins (0ms)
			BeforeProcessingInitializeOnLoad (60ms)
			ProcessInitializeOnLoadAttributes (318ms)
			ProcessInitializeOnLoadMethodAttributes (17ms)
			AfterProcessingInitializeOnLoad (10ms)
			EditorAssembliesLoaded (0ms)
		ExecutionOrderSort2 (0ms)
		AwakeInstancesAfterBackupRestoration (7ms)
Refreshing native plugins compatible for Editor in 6.78 ms, found 3 plugins.
Preloading 0 native plugins for Editor in 0.00 ms.
Unloading 3315 Unused Serialized files (Serialized files now loaded: 0)
Unloading 15 unused Assets / (99.8 KB). Loaded Objects now: 3908.
Memory consumption went from 143.1 MB to 143.0 MB.
Total: 4.323400 ms (FindLiveObjects: 0.426000 ms CreateObjectMapping: 0.292800 ms MarkObjects: 3.522500 ms  DeleteObjects: 0.080200 ms)

Prepare: number of updated asset objects reloaded= 0
AssetImportParameters requested are different than current active one (requested -> active):
  custom:container-demuxer-ogg: 62fdf1f143b41e24485cea50d1cbac27 -> 
  custom:video-codec-MediaFoundation-h265: 746d11721c4dcdbdad8f713fa42b33f4 -> 
  custom:video-decoder-ogg-theora: a1e56fd34408186e4bbccfd4996cb3dc -> 
  custom:framework-win-MediaFoundation: 216162199b28c13a410421893ffa2e32 -> 
  custom:CustomObjectIndexerAttribute: 9a22284fe3817be447336de3de66b15e -> 
  custom:container-demuxer-webm: 4f35f7cbe854078d1ac9338744f61a02 -> 
  custom:container-muxer-webm: aa71ff27fc2769a1b78a27578f13a17b -> 
  custom:video-decoder-webm-vp8: 9c59270c3fd7afecdb556c50c9e8de78 -> 
  custom:SearchIndexIgnoredProperties: e643bd26f0fe6173181afceb89e7c659 -> 
  custom:AudioImporter_EditorPlatform: d09bf68614088b80899f8185d706f6e7 -> 
  custom:video-encoder-webm-vp8: eb34c28f22e8b96e1ab97ce403110664 -> 
  custom:audio-decoder-ogg-vorbis: bf7c407c2cedff20999df2af8eb42d56 -> 
  custom:audio-encoder-webm-vorbis: bf7c407c2cedff20999df2af8eb42d56 -> 
========================================================================
Received Prepare
Caller must complete domain reload
Begin MonoManager ReloadAssembly
- Loaded All Assemblies, in  0.466 seconds
Native extension for WindowsStandalone target not found
Native extension for Android target not found
Native extension for WebGL target not found
Mono: successfully reloaded assembly
- Finished resetting the current domain, in  0.979 seconds
Domain Reload Profiling: 1443ms
	BeginReloadAssembly (147ms)
		ExecutionOrderSort (0ms)
		DisableScriptedObjects (4ms)
		BackupInstance (0ms)
		ReleaseScriptingObjects (0ms)
		CreateAndSetChildDomain (33ms)
	RebuildCommonClasses (27ms)
	RebuildNativeTypeToScriptingClass (8ms)
	initialDomainReloadingComplete (29ms)
	LoadAllAssembliesAndSetupDomain (252ms)
		LoadAssemblies (318ms)
		RebuildTransferFunctionScriptingTraits (0ms)
		AnalyzeDomain (13ms)
			TypeCache.Refresh (6ms)
				TypeCache.ScanAssembly (0ms)
			ScanForSourceGeneratedMonoScriptInfo (0ms)
			ResolveRequiredComponents (6ms)
	FinalizeReload (980ms)
		ReleaseScriptCaches (0ms)
		RebuildScriptCaches (0ms)
		SetupLoadedEditorAssemblies (429ms)
			LogAssemblyErrors (0ms)
			InitializePlatformSupportModulesInManaged (19ms)
			SetLoadedEditorAssemblies (4ms)
			RefreshPlugins (0ms)
			BeforeProcessingInitializeOnLoad (61ms)
			ProcessInitializeOnLoadAttributes (318ms)
			ProcessInitializeOnLoadMethodAttributes (17ms)
			AfterProcessingInitializeOnLoad (9ms)
			EditorAssembliesLoaded (0ms)
		ExecutionOrderSort2 (0ms)
		AwakeInstancesAfterBackupRestoration (7ms)
Refreshing native plugins compatible for Editor in 5.05 ms, found 3 plugins.
Preloading 0 native plugins for Editor in 0.00 ms.
Unloading 3316 Unused Serialized files (Serialized files now loaded: 0)
Unloading 15 unused Assets / (99.7 KB). Loaded Objects now: 3923.
Memory consumption went from 143.3 MB to 143.2 MB.
Total: 3.809100 ms (FindLiveObjects: 0.366300 ms CreateObjectMapping: 0.240400 ms MarkObjects: 3.100200 ms  DeleteObjects: 0.101000 ms)

Prepare: number of updated asset objects reloaded= 0
AssetImportParameters requested are different than current active one (requested -> active):
  custom:container-demuxer-ogg: 62fdf1f143b41e24485cea50d1cbac27 -> 
  custom:video-codec-MediaFoundation-h265: 746d11721c4dcdbdad8f713fa42b33f4 -> 
  custom:video-decoder-ogg-theora: a1e56fd34408186e4bbccfd4996cb3dc -> 
  custom:framework-win-MediaFoundation: 216162199b28c13a410421893ffa2e32 -> 
  custom:CustomObjectIndexerAttribute: 9a22284fe3817be447336de3de66b15e -> 
  custom:container-demuxer-webm: 4f35f7cbe854078d1ac9338744f61a02 -> 
  custom:container-muxer-webm: aa71ff27fc2769a1b78a27578f13a17b -> 
  custom:video-decoder-webm-vp8: 9c59270c3fd7afecdb556c50c9e8de78 -> 
  custom:SearchIndexIgnoredProperties: e643bd26f0fe6173181afceb89e7c659 -> 
  custom:AudioImporter_EditorPlatform: d09bf68614088b80899f8185d706f6e7 -> 
  custom:video-encoder-webm-vp8: eb34c28f22e8b96e1ab97ce403110664 -> 
  custom:audio-decoder-ogg-vorbis: bf7c407c2cedff20999df2af8eb42d56 -> 
  custom:audio-encoder-webm-vorbis: bf7c407c2cedff20999df2af8eb42d56 -> 
========================================================================
Received Prepare
Caller must complete domain reload
Begin MonoManager ReloadAssembly
- Loaded All Assemblies, in  0.462 seconds
Native extension for WindowsStandalone target not found
Native extension for Android target not found
Native extension for WebGL target not found
Mono: successfully reloaded assembly
- Finished resetting the current domain, in  0.994 seconds
Domain Reload Profiling: 1453ms
	BeginReloadAssembly (151ms)
		ExecutionOrderSort (0ms)
		DisableScriptedObjects (4ms)
		BackupInstance (0ms)
		ReleaseScriptingObjects (0ms)
		CreateAndSetChildDomain (33ms)
	RebuildCommonClasses (27ms)
	RebuildNativeTypeToScriptingClass (8ms)
	initialDomainReloadingComplete (28ms)
	LoadAllAssembliesAndSetupDomain (244ms)
		LoadAssemblies (313ms)
		RebuildTransferFunctionScriptingTraits (0ms)
		AnalyzeDomain (14ms)
			TypeCache.Refresh (6ms)
				TypeCache.ScanAssembly (0ms)
			ScanForSourceGeneratedMonoScriptInfo (0ms)
			ResolveRequiredComponents (6ms)
	FinalizeReload (994ms)
		ReleaseScriptCaches (0ms)
		RebuildScriptCaches (0ms)
		SetupLoadedEditorAssemblies (431ms)
			LogAssemblyErrors (0ms)
			InitializePlatformSupportModulesInManaged (20ms)
			SetLoadedEditorAssemblies (4ms)
			RefreshPlugins (0ms)
			BeforeProcessingInitializeOnLoad (62ms)
			ProcessInitializeOnLoadAttributes (318ms)
			ProcessInitializeOnLoadMethodAttributes (19ms)
			AfterProcessingInitializeOnLoad (8ms)
			EditorAssembliesLoaded (0ms)
		ExecutionOrderSort2 (0ms)
		AwakeInstancesAfterBackupRestoration (6ms)
Refreshing native plugins compatible for Editor in 5.51 ms, found 3 plugins.
Preloading 0 native plugins for Editor in 0.00 ms.
Unloading 3316 Unused Serialized files (Serialized files now loaded: 0)
Unloading 15 unused Assets / (99.7 KB). Loaded Objects now: 3938.
Memory consumption went from 143.3 MB to 143.2 MB.
Total: 3.227500 ms (FindLiveObjects: 0.276000 ms CreateObjectMapping: 0.161100 ms MarkObjects: 2.722400 ms  DeleteObjects: 0.066700 ms)

Prepare: number of updated asset objects reloaded= 0
AssetImportParameters requested are different than current active one (requested -> active):
  custom:container-demuxer-ogg: 62fdf1f143b41e24485cea50d1cbac27 -> 
  custom:video-codec-MediaFoundation-h265: 746d11721c4dcdbdad8f713fa42b33f4 -> 
  custom:video-decoder-ogg-theora: a1e56fd34408186e4bbccfd4996cb3dc -> 
  custom:framework-win-MediaFoundation: 216162199b28c13a410421893ffa2e32 -> 
  custom:CustomObjectIndexerAttribute: 9a22284fe3817be447336de3de66b15e -> 
  custom:container-demuxer-webm: 4f35f7cbe854078d1ac9338744f61a02 -> 
  custom:container-muxer-webm: aa71ff27fc2769a1b78a27578f13a17b -> 
  custom:video-decoder-webm-vp8: 9c59270c3fd7afecdb556c50c9e8de78 -> 
  custom:SearchIndexIgnoredProperties: e643bd26f0fe6173181afceb89e7c659 -> 
  custom:AudioImporter_EditorPlatform: d09bf68614088b80899f8185d706f6e7 -> 
  custom:video-encoder-webm-vp8: eb34c28f22e8b96e1ab97ce403110664 -> 
  custom:audio-decoder-ogg-vorbis: bf7c407c2cedff20999df2af8eb42d56 -> 
  custom:audio-encoder-webm-vorbis: bf7c407c2cedff20999df2af8eb42d56 -> 
========================================================================
Received Prepare
Caller must complete domain reload
Begin MonoManager ReloadAssembly
- Loaded All Assemblies, in  0.476 seconds
Native extension for WindowsStandalone target not found
Native extension for Android target not found
Native extension for WebGL target not found
Mono: successfully reloaded assembly
- Finished resetting the current domain, in  0.968 seconds
Domain Reload Profiling: 1440ms
	BeginReloadAssembly (149ms)
		ExecutionOrderSort (0ms)
		DisableScriptedObjects (4ms)
		BackupInstance (0ms)
		ReleaseScriptingObjects (0ms)
		CreateAndSetChildDomain (34ms)
	RebuildCommonClasses (29ms)
	RebuildNativeTypeToScriptingClass (8ms)
	initialDomainReloadingComplete (32ms)
	LoadAllAssembliesAndSetupDomain (254ms)
		LoadAssemblies (322ms)
		RebuildTransferFunctionScriptingTraits (0ms)
		AnalyzeDomain (12ms)
			TypeCache.Refresh (5ms)
				TypeCache.ScanAssembly (0ms)
			ScanForSourceGeneratedMonoScriptInfo (0ms)
			ResolveRequiredComponents (5ms)
	FinalizeReload (968ms)
		ReleaseScriptCaches (0ms)
		RebuildScriptCaches (0ms)
		SetupLoadedEditorAssemblies (427ms)
			LogAssemblyErrors (0ms)
			InitializePlatformSupportModulesInManaged (18ms)
			SetLoadedEditorAssemblies (4ms)
			RefreshPlugins (0ms)
			BeforeProcessingInitializeOnLoad (63ms)
			ProcessInitializeOnLoadAttributes (312ms)
			ProcessInitializeOnLoadMethodAttributes (20ms)
			AfterProcessingInitializeOnLoad (9ms)
			EditorAssembliesLoaded (0ms)
		ExecutionOrderSort2 (0ms)
		AwakeInstancesAfterBackupRestoration (7ms)
Refreshing native plugins compatible for Editor in 6.05 ms, found 3 plugins.
Preloading 0 native plugins for Editor in 0.00 ms.
Unloading 3316 Unused Serialized files (Serialized files now loaded: 0)
Unloading 15 unused Assets / (99.7 KB). Loaded Objects now: 3953.
Memory consumption went from 143.3 MB to 143.3 MB.
Total: 3.745000 ms (FindLiveObjects: 0.313100 ms CreateObjectMapping: 0.166800 ms MarkObjects: 3.153300 ms  DeleteObjects: 0.110600 ms)

Prepare: number of updated asset objects reloaded= 0
AssetImportParameters requested are different than current active one (requested -> active):
  custom:container-demuxer-ogg: 62fdf1f143b41e24485cea50d1cbac27 -> 
  custom:video-codec-MediaFoundation-h265: 746d11721c4dcdbdad8f713fa42b33f4 -> 
  custom:video-decoder-ogg-theora: a1e56fd34408186e4bbccfd4996cb3dc -> 
  custom:framework-win-MediaFoundation: 216162199b28c13a410421893ffa2e32 -> 
  custom:CustomObjectIndexerAttribute: 9a22284fe3817be447336de3de66b15e -> 
  custom:container-demuxer-webm: 4f35f7cbe854078d1ac9338744f61a02 -> 
  custom:container-muxer-webm: aa71ff27fc2769a1b78a27578f13a17b -> 
  custom:video-decoder-webm-vp8: 9c59270c3fd7afecdb556c50c9e8de78 -> 
  custom:SearchIndexIgnoredProperties: e643bd26f0fe6173181afceb89e7c659 -> 
  custom:AudioImporter_EditorPlatform: d09bf68614088b80899f8185d706f6e7 -> 
  custom:video-encoder-webm-vp8: eb34c28f22e8b96e1ab97ce403110664 -> 
  custom:audio-decoder-ogg-vorbis: bf7c407c2cedff20999df2af8eb42d56 -> 
  custom:audio-encoder-webm-vorbis: bf7c407c2cedff20999df2af8eb42d56 -> 
========================================================================
Received Prepare
Caller must complete domain reload
Begin MonoManager ReloadAssembly
- Loaded All Assemblies, in  0.491 seconds
Native extension for WindowsStandalone target not found
Native extension for Android target not found
Native extension for WebGL target not found
Mono: successfully reloaded assembly
- Finished resetting the current domain, in  0.963 seconds
Domain Reload Profiling: 1450ms
	BeginReloadAssembly (159ms)
		ExecutionOrderSort (0ms)
		DisableScriptedObjects (4ms)
		BackupInstance (0ms)
		ReleaseScriptingObjects (0ms)
		CreateAndSetChildDomain (36ms)
	RebuildCommonClasses (30ms)
	RebuildNativeTypeToScriptingClass (9ms)
	initialDomainReloadingComplete (31ms)
	LoadAllAssembliesAndSetupDomain (258ms)
		LoadAssemblies (334ms)
		RebuildTransferFunctionScriptingTraits (0ms)
		AnalyzeDomain (12ms)
			TypeCache.Refresh (5ms)
				TypeCache.ScanAssembly (0ms)
			ScanForSourceGeneratedMonoScriptInfo (0ms)
			ResolveRequiredComponents (5ms)
	FinalizeReload (963ms)
		ReleaseScriptCaches (0ms)
		RebuildScriptCaches (0ms)
		SetupLoadedEditorAssemblies (425ms)
			LogAssemblyErrors (0ms)
			InitializePlatformSupportModulesInManaged (19ms)
			SetLoadedEditorAssemblies (4ms)
			RefreshPlugins (0ms)
			BeforeProcessingInitializeOnLoad (62ms)
			ProcessInitializeOnLoadAttributes (315ms)
			ProcessInitializeOnLoadMethodAttributes (17ms)
			AfterProcessingInitializeOnLoad (8ms)
			EditorAssembliesLoaded (0ms)
		ExecutionOrderSort2 (0ms)
		AwakeInstancesAfterBackupRestoration (7ms)
Refreshing native plugins compatible for Editor in 5.63 ms, found 3 plugins.
Preloading 0 native plugins for Editor in 0.00 ms.
Unloading 3316 Unused Serialized files (Serialized files now loaded: 0)
Unloading 15 unused Assets / (99.7 KB). Loaded Objects now: 3968.
Memory consumption went from 143.4 MB to 143.3 MB.
Total: 3.814400 ms (FindLiveObjects: 0.336600 ms CreateObjectMapping: 0.189700 ms MarkObjects: 3.194600 ms  DeleteObjects: 0.092200 ms)

Prepare: number of updated asset objects reloaded= 0
AssetImportParameters requested are different than current active one (requested -> active):
  custom:container-demuxer-ogg: 62fdf1f143b41e24485cea50d1cbac27 -> 
  custom:video-codec-MediaFoundation-h265: 746d11721c4dcdbdad8f713fa42b33f4 -> 
  custom:video-decoder-ogg-theora: a1e56fd34408186e4bbccfd4996cb3dc -> 
  custom:framework-win-MediaFoundation: 216162199b28c13a410421893ffa2e32 -> 
  custom:CustomObjectIndexerAttribute: 9a22284fe3817be447336de3de66b15e -> 
  custom:container-demuxer-webm: 4f35f7cbe854078d1ac9338744f61a02 -> 
  custom:container-muxer-webm: aa71ff27fc2769a1b78a27578f13a17b -> 
  custom:video-decoder-webm-vp8: 9c59270c3fd7afecdb556c50c9e8de78 -> 
  custom:SearchIndexIgnoredProperties: e643bd26f0fe6173181afceb89e7c659 -> 
  custom:AudioImporter_EditorPlatform: d09bf68614088b80899f8185d706f6e7 -> 
  custom:video-encoder-webm-vp8: eb34c28f22e8b96e1ab97ce403110664 -> 
  custom:audio-decoder-ogg-vorbis: bf7c407c2cedff20999df2af8eb42d56 -> 
  custom:audio-encoder-webm-vorbis: bf7c407c2cedff20999df2af8eb42d56 -> 
========================================================================
Received Prepare
Caller must complete domain reload
Begin MonoManager ReloadAssembly
- Loaded All Assemblies, in  0.471 seconds
Native extension for WindowsStandalone target not found
Native extension for Android target not found
Native extension for WebGL target not found
Mono: successfully reloaded assembly
- Finished resetting the current domain, in  0.994 seconds
Domain Reload Profiling: 1462ms
	BeginReloadAssembly (152ms)
		ExecutionOrderSort (0ms)
		DisableScriptedObjects (4ms)
		BackupInstance (0ms)
		ReleaseScriptingObjects (0ms)
		CreateAndSetChildDomain (36ms)
	RebuildCommonClasses (28ms)
	RebuildNativeTypeToScriptingClass (8ms)
	initialDomainReloadingComplete (29ms)
	LoadAllAssembliesAndSetupDomain (250ms)
		LoadAssemblies (316ms)
		RebuildTransferFunctionScriptingTraits (0ms)
		AnalyzeDomain (13ms)
			TypeCache.Refresh (6ms)
				TypeCache.ScanAssembly (0ms)
			ScanForSourceGeneratedMonoScriptInfo (0ms)
			ResolveRequiredComponents (6ms)
	FinalizeReload (994ms)
		ReleaseScriptCaches (0ms)
		RebuildScriptCaches (0ms)
		SetupLoadedEditorAssemblies (430ms)
			LogAssemblyErrors (0ms)
			InitializePlatformSupportModulesInManaged (19ms)
			SetLoadedEditorAssemblies (5ms)
			RefreshPlugins (0ms)
			BeforeProcessingInitializeOnLoad (62ms)
			ProcessInitializeOnLoadAttributes (318ms)
			ProcessInitializeOnLoadMethodAttributes (18ms)
			AfterProcessingInitializeOnLoad (8ms)
			EditorAssembliesLoaded (0ms)
		ExecutionOrderSort2 (0ms)
		AwakeInstancesAfterBackupRestoration (7ms)
Refreshing native plugins compatible for Editor in 5.89 ms, found 3 plugins.
Preloading 0 native plugins for Editor in 0.00 ms.
Unloading 3316 Unused Serialized files (Serialized files now loaded: 0)
Unloading 15 unused Assets / (99.7 KB). Loaded Objects now: 3983.
Memory consumption went from 143.4 MB to 143.3 MB.
Total: 4.255000 ms (FindLiveObjects: 0.324900 ms CreateObjectMapping: 0.173600 ms MarkObjects: 3.647800 ms  DeleteObjects: 0.105900 ms)

Prepare: number of updated asset objects reloaded= 0
AssetImportParameters requested are different than current active one (requested -> active):
  custom:container-demuxer-ogg: 62fdf1f143b41e24485cea50d1cbac27 -> 
  custom:video-codec-MediaFoundation-h265: 746d11721c4dcdbdad8f713fa42b33f4 -> 
  custom:video-decoder-ogg-theora: a1e56fd34408186e4bbccfd4996cb3dc -> 
  custom:framework-win-MediaFoundation: 216162199b28c13a410421893ffa2e32 -> 
  custom:CustomObjectIndexerAttribute: 9a22284fe3817be447336de3de66b15e -> 
  custom:container-demuxer-webm: 4f35f7cbe854078d1ac9338744f61a02 -> 
  custom:container-muxer-webm: aa71ff27fc2769a1b78a27578f13a17b -> 
  custom:video-decoder-webm-vp8: 9c59270c3fd7afecdb556c50c9e8de78 -> 
  custom:SearchIndexIgnoredProperties: e643bd26f0fe6173181afceb89e7c659 -> 
  custom:AudioImporter_EditorPlatform: d09bf68614088b80899f8185d706f6e7 -> 
  custom:video-encoder-webm-vp8: eb34c28f22e8b96e1ab97ce403110664 -> 
  custom:audio-decoder-ogg-vorbis: bf7c407c2cedff20999df2af8eb42d56 -> 
  custom:audio-encoder-webm-vorbis: bf7c407c2cedff20999df2af8eb42d56 -> 
========================================================================
Received Prepare
Caller must complete domain reload
Begin MonoManager ReloadAssembly
- Loaded All Assemblies, in  0.528 seconds
Native extension for WindowsStandalone target not found
Native extension for Android target not found
Native extension for WebGL target not found
Mono: successfully reloaded assembly
- Finished resetting the current domain, in  1.780 seconds
Domain Reload Profiling: 2303ms
	BeginReloadAssembly (156ms)
		ExecutionOrderSort (0ms)
		DisableScriptedObjects (4ms)
		BackupInstance (0ms)
		ReleaseScriptingObjects (0ms)
		CreateAndSetChildDomain (31ms)
	RebuildCommonClasses (32ms)
	RebuildNativeTypeToScriptingClass (9ms)
	initialDomainReloadingComplete (34ms)
	LoadAllAssembliesAndSetupDomain (291ms)
		LoadAssemblies (368ms)
		RebuildTransferFunctionScriptingTraits (0ms)
		AnalyzeDomain (12ms)
			TypeCache.Refresh (5ms)
				TypeCache.ScanAssembly (0ms)
			ScanForSourceGeneratedMonoScriptInfo (0ms)
			ResolveRequiredComponents (5ms)
	FinalizeReload (1780ms)
		ReleaseScriptCaches (0ms)
		RebuildScriptCaches (0ms)
		SetupLoadedEditorAssemblies (540ms)
			LogAssemblyErrors (0ms)
			InitializePlatformSupportModulesInManaged (27ms)
			SetLoadedEditorAssemblies (5ms)
			RefreshPlugins (0ms)
			BeforeProcessingInitializeOnLoad (84ms)
			ProcessInitializeOnLoadAttributes (385ms)
			ProcessInitializeOnLoadMethodAttributes (30ms)
			AfterProcessingInitializeOnLoad (9ms)
			EditorAssembliesLoaded (0ms)
		ExecutionOrderSort2 (0ms)
		AwakeInstancesAfterBackupRestoration (8ms)
Refreshing native plugins compatible for Editor in 6.69 ms, found 3 plugins.
Preloading 0 native plugins for Editor in 0.00 ms.
Unloading 3316 Unused Serialized files (Serialized files now loaded: 0)
Unloading 15 unused Assets / (99.8 KB). Loaded Objects now: 3998.
Memory consumption went from 143.4 MB to 143.3 MB.
Total: 3.867200 ms (FindLiveObjects: 0.367900 ms CreateObjectMapping: 0.219500 ms MarkObjects: 3.198500 ms  DeleteObjects: 0.079800 ms)

Prepare: number of updated asset objects reloaded= 0
AssetImportParameters requested are different than current active one (requested -> active):
  custom:container-demuxer-ogg: 62fdf1f143b41e24485cea50d1cbac27 -> 
  custom:video-codec-MediaFoundation-h265: 746d11721c4dcdbdad8f713fa42b33f4 -> 
  custom:video-decoder-ogg-theora: a1e56fd34408186e4bbccfd4996cb3dc -> 
  custom:framework-win-MediaFoundation: 216162199b28c13a410421893ffa2e32 -> 
  custom:CustomObjectIndexerAttribute: 9a22284fe3817be447336de3de66b15e -> 
  custom:container-demuxer-webm: 4f35f7cbe854078d1ac9338744f61a02 -> 
  custom:container-muxer-webm: aa71ff27fc2769a1b78a27578f13a17b -> 
  custom:video-decoder-webm-vp8: 9c59270c3fd7afecdb556c50c9e8de78 -> 
  custom:SearchIndexIgnoredProperties: e643bd26f0fe6173181afceb89e7c659 -> 
  custom:AudioImporter_EditorPlatform: d09bf68614088b80899f8185d706f6e7 -> 
  custom:video-encoder-webm-vp8: eb34c28f22e8b96e1ab97ce403110664 -> 
  custom:audio-decoder-ogg-vorbis: bf7c407c2cedff20999df2af8eb42d56 -> 
  custom:audio-encoder-webm-vorbis: bf7c407c2cedff20999df2af8eb42d56 -> 
========================================================================
Received Prepare
Caller must complete domain reload
Begin MonoManager ReloadAssembly
- Loaded All Assemblies, in  0.475 seconds
Native extension for WindowsStandalone target not found
Native extension for Android target not found
Native extension for WebGL target not found
Mono: successfully reloaded assembly
- Finished resetting the current domain, in  0.999 seconds
Domain Reload Profiling: 1471ms
	BeginReloadAssembly (146ms)
		ExecutionOrderSort (0ms)
		DisableScriptedObjects (4ms)
		BackupInstance (0ms)
		ReleaseScriptingObjects (0ms)
		CreateAndSetChildDomain (35ms)
	RebuildCommonClasses (28ms)
	RebuildNativeTypeToScriptingClass (8ms)
	initialDomainReloadingComplete (31ms)
	LoadAllAssembliesAndSetupDomain (257ms)
		LoadAssemblies (322ms)
		RebuildTransferFunctionScriptingTraits (0ms)
		AnalyzeDomain (13ms)
			TypeCache.Refresh (6ms)
				TypeCache.ScanAssembly (0ms)
			ScanForSourceGeneratedMonoScriptInfo (0ms)
			ResolveRequiredComponents (5ms)
	FinalizeReload (999ms)
		ReleaseScriptCaches (0ms)
		RebuildScriptCaches (0ms)
		SetupLoadedEditorAssemblies (427ms)
			LogAssemblyErrors (0ms)
			InitializePlatformSupportModulesInManaged (20ms)
			SetLoadedEditorAssemblies (5ms)
			RefreshPlugins (0ms)
			BeforeProcessingInitializeOnLoad (65ms)
			ProcessInitializeOnLoadAttributes (313ms)
			ProcessInitializeOnLoadMethodAttributes (17ms)
			AfterProcessingInitializeOnLoad (8ms)
			EditorAssembliesLoaded (0ms)
		ExecutionOrderSort2 (0ms)
		AwakeInstancesAfterBackupRestoration (7ms)
Refreshing native plugins compatible for Editor in 5.24 ms, found 3 plugins.
Preloading 0 native plugins for Editor in 0.00 ms.
Unloading 3316 Unused Serialized files (Serialized files now loaded: 0)
Unloading 15 unused Assets / (99.8 KB). Loaded Objects now: 4013.
Memory consumption went from 143.4 MB to 143.3 MB.
Total: 3.925900 ms (FindLiveObjects: 0.343800 ms CreateObjectMapping: 0.214500 ms MarkObjects: 3.269700 ms  DeleteObjects: 0.096500 ms)

Prepare: number of updated asset objects reloaded= 0
AssetImportParameters requested are different than current active one (requested -> active):
  custom:container-demuxer-ogg: 62fdf1f143b41e24485cea50d1cbac27 -> 
  custom:video-codec-MediaFoundation-h265: 746d11721c4dcdbdad8f713fa42b33f4 -> 
  custom:video-decoder-ogg-theora: a1e56fd34408186e4bbccfd4996cb3dc -> 
  custom:framework-win-MediaFoundation: 216162199b28c13a410421893ffa2e32 -> 
  custom:CustomObjectIndexerAttribute: 9a22284fe3817be447336de3de66b15e -> 
  custom:container-demuxer-webm: 4f35f7cbe854078d1ac9338744f61a02 -> 
  custom:container-muxer-webm: aa71ff27fc2769a1b78a27578f13a17b -> 
  custom:video-decoder-webm-vp8: 9c59270c3fd7afecdb556c50c9e8de78 -> 
  custom:SearchIndexIgnoredProperties: e643bd26f0fe6173181afceb89e7c659 -> 
  custom:AudioImporter_EditorPlatform: d09bf68614088b80899f8185d706f6e7 -> 
  custom:video-encoder-webm-vp8: eb34c28f22e8b96e1ab97ce403110664 -> 
  custom:audio-decoder-ogg-vorbis: bf7c407c2cedff20999df2af8eb42d56 -> 
  custom:audio-encoder-webm-vorbis: bf7c407c2cedff20999df2af8eb42d56 -> 
========================================================================
Received Prepare
Caller must complete domain reload
Begin MonoManager ReloadAssembly
- Loaded All Assemblies, in  0.467 seconds
Native extension for WindowsStandalone target not found
Native extension for Android target not found
Native extension for WebGL target not found
Mono: successfully reloaded assembly
- Finished resetting the current domain, in  0.972 seconds
Domain Reload Profiling: 1436ms
	BeginReloadAssembly (148ms)
		ExecutionOrderSort (0ms)
		DisableScriptedObjects (4ms)
		BackupInstance (0ms)
		ReleaseScriptingObjects (0ms)
		CreateAndSetChildDomain (35ms)
	RebuildCommonClasses (28ms)
	RebuildNativeTypeToScriptingClass (8ms)
	initialDomainReloadingComplete (28ms)
	LoadAllAssembliesAndSetupDomain (251ms)
		LoadAssemblies (315ms)
		RebuildTransferFunctionScriptingTraits (0ms)
		AnalyzeDomain (13ms)
			TypeCache.Refresh (6ms)
				TypeCache.ScanAssembly (0ms)
			ScanForSourceGeneratedMonoScriptInfo (0ms)
			ResolveRequiredComponents (5ms)
	FinalizeReload (973ms)
		ReleaseScriptCaches (0ms)
		RebuildScriptCaches (0ms)
		SetupLoadedEditorAssemblies (431ms)
			LogAssemblyErrors (0ms)
			InitializePlatformSupportModulesInManaged (20ms)
			SetLoadedEditorAssemblies (4ms)
			RefreshPlugins (0ms)
			BeforeProcessingInitializeOnLoad (62ms)
			ProcessInitializeOnLoadAttributes (319ms)
			ProcessInitializeOnLoadMethodAttributes (18ms)
			AfterProcessingInitializeOnLoad (8ms)
			EditorAssembliesLoaded (0ms)
		ExecutionOrderSort2 (0ms)
		AwakeInstancesAfterBackupRestoration (6ms)
Refreshing native plugins compatible for Editor in 5.41 ms, found 3 plugins.
Preloading 0 native plugins for Editor in 0.00 ms.
Unloading 3316 Unused Serialized files (Serialized files now loaded: 0)
Unloading 15 unused Assets / (99.8 KB). Loaded Objects now: 4028.
Memory consumption went from 143.4 MB to 143.3 MB.
Total: 3.758500 ms (FindLiveObjects: 0.352800 ms CreateObjectMapping: 0.204700 ms MarkObjects: 3.127000 ms  DeleteObjects: 0.072800 ms)

Prepare: number of updated asset objects reloaded= 0
AssetImportParameters requested are different than current active one (requested -> active):
  custom:container-demuxer-ogg: 62fdf1f143b41e24485cea50d1cbac27 -> 
  custom:video-codec-MediaFoundation-h265: 746d11721c4dcdbdad8f713fa42b33f4 -> 
  custom:video-decoder-ogg-theora: a1e56fd34408186e4bbccfd4996cb3dc -> 
  custom:framework-win-MediaFoundation: 216162199b28c13a410421893ffa2e32 -> 
  custom:CustomObjectIndexerAttribute: 9a22284fe3817be447336de3de66b15e -> 
  custom:container-demuxer-webm: 4f35f7cbe854078d1ac9338744f61a02 -> 
  custom:container-muxer-webm: aa71ff27fc2769a1b78a27578f13a17b -> 
  custom:video-decoder-webm-vp8: 9c59270c3fd7afecdb556c50c9e8de78 -> 
  custom:SearchIndexIgnoredProperties: e643bd26f0fe6173181afceb89e7c659 -> 
  custom:AudioImporter_EditorPlatform: d09bf68614088b80899f8185d706f6e7 -> 
  custom:video-encoder-webm-vp8: eb34c28f22e8b96e1ab97ce403110664 -> 
  custom:audio-decoder-ogg-vorbis: bf7c407c2cedff20999df2af8eb42d56 -> 
  custom:audio-encoder-webm-vorbis: bf7c407c2cedff20999df2af8eb42d56 -> 
========================================================================
Received Prepare
Caller must complete domain reload
Begin MonoManager ReloadAssembly
- Loaded All Assemblies, in  1.746 seconds
Native extension for WindowsStandalone target not found
Native extension for Android target not found
Native extension for WebGL target not found
Mono: successfully reloaded assembly
- Finished resetting the current domain, in  2.145 seconds
Domain Reload Profiling: 3903ms
	BeginReloadAssembly (625ms)
		ExecutionOrderSort (0ms)
		DisableScriptedObjects (39ms)
		BackupInstance (0ms)
		ReleaseScriptingObjects (0ms)
		CreateAndSetChildDomain (296ms)
	RebuildCommonClasses (37ms)
	RebuildNativeTypeToScriptingClass (10ms)
	initialDomainReloadingComplete (43ms)
	LoadAllAssembliesAndSetupDomain (1043ms)
		LoadAssemblies (1109ms)
		RebuildTransferFunctionScriptingTraits (0ms)
		AnalyzeDomain (76ms)
			TypeCache.Refresh (41ms)
				TypeCache.ScanAssembly (3ms)
			ScanForSourceGeneratedMonoScriptInfo (22ms)
			ResolveRequiredComponents (11ms)
	FinalizeReload (2145ms)
		ReleaseScriptCaches (0ms)
		RebuildScriptCaches (0ms)
		SetupLoadedEditorAssemblies (502ms)
			LogAssemblyErrors (0ms)
			InitializePlatformSupportModulesInManaged (25ms)
			SetLoadedEditorAssemblies (6ms)
			RefreshPlugins (0ms)
			BeforeProcessingInitializeOnLoad (71ms)
			ProcessInitializeOnLoadAttributes (370ms)
			ProcessInitializeOnLoadMethodAttributes (22ms)
			AfterProcessingInitializeOnLoad (8ms)
			EditorAssembliesLoaded (0ms)
		ExecutionOrderSort2 (0ms)
		AwakeInstancesAfterBackupRestoration (7ms)
Refreshing native plugins compatible for Editor in 4.98 ms, found 3 plugins.
Preloading 0 native plugins for Editor in 0.00 ms.
Unloading 3316 Unused Serialized files (Serialized files now loaded: 0)
Unloading 15 unused Assets / (99.8 KB). Loaded Objects now: 4043.
Memory consumption went from 143.4 MB to 143.3 MB.
Total: 7.364700 ms (FindLiveObjects: 0.343200 ms CreateObjectMapping: 0.145700 ms MarkObjects: 6.791600 ms  DeleteObjects: 0.082900 ms)

Prepare: number of updated asset objects reloaded= 0
AssetImportParameters requested are different than current active one (requested -> active):
  custom:container-demuxer-ogg: 62fdf1f143b41e24485cea50d1cbac27 -> 
  custom:video-codec-MediaFoundation-h265: 746d11721c4dcdbdad8f713fa42b33f4 -> 
  custom:video-decoder-ogg-theora: a1e56fd34408186e4bbccfd4996cb3dc -> 
  custom:framework-win-MediaFoundation: 216162199b28c13a410421893ffa2e32 -> 
  custom:CustomObjectIndexerAttribute: 9a22284fe3817be447336de3de66b15e -> 
  custom:container-demuxer-webm: 4f35f7cbe854078d1ac9338744f61a02 -> 
  custom:container-muxer-webm: aa71ff27fc2769a1b78a27578f13a17b -> 
  custom:video-decoder-webm-vp8: 9c59270c3fd7afecdb556c50c9e8de78 -> 
  custom:SearchIndexIgnoredProperties: e643bd26f0fe6173181afceb89e7c659 -> 
  custom:AudioImporter_EditorPlatform: d09bf68614088b80899f8185d706f6e7 -> 
  custom:video-encoder-webm-vp8: eb34c28f22e8b96e1ab97ce403110664 -> 
  custom:audio-decoder-ogg-vorbis: bf7c407c2cedff20999df2af8eb42d56 -> 
  custom:audio-encoder-webm-vorbis: bf7c407c2cedff20999df2af8eb42d56 -> 
  custom:scripting/precompiled-assembly-types:Assembly-CSharp: e55a2fa785e173be73e0b402f26eaafd -> 35608be151fe7e05c57e8ab9c9ef4787
========================================================================
Received Prepare
Caller must complete domain reload
Begin MonoManager ReloadAssembly
- Loaded All Assemblies, in  0.567 seconds
Native extension for WindowsStandalone target not found
Native extension for Android target not found
Native extension for WebGL target not found
Mono: successfully reloaded assembly
- Finished resetting the current domain, in  1.577 seconds
Domain Reload Profiling: 2138ms
	BeginReloadAssembly (159ms)
		ExecutionOrderSort (0ms)
		DisableScriptedObjects (4ms)
		BackupInstance (0ms)
		ReleaseScriptingObjects (0ms)
		CreateAndSetChildDomain (33ms)
	RebuildCommonClasses (27ms)
	RebuildNativeTypeToScriptingClass (9ms)
	initialDomainReloadingComplete (34ms)
	LoadAllAssembliesAndSetupDomain (331ms)
		LoadAssemblies (401ms)
		RebuildTransferFunctionScriptingTraits (0ms)
		AnalyzeDomain (18ms)
			TypeCache.Refresh (8ms)
				TypeCache.ScanAssembly (0ms)
			ScanForSourceGeneratedMonoScriptInfo (0ms)
			ResolveRequiredComponents (8ms)
	FinalizeReload (1577ms)
		ReleaseScriptCaches (0ms)
		RebuildScriptCaches (0ms)
		SetupLoadedEditorAssemblies (715ms)
			LogAssemblyErrors (0ms)
			InitializePlatformSupportModulesInManaged (32ms)
			SetLoadedEditorAssemblies (7ms)
			RefreshPlugins (0ms)
			BeforeProcessingInitializeOnLoad (98ms)
			ProcessInitializeOnLoadAttributes (538ms)
			ProcessInitializeOnLoadMethodAttributes (26ms)
			AfterProcessingInitializeOnLoad (14ms)
			EditorAssembliesLoaded (0ms)
		ExecutionOrderSort2 (0ms)
		AwakeInstancesAfterBackupRestoration (7ms)
Refreshing native plugins compatible for Editor in 4.23 ms, found 3 plugins.
Preloading 0 native plugins for Editor in 0.00 ms.
Unloading 3316 Unused Serialized files (Serialized files now loaded: 0)
Unloading 15 unused Assets / (99.8 KB). Loaded Objects now: 4058.
Memory consumption went from 143.4 MB to 143.3 MB.
Total: 3.404600 ms (FindLiveObjects: 0.318900 ms CreateObjectMapping: 0.166900 ms MarkObjects: 2.832000 ms  DeleteObjects: 0.085600 ms)

Prepare: number of updated asset objects reloaded= 0
AssetImportParameters requested are different than current active one (requested -> active):
  custom:container-demuxer-ogg: 62fdf1f143b41e24485cea50d1cbac27 -> 
  custom:video-codec-MediaFoundation-h265: 746d11721c4dcdbdad8f713fa42b33f4 -> 
  custom:video-decoder-ogg-theora: a1e56fd34408186e4bbccfd4996cb3dc -> 
  custom:framework-win-MediaFoundation: 216162199b28c13a410421893ffa2e32 -> 
  custom:CustomObjectIndexerAttribute: 9a22284fe3817be447336de3de66b15e -> 
  custom:container-demuxer-webm: 4f35f7cbe854078d1ac9338744f61a02 -> 
  custom:container-muxer-webm: aa71ff27fc2769a1b78a27578f13a17b -> 
  custom:video-decoder-webm-vp8: 9c59270c3fd7afecdb556c50c9e8de78 -> 
  custom:SearchIndexIgnoredProperties: e643bd26f0fe6173181afceb89e7c659 -> 
  custom:AudioImporter_EditorPlatform: d09bf68614088b80899f8185d706f6e7 -> 
  custom:video-encoder-webm-vp8: eb34c28f22e8b96e1ab97ce403110664 -> 
  custom:audio-decoder-ogg-vorbis: bf7c407c2cedff20999df2af8eb42d56 -> 
  custom:audio-encoder-webm-vorbis: bf7c407c2cedff20999df2af8eb42d56 -> 
  custom:scripting/precompiled-assembly-types:Assembly-CSharp: e55a2fa785e173be73e0b402f26eaafd -> 35608be151fe7e05c57e8ab9c9ef4787
========================================================================
Received Prepare
Caller must complete domain reload
Begin MonoManager ReloadAssembly
- Loaded All Assemblies, in  0.708 seconds
Native extension for WindowsStandalone target not found
Native extension for Android target not found
Native extension for WebGL target not found
Mono: successfully reloaded assembly
- Finished resetting the current domain, in  1.479 seconds
Domain Reload Profiling: 2180ms
	BeginReloadAssembly (226ms)
		ExecutionOrderSort (0ms)
		DisableScriptedObjects (6ms)
		BackupInstance (0ms)
		ReleaseScriptingObjects (0ms)
		CreateAndSetChildDomain (50ms)
	RebuildCommonClasses (45ms)
	RebuildNativeTypeToScriptingClass (14ms)
	initialDomainReloadingComplete (44ms)
	LoadAllAssembliesAndSetupDomain (372ms)
		LoadAssemblies (471ms)
		RebuildTransferFunctionScriptingTraits (0ms)
		AnalyzeDomain (27ms)
			TypeCache.Refresh (10ms)
				TypeCache.ScanAssembly (0ms)
			ScanForSourceGeneratedMonoScriptInfo (9ms)
			ResolveRequiredComponents (7ms)
	FinalizeReload (1479ms)
		ReleaseScriptCaches (0ms)
		RebuildScriptCaches (0ms)
		SetupLoadedEditorAssemblies (616ms)
			LogAssemblyErrors (0ms)
			InitializePlatformSupportModulesInManaged (32ms)
			SetLoadedEditorAssemblies (7ms)
			RefreshPlugins (0ms)
			BeforeProcessingInitializeOnLoad (93ms)
			ProcessInitializeOnLoadAttributes (446ms)
			ProcessInitializeOnLoadMethodAttributes (25ms)
			AfterProcessingInitializeOnLoad (13ms)
			EditorAssembliesLoaded (0ms)
		ExecutionOrderSort2 (0ms)
		AwakeInstancesAfterBackupRestoration (10ms)
Refreshing native plugins compatible for Editor in 8.53 ms, found 3 plugins.
Preloading 0 native plugins for Editor in 0.00 ms.
Unloading 3316 Unused Serialized files (Serialized files now loaded: 0)
Unloading 15 unused Assets / (99.8 KB). Loaded Objects now: 4073.
Memory consumption went from 143.4 MB to 143.3 MB.
Total: 5.281400 ms (FindLiveObjects: 0.324000 ms CreateObjectMapping: 0.138000 ms MarkObjects: 4.734500 ms  DeleteObjects: 0.082900 ms)

Prepare: number of updated asset objects reloaded= 0
AssetImportParameters requested are different than current active one (requested -> active):
  custom:container-demuxer-ogg: 62fdf1f143b41e24485cea50d1cbac27 -> 
  custom:video-codec-MediaFoundation-h265: 746d11721c4dcdbdad8f713fa42b33f4 -> 
  custom:video-decoder-ogg-theora: a1e56fd34408186e4bbccfd4996cb3dc -> 
  custom:framework-win-MediaFoundation: 216162199b28c13a410421893ffa2e32 -> 
  custom:CustomObjectIndexerAttribute: 9a22284fe3817be447336de3de66b15e -> 
  custom:container-demuxer-webm: 4f35f7cbe854078d1ac9338744f61a02 -> 
  custom:container-muxer-webm: aa71ff27fc2769a1b78a27578f13a17b -> 
  custom:video-decoder-webm-vp8: 9c59270c3fd7afecdb556c50c9e8de78 -> 
  custom:SearchIndexIgnoredProperties: e643bd26f0fe6173181afceb89e7c659 -> 
  custom:AudioImporter_EditorPlatform: d09bf68614088b80899f8185d706f6e7 -> 
  custom:video-encoder-webm-vp8: eb34c28f22e8b96e1ab97ce403110664 -> 
  custom:audio-decoder-ogg-vorbis: bf7c407c2cedff20999df2af8eb42d56 -> 
  custom:audio-encoder-webm-vorbis: bf7c407c2cedff20999df2af8eb42d56 -> 
  custom:scripting/precompiled-assembly-types:Assembly-CSharp: e55a2fa785e173be73e0b402f26eaafd -> 35608be151fe7e05c57e8ab9c9ef4787
========================================================================
Received Prepare
Caller must complete domain reload
Begin MonoManager ReloadAssembly
- Loaded All Assemblies, in  0.495 seconds
Native extension for WindowsStandalone target not found
Native extension for Android target not found
Native extension for WebGL target not found
Mono: successfully reloaded assembly
- Finished resetting the current domain, in  1.032 seconds
Domain Reload Profiling: 1523ms
	BeginReloadAssembly (165ms)
		ExecutionOrderSort (0ms)
		DisableScriptedObjects (5ms)
		BackupInstance (0ms)
		ReleaseScriptingObjects (0ms)
		CreateAndSetChildDomain (35ms)
	RebuildCommonClasses (32ms)
	RebuildNativeTypeToScriptingClass (8ms)
	initialDomainReloadingComplete (33ms)
	LoadAllAssembliesAndSetupDomain (252ms)
		LoadAssemblies (330ms)
		RebuildTransferFunctionScriptingTraits (0ms)
		AnalyzeDomain (15ms)
			TypeCache.Refresh (7ms)
				TypeCache.ScanAssembly (0ms)
			ScanForSourceGeneratedMonoScriptInfo (0ms)
			ResolveRequiredComponents (7ms)
	FinalizeReload (1033ms)
		ReleaseScriptCaches (0ms)
		RebuildScriptCaches (0ms)
		SetupLoadedEditorAssemblies (440ms)
			LogAssemblyErrors (0ms)
			InitializePlatformSupportModulesInManaged (21ms)
			SetLoadedEditorAssemblies (4ms)
			RefreshPlugins (0ms)
			BeforeProcessingInitializeOnLoad (66ms)
			ProcessInitializeOnLoadAttributes (321ms)
			ProcessInitializeOnLoadMethodAttributes (20ms)
			AfterProcessingInitializeOnLoad (8ms)
			EditorAssembliesLoaded (0ms)
		ExecutionOrderSort2 (0ms)
		AwakeInstancesAfterBackupRestoration (7ms)
Refreshing native plugins compatible for Editor in 6.58 ms, found 3 plugins.
Preloading 0 native plugins for Editor in 0.00 ms.
Unloading 3316 Unused Serialized files (Serialized files now loaded: 0)
Unloading 15 unused Assets / (99.9 KB). Loaded Objects now: 4088.
Memory consumption went from 143.4 MB to 143.3 MB.
Total: 4.327700 ms (FindLiveObjects: 0.402400 ms CreateObjectMapping: 0.334100 ms MarkObjects: 3.514600 ms  DeleteObjects: 0.075600 ms)

Prepare: number of updated asset objects reloaded= 0
AssetImportParameters requested are different than current active one (requested -> active):
  custom:container-demuxer-ogg: 62fdf1f143b41e24485cea50d1cbac27 -> 
  custom:video-codec-MediaFoundation-h265: 746d11721c4dcdbdad8f713fa42b33f4 -> 
  custom:video-decoder-ogg-theora: a1e56fd34408186e4bbccfd4996cb3dc -> 
  custom:framework-win-MediaFoundation: 216162199b28c13a410421893ffa2e32 -> 
  custom:CustomObjectIndexerAttribute: 9a22284fe3817be447336de3de66b15e -> 
  custom:container-demuxer-webm: 4f35f7cbe854078d1ac9338744f61a02 -> 
  custom:container-muxer-webm: aa71ff27fc2769a1b78a27578f13a17b -> 
  custom:video-decoder-webm-vp8: 9c59270c3fd7afecdb556c50c9e8de78 -> 
  custom:SearchIndexIgnoredProperties: e643bd26f0fe6173181afceb89e7c659 -> 
  custom:AudioImporter_EditorPlatform: d09bf68614088b80899f8185d706f6e7 -> 
  custom:video-encoder-webm-vp8: eb34c28f22e8b96e1ab97ce403110664 -> 
  custom:audio-decoder-ogg-vorbis: bf7c407c2cedff20999df2af8eb42d56 -> 
  custom:audio-encoder-webm-vorbis: bf7c407c2cedff20999df2af8eb42d56 -> 
  custom:scripting/precompiled-assembly-types:Assembly-CSharp: e55a2fa785e173be73e0b402f26eaafd -> 35608be151fe7e05c57e8ab9c9ef4787
========================================================================
Received Import Request.
  Time since last request: 2154.440080 seconds.
  path: Assets/Prefabs/Enemy/DragonBoss.prefab
  artifactKey: Guid(7e9cbc5c203dbcc4587eb78072db1a36) Importer(815301076,1909f56bfc062723c751e8b465ee728b)
Start importing Assets/Prefabs/Enemy/DragonBoss.prefab using Guid(7e9cbc5c203dbcc4587eb78072db1a36) Importer(815301076,1909f56bfc062723c751e8b465ee728b) [PhysX] Initialized MultithreadedTaskDispatcher with 16 workers.
[PhysX] Initialized MultithreadedTaskDispatcher with 16 workers.
Refreshing native plugins compatible for Editor in 8.74 ms, found 3 plugins.
Preloading 0 native plugins for Editor in 0.00 ms.
 -> (artifact id: 'b6234c0e86cb5f730a87556297499e91') in 0.246242 seconds
Number of updated asset objects reloaded before import = 0
Number of asset objects unloaded after import = 175
========================================================================
Received Import Request.
  Time since last request: 0.000128 seconds.
  path: Assets/Prefabs/Enemy/RavenEnemy.prefab
  artifactKey: Guid(dae1efb0b52f25a41bd4705dac76edbd) Importer(815301076,1909f56bfc062723c751e8b465ee728b)
Start importing Assets/Prefabs/Enemy/RavenEnemy.prefab using Guid(dae1efb0b52f25a41bd4705dac76edbd) Importer(815301076,1909f56bfc062723c751e8b465ee728b) [PhysX] Initialized MultithreadedTaskDispatcher with 16 workers.
[PhysX] Initialized MultithreadedTaskDispatcher with 16 workers.
Refreshing native plugins compatible for Editor in 7.58 ms, found 3 plugins.
Preloading 0 native plugins for Editor in 0.00 ms.
 -> (artifact id: '6b6f53f599f75c5d2dabfa11c0fa5529') in 0.050961 seconds
Number of updated asset objects reloaded before import = 0
Number of asset objects unloaded after import = 95
========================================================================
Received Prepare
Caller must complete domain reload
Begin MonoManager ReloadAssembly
- Loaded All Assemblies, in  0.821 seconds
Native extension for WindowsStandalone target not found
Native extension for Android target not found
Native extension for WebGL target not found
Mono: successfully reloaded assembly
- Finished resetting the current domain, in  2.127 seconds
Domain Reload Profiling: 2939ms
	BeginReloadAssembly (262ms)
		ExecutionOrderSort (0ms)
		DisableScriptedObjects (6ms)
		BackupInstance (0ms)
		ReleaseScriptingObjects (0ms)
		CreateAndSetChildDomain (56ms)
	RebuildCommonClasses (67ms)
	RebuildNativeTypeToScriptingClass (22ms)
	initialDomainReloadingComplete (65ms)
	LoadAllAssembliesAndSetupDomain (395ms)
		LoadAssemblies (510ms)
		RebuildTransferFunctionScriptingTraits (0ms)
		AnalyzeDomain (35ms)
			TypeCache.Refresh (12ms)
				TypeCache.ScanAssembly (1ms)
			ScanForSourceGeneratedMonoScriptInfo (12ms)
			ResolveRequiredComponents (9ms)
	FinalizeReload (2128ms)
		ReleaseScriptCaches (0ms)
		RebuildScriptCaches (0ms)
		SetupLoadedEditorAssemblies (432ms)
			LogAssemblyErrors (0ms)
			InitializePlatformSupportModulesInManaged (18ms)
			SetLoadedEditorAssemblies (4ms)
			RefreshPlugins (0ms)
			BeforeProcessingInitializeOnLoad (61ms)
			ProcessInitializeOnLoadAttributes (324ms)
			ProcessInitializeOnLoadMethodAttributes (18ms)
			AfterProcessingInitializeOnLoad (7ms)
			EditorAssembliesLoaded (0ms)
		ExecutionOrderSort2 (0ms)
		AwakeInstancesAfterBackupRestoration (6ms)
Refreshing native plugins compatible for Editor in 5.24 ms, found 3 plugins.
Preloading 0 native plugins for Editor in 0.00 ms.
Unloading 3315 Unused Serialized files (Serialized files now loaded: 0)
Unloading 15 unused Assets / (99.8 KB). Loaded Objects now: 4104.
Memory consumption went from 142.6 MB to 142.5 MB.
Total: 4.118000 ms (FindLiveObjects: 0.382700 ms CreateObjectMapping: 0.239400 ms MarkObjects: 3.407200 ms  DeleteObjects: 0.087400 ms)

Prepare: number of updated asset objects reloaded= 0
AssetImportParameters requested are different than current active one (requested -> active):
  custom:container-demuxer-ogg: 62fdf1f143b41e24485cea50d1cbac27 -> 
  custom:video-codec-MediaFoundation-h265: 746d11721c4dcdbdad8f713fa42b33f4 -> 
  custom:video-decoder-ogg-theora: a1e56fd34408186e4bbccfd4996cb3dc -> 
  custom:framework-win-MediaFoundation: 216162199b28c13a410421893ffa2e32 -> 
  custom:CustomObjectIndexerAttribute: 9a22284fe3817be447336de3de66b15e -> 
  custom:container-demuxer-webm: 4f35f7cbe854078d1ac9338744f61a02 -> 
  custom:container-muxer-webm: aa71ff27fc2769a1b78a27578f13a17b -> 
  custom:video-decoder-webm-vp8: 9c59270c3fd7afecdb556c50c9e8de78 -> 
  custom:SearchIndexIgnoredProperties: e643bd26f0fe6173181afceb89e7c659 -> 
  custom:AudioImporter_EditorPlatform: d09bf68614088b80899f8185d706f6e7 -> 
  custom:video-encoder-webm-vp8: eb34c28f22e8b96e1ab97ce403110664 -> 
  custom:audio-decoder-ogg-vorbis: bf7c407c2cedff20999df2af8eb42d56 -> 
  custom:audio-encoder-webm-vorbis: bf7c407c2cedff20999df2af8eb42d56 -> 
  custom:scripting/precompiled-assembly-types:Assembly-CSharp: e55a2fa785e173be73e0b402f26eaafd -> 35608be151fe7e05c57e8ab9c9ef4787
========================================================================
Received Prepare
Caller must complete domain reload
Begin MonoManager ReloadAssembly
- Loaded All Assemblies, in  0.503 seconds
Native extension for WindowsStandalone target not found
Native extension for Android target not found
Native extension for WebGL target not found
Mono: successfully reloaded assembly
- Finished resetting the current domain, in  1.025 seconds
Domain Reload Profiling: 1524ms
	BeginReloadAssembly (168ms)
		ExecutionOrderSort (0ms)
		DisableScriptedObjects (4ms)
		BackupInstance (0ms)
		ReleaseScriptingObjects (0ms)
		CreateAndSetChildDomain (35ms)
	RebuildCommonClasses (37ms)
	RebuildNativeTypeToScriptingClass (9ms)
	initialDomainReloadingComplete (32ms)
	LoadAllAssembliesAndSetupDomain (253ms)
		LoadAssemblies (333ms)
		RebuildTransferFunctionScriptingTraits (0ms)
		AnalyzeDomain (15ms)
			TypeCache.Refresh (6ms)
				TypeCache.ScanAssembly (0ms)
			ScanForSourceGeneratedMonoScriptInfo (0ms)
			ResolveRequiredComponents (6ms)
	FinalizeReload (1025ms)
		ReleaseScriptCaches (0ms)
		RebuildScriptCaches (0ms)
		SetupLoadedEditorAssemblies (445ms)
			LogAssemblyErrors (0ms)
			InitializePlatformSupportModulesInManaged (20ms)
			SetLoadedEditorAssemblies (4ms)
			RefreshPlugins (0ms)
			BeforeProcessingInitializeOnLoad (65ms)
			ProcessInitializeOnLoadAttributes (328ms)
			ProcessInitializeOnLoadMethodAttributes (19ms)
			AfterProcessingInitializeOnLoad (7ms)
			EditorAssembliesLoaded (0ms)
		ExecutionOrderSort2 (0ms)
		AwakeInstancesAfterBackupRestoration (6ms)
Refreshing native plugins compatible for Editor in 7.04 ms, found 3 plugins.
Preloading 0 native plugins for Editor in 0.00 ms.
Unloading 3316 Unused Serialized files (Serialized files now loaded: 0)
Unloading 15 unused Assets / (100.0 KB). Loaded Objects now: 4119.
Memory consumption went from 142.9 MB to 142.8 MB.
Total: 4.258300 ms (FindLiveObjects: 0.599100 ms CreateObjectMapping: 0.228900 ms MarkObjects: 3.326700 ms  DeleteObjects: 0.101200 ms)

Prepare: number of updated asset objects reloaded= 0
AssetImportParameters requested are different than current active one (requested -> active):
  custom:container-demuxer-ogg: 62fdf1f143b41e24485cea50d1cbac27 -> 
  custom:video-codec-MediaFoundation-h265: 746d11721c4dcdbdad8f713fa42b33f4 -> 
  custom:video-decoder-ogg-theora: a1e56fd34408186e4bbccfd4996cb3dc -> 
  custom:framework-win-MediaFoundation: 216162199b28c13a410421893ffa2e32 -> 
  custom:CustomObjectIndexerAttribute: 9a22284fe3817be447336de3de66b15e -> 
  custom:container-demuxer-webm: 4f35f7cbe854078d1ac9338744f61a02 -> 
  custom:container-muxer-webm: aa71ff27fc2769a1b78a27578f13a17b -> 
  custom:video-decoder-webm-vp8: 9c59270c3fd7afecdb556c50c9e8de78 -> 
  custom:SearchIndexIgnoredProperties: e643bd26f0fe6173181afceb89e7c659 -> 
  custom:AudioImporter_EditorPlatform: d09bf68614088b80899f8185d706f6e7 -> 
  custom:video-encoder-webm-vp8: eb34c28f22e8b96e1ab97ce403110664 -> 
  custom:audio-decoder-ogg-vorbis: bf7c407c2cedff20999df2af8eb42d56 -> 
  custom:audio-encoder-webm-vorbis: bf7c407c2cedff20999df2af8eb42d56 -> 
  custom:scripting/precompiled-assembly-types:Assembly-CSharp: e55a2fa785e173be73e0b402f26eaafd -> 35608be151fe7e05c57e8ab9c9ef4787
========================================================================
Received Prepare
Caller must complete domain reload
Begin MonoManager ReloadAssembly
- Loaded All Assemblies, in  0.501 seconds
Native extension for WindowsStandalone target not found
Native extension for Android target not found
Native extension for WebGL target not found
Mono: successfully reloaded assembly
- Finished resetting the current domain, in  0.984 seconds
Domain Reload Profiling: 1481ms
	BeginReloadAssembly (169ms)
		ExecutionOrderSort (0ms)
		DisableScriptedObjects (4ms)
		BackupInstance (0ms)
		ReleaseScriptingObjects (0ms)
		CreateAndSetChildDomain (37ms)
	RebuildCommonClasses (33ms)
	RebuildNativeTypeToScriptingClass (8ms)
	initialDomainReloadingComplete (28ms)
	LoadAllAssembliesAndSetupDomain (258ms)
		LoadAssemblies (342ms)
		RebuildTransferFunctionScriptingTraits (0ms)
		AnalyzeDomain (13ms)
			TypeCache.Refresh (6ms)
				TypeCache.ScanAssembly (0ms)
			ScanForSourceGeneratedMonoScriptInfo (0ms)
			ResolveRequiredComponents (6ms)
	FinalizeReload (984ms)
		ReleaseScriptCaches (0ms)
		RebuildScriptCaches (0ms)
		SetupLoadedEditorAssemblies (436ms)
			LogAssemblyErrors (0ms)
			InitializePlatformSupportModulesInManaged (19ms)
			SetLoadedEditorAssemblies (5ms)
			RefreshPlugins (0ms)
			BeforeProcessingInitializeOnLoad (64ms)
			ProcessInitializeOnLoadAttributes (322ms)
			ProcessInitializeOnLoadMethodAttributes (18ms)
			AfterProcessingInitializeOnLoad (8ms)
			EditorAssembliesLoaded (0ms)
		ExecutionOrderSort2 (0ms)
		AwakeInstancesAfterBackupRestoration (6ms)
Refreshing native plugins compatible for Editor in 5.11 ms, found 3 plugins.
Preloading 0 native plugins for Editor in 0.00 ms.
Unloading 3316 Unused Serialized files (Serialized files now loaded: 0)
Unloading 15 unused Assets / (100.0 KB). Loaded Objects now: 4134.
Memory consumption went from 142.9 MB to 142.8 MB.
Total: 3.654600 ms (FindLiveObjects: 0.287200 ms CreateObjectMapping: 0.157800 ms MarkObjects: 3.137500 ms  DeleteObjects: 0.070900 ms)

Prepare: number of updated asset objects reloaded= 0
AssetImportParameters requested are different than current active one (requested -> active):
  custom:container-demuxer-ogg: 62fdf1f143b41e24485cea50d1cbac27 -> 
  custom:video-codec-MediaFoundation-h265: 746d11721c4dcdbdad8f713fa42b33f4 -> 
  custom:video-decoder-ogg-theora: a1e56fd34408186e4bbccfd4996cb3dc -> 
  custom:framework-win-MediaFoundation: 216162199b28c13a410421893ffa2e32 -> 
  custom:CustomObjectIndexerAttribute: 9a22284fe3817be447336de3de66b15e -> 
  custom:container-demuxer-webm: 4f35f7cbe854078d1ac9338744f61a02 -> 
  custom:container-muxer-webm: aa71ff27fc2769a1b78a27578f13a17b -> 
  custom:video-decoder-webm-vp8: 9c59270c3fd7afecdb556c50c9e8de78 -> 
  custom:SearchIndexIgnoredProperties: e643bd26f0fe6173181afceb89e7c659 -> 
  custom:AudioImporter_EditorPlatform: d09bf68614088b80899f8185d706f6e7 -> 
  custom:video-encoder-webm-vp8: eb34c28f22e8b96e1ab97ce403110664 -> 
  custom:audio-decoder-ogg-vorbis: bf7c407c2cedff20999df2af8eb42d56 -> 
  custom:audio-encoder-webm-vorbis: bf7c407c2cedff20999df2af8eb42d56 -> 
  custom:scripting/precompiled-assembly-types:Assembly-CSharp: e55a2fa785e173be73e0b402f26eaafd -> 35608be151fe7e05c57e8ab9c9ef4787
========================================================================
Received Prepare
Caller must complete domain reload
Begin MonoManager ReloadAssembly
- Loaded All Assemblies, in  0.478 seconds
Native extension for WindowsStandalone target not found
Native extension for Android target not found
Native extension for WebGL target not found
Mono: successfully reloaded assembly
- Finished resetting the current domain, in  1.058 seconds
Domain Reload Profiling: 1531ms
	BeginReloadAssembly (151ms)
		ExecutionOrderSort (0ms)
		DisableScriptedObjects (5ms)
		BackupInstance (0ms)
		ReleaseScriptingObjects (0ms)
		CreateAndSetChildDomain (36ms)
	RebuildCommonClasses (27ms)
	RebuildNativeTypeToScriptingClass (8ms)
	initialDomainReloadingComplete (32ms)
	LoadAllAssembliesAndSetupDomain (255ms)
		LoadAssemblies (320ms)
		RebuildTransferFunctionScriptingTraits (0ms)
		AnalyzeDomain (13ms)
			TypeCache.Refresh (5ms)
				TypeCache.ScanAssembly (0ms)
			ScanForSourceGeneratedMonoScriptInfo (0ms)
			ResolveRequiredComponents (6ms)
	FinalizeReload (1058ms)
		ReleaseScriptCaches (0ms)
		RebuildScriptCaches (0ms)
		SetupLoadedEditorAssemblies (494ms)
			LogAssemblyErrors (0ms)
			InitializePlatformSupportModulesInManaged (20ms)
			SetLoadedEditorAssemblies (5ms)
			RefreshPlugins (0ms)
			BeforeProcessingInitializeOnLoad (73ms)
			ProcessInitializeOnLoadAttributes (363ms)
			ProcessInitializeOnLoadMethodAttributes (24ms)
			AfterProcessingInitializeOnLoad (9ms)
			EditorAssembliesLoaded (0ms)
		ExecutionOrderSort2 (0ms)
		AwakeInstancesAfterBackupRestoration (7ms)
Refreshing native plugins compatible for Editor in 5.87 ms, found 3 plugins.
Preloading 0 native plugins for Editor in 0.00 ms.
Unloading 3316 Unused Serialized files (Serialized files now loaded: 0)
Unloading 15 unused Assets / (100.0 KB). Loaded Objects now: 4149.
Memory consumption went from 142.9 MB to 142.8 MB.
Total: 3.568600 ms (FindLiveObjects: 0.301500 ms CreateObjectMapping: 0.193900 ms MarkObjects: 2.998800 ms  DeleteObjects: 0.073100 ms)

Prepare: number of updated asset objects reloaded= 0
AssetImportParameters requested are different than current active one (requested -> active):
  custom:container-demuxer-ogg: 62fdf1f143b41e24485cea50d1cbac27 -> 
  custom:video-codec-MediaFoundation-h265: 746d11721c4dcdbdad8f713fa42b33f4 -> 
  custom:video-decoder-ogg-theora: a1e56fd34408186e4bbccfd4996cb3dc -> 
  custom:framework-win-MediaFoundation: 216162199b28c13a410421893ffa2e32 -> 
  custom:CustomObjectIndexerAttribute: 9a22284fe3817be447336de3de66b15e -> 
  custom:container-demuxer-webm: 4f35f7cbe854078d1ac9338744f61a02 -> 
  custom:container-muxer-webm: aa71ff27fc2769a1b78a27578f13a17b -> 
  custom:video-decoder-webm-vp8: 9c59270c3fd7afecdb556c50c9e8de78 -> 
  custom:SearchIndexIgnoredProperties: e643bd26f0fe6173181afceb89e7c659 -> 
  custom:AudioImporter_EditorPlatform: d09bf68614088b80899f8185d706f6e7 -> 
  custom:video-encoder-webm-vp8: eb34c28f22e8b96e1ab97ce403110664 -> 
  custom:audio-decoder-ogg-vorbis: bf7c407c2cedff20999df2af8eb42d56 -> 
  custom:audio-encoder-webm-vorbis: bf7c407c2cedff20999df2af8eb42d56 -> 
  custom:scripting/precompiled-assembly-types:Assembly-CSharp: e55a2fa785e173be73e0b402f26eaafd -> 35608be151fe7e05c57e8ab9c9ef4787
========================================================================
Received Prepare
Caller must complete domain reload
Begin MonoManager ReloadAssembly
- Loaded All Assemblies, in  0.469 seconds
Native extension for WindowsStandalone target not found
Native extension for Android target not found
Native extension for WebGL target not found
Mono: successfully reloaded assembly
- Finished resetting the current domain, in  0.993 seconds
Domain Reload Profiling: 1459ms
	BeginReloadAssembly (149ms)
		ExecutionOrderSort (0ms)
		DisableScriptedObjects (4ms)
		BackupInstance (0ms)
		ReleaseScriptingObjects (0ms)
		CreateAndSetChildDomain (35ms)
	RebuildCommonClasses (28ms)
	RebuildNativeTypeToScriptingClass (8ms)
	initialDomainReloadingComplete (31ms)
	LoadAllAssembliesAndSetupDomain (249ms)
		LoadAssemblies (313ms)
		RebuildTransferFunctionScriptingTraits (0ms)
		AnalyzeDomain (14ms)
			TypeCache.Refresh (7ms)
				TypeCache.ScanAssembly (0ms)
			ScanForSourceGeneratedMonoScriptInfo (0ms)
			ResolveRequiredComponents (5ms)
	FinalizeReload (994ms)
		ReleaseScriptCaches (0ms)
		RebuildScriptCaches (0ms)
		SetupLoadedEditorAssemblies (437ms)
			LogAssemblyErrors (0ms)
			InitializePlatformSupportModulesInManaged (20ms)
			SetLoadedEditorAssemblies (5ms)
			RefreshPlugins (0ms)
			BeforeProcessingInitializeOnLoad (63ms)
			ProcessInitializeOnLoadAttributes (323ms)
			ProcessInitializeOnLoadMethodAttributes (18ms)
			AfterProcessingInitializeOnLoad (8ms)
			EditorAssembliesLoaded (0ms)
		ExecutionOrderSort2 (0ms)
		AwakeInstancesAfterBackupRestoration (6ms)
Refreshing native plugins compatible for Editor in 6.12 ms, found 3 plugins.
Preloading 0 native plugins for Editor in 0.00 ms.
Unloading 3316 Unused Serialized files (Serialized files now loaded: 0)
Unloading 15 unused Assets / (99.8 KB). Loaded Objects now: 4164.
Memory consumption went from 142.9 MB to 142.8 MB.
Total: 3.842800 ms (FindLiveObjects: 0.346200 ms CreateObjectMapping: 0.203900 ms MarkObjects: 3.200900 ms  DeleteObjects: 0.090300 ms)

Prepare: number of updated asset objects reloaded= 0
AssetImportParameters requested are different than current active one (requested -> active):
  custom:container-demuxer-ogg: 62fdf1f143b41e24485cea50d1cbac27 -> 
  custom:video-codec-MediaFoundation-h265: 746d11721c4dcdbdad8f713fa42b33f4 -> 
  custom:video-decoder-ogg-theora: a1e56fd34408186e4bbccfd4996cb3dc -> 
  custom:framework-win-MediaFoundation: 216162199b28c13a410421893ffa2e32 -> 
  custom:CustomObjectIndexerAttribute: 9a22284fe3817be447336de3de66b15e -> 
  custom:container-demuxer-webm: 4f35f7cbe854078d1ac9338744f61a02 -> 
  custom:container-muxer-webm: aa71ff27fc2769a1b78a27578f13a17b -> 
  custom:video-decoder-webm-vp8: 9c59270c3fd7afecdb556c50c9e8de78 -> 
  custom:SearchIndexIgnoredProperties: e643bd26f0fe6173181afceb89e7c659 -> 
  custom:AudioImporter_EditorPlatform: d09bf68614088b80899f8185d706f6e7 -> 
  custom:video-encoder-webm-vp8: eb34c28f22e8b96e1ab97ce403110664 -> 
  custom:audio-decoder-ogg-vorbis: bf7c407c2cedff20999df2af8eb42d56 -> 
  custom:audio-encoder-webm-vorbis: bf7c407c2cedff20999df2af8eb42d56 -> 
  custom:scripting/precompiled-assembly-types:Assembly-CSharp: e55a2fa785e173be73e0b402f26eaafd -> 35608be151fe7e05c57e8ab9c9ef4787
========================================================================
Received Prepare
Refreshing native plugins compatible for Editor in 5.77 ms, found 3 plugins.
Preloading 0 native plugins for Editor in 0.00 ms.
Unloading 2 Unused Serialized files (Serialized files now loaded: 0)
Unloading 2 unused Assets / (76.5 KB). Loaded Objects now: 4164.
Memory consumption went from 91.5 MB to 91.4 MB.
Total: 4.634200 ms (FindLiveObjects: 0.473700 ms CreateObjectMapping: 0.145100 ms MarkObjects: 3.940900 ms  DeleteObjects: 0.072900 ms)

Prepare: number of updated asset objects reloaded= 0
AssetImportParameters requested are different than current active one (requested -> active):
  custom:container-demuxer-ogg: 62fdf1f143b41e24485cea50d1cbac27 -> 
  custom:video-codec-MediaFoundation-h265: 746d11721c4dcdbdad8f713fa42b33f4 -> 
  custom:video-decoder-ogg-theora: a1e56fd34408186e4bbccfd4996cb3dc -> 
  custom:framework-win-MediaFoundation: 216162199b28c13a410421893ffa2e32 -> 
  custom:CustomObjectIndexerAttribute: 9a22284fe3817be447336de3de66b15e -> 
  custom:container-demuxer-webm: 4f35f7cbe854078d1ac9338744f61a02 -> 
  custom:container-muxer-webm: aa71ff27fc2769a1b78a27578f13a17b -> 
  custom:video-decoder-webm-vp8: 9c59270c3fd7afecdb556c50c9e8de78 -> 
  custom:SearchIndexIgnoredProperties: e643bd26f0fe6173181afceb89e7c659 -> 
  custom:AudioImporter_EditorPlatform: d09bf68614088b80899f8185d706f6e7 -> 
  custom:video-encoder-webm-vp8: eb34c28f22e8b96e1ab97ce403110664 -> 
  custom:audio-decoder-ogg-vorbis: bf7c407c2cedff20999df2af8eb42d56 -> 
  custom:audio-encoder-webm-vorbis: bf7c407c2cedff20999df2af8eb42d56 -> 
  custom:scripting/precompiled-assembly-types:Assembly-CSharp: e55a2fa785e173be73e0b402f26eaafd -> 35608be151fe7e05c57e8ab9c9ef4787
========================================================================
Received Prepare
Caller must complete domain reload
Begin MonoManager ReloadAssembly
- Loaded All Assemblies, in  0.719 seconds
Native extension for WindowsStandalone target not found
Native extension for Android target not found
Native extension for WebGL target not found
Mono: successfully reloaded assembly
- Finished resetting the current domain, in  2.136 seconds
Domain Reload Profiling: 2852ms
	BeginReloadAssembly (269ms)
		ExecutionOrderSort (0ms)
		DisableScriptedObjects (6ms)
		BackupInstance (0ms)
		ReleaseScriptingObjects (0ms)
		CreateAndSetChildDomain (71ms)
	RebuildCommonClasses (38ms)
	RebuildNativeTypeToScriptingClass (9ms)
	initialDomainReloadingComplete (37ms)
	LoadAllAssembliesAndSetupDomain (363ms)
		LoadAssemblies (489ms)
		RebuildTransferFunctionScriptingTraits (0ms)
		AnalyzeDomain (20ms)
			TypeCache.Refresh (11ms)
				TypeCache.ScanAssembly (0ms)
			ScanForSourceGeneratedMonoScriptInfo (0ms)
			ResolveRequiredComponents (7ms)
	FinalizeReload (2137ms)
		ReleaseScriptCaches (0ms)
		RebuildScriptCaches (0ms)
		SetupLoadedEditorAssemblies (580ms)
			LogAssemblyErrors (0ms)
			InitializePlatformSupportModulesInManaged (34ms)
			SetLoadedEditorAssemblies (5ms)
			RefreshPlugins (0ms)
			BeforeProcessingInitializeOnLoad (70ms)
			ProcessInitializeOnLoadAttributes (441ms)
			ProcessInitializeOnLoadMethodAttributes (22ms)
			AfterProcessingInitializeOnLoad (8ms)
			EditorAssembliesLoaded (0ms)
		ExecutionOrderSort2 (0ms)
		AwakeInstancesAfterBackupRestoration (7ms)
Refreshing native plugins compatible for Editor in 4.61 ms, found 3 plugins.
Preloading 0 native plugins for Editor in 0.00 ms.
Unloading 3316 Unused Serialized files (Serialized files now loaded: 0)
Unloading 15 unused Assets / (100.0 KB). Loaded Objects now: 4179.
Memory consumption went from 142.9 MB to 142.8 MB.
Total: 4.001900 ms (FindLiveObjects: 0.418500 ms CreateObjectMapping: 0.214100 ms MarkObjects: 3.264800 ms  DeleteObjects: 0.103400 ms)

Prepare: number of updated asset objects reloaded= 0
AssetImportParameters requested are different than current active one (requested -> active):
  custom:container-demuxer-ogg: 62fdf1f143b41e24485cea50d1cbac27 -> 
  custom:video-codec-MediaFoundation-h265: 746d11721c4dcdbdad8f713fa42b33f4 -> 
  custom:video-decoder-ogg-theora: a1e56fd34408186e4bbccfd4996cb3dc -> 
  custom:framework-win-MediaFoundation: 216162199b28c13a410421893ffa2e32 -> 
  custom:CustomObjectIndexerAttribute: 9a22284fe3817be447336de3de66b15e -> 
  custom:container-demuxer-webm: 4f35f7cbe854078d1ac9338744f61a02 -> 
  custom:container-muxer-webm: aa71ff27fc2769a1b78a27578f13a17b -> 
  custom:video-decoder-webm-vp8: 9c59270c3fd7afecdb556c50c9e8de78 -> 
  custom:SearchIndexIgnoredProperties: e643bd26f0fe6173181afceb89e7c659 -> 
  custom:AudioImporter_EditorPlatform: d09bf68614088b80899f8185d706f6e7 -> 
  custom:video-encoder-webm-vp8: eb34c28f22e8b96e1ab97ce403110664 -> 
  custom:audio-decoder-ogg-vorbis: bf7c407c2cedff20999df2af8eb42d56 -> 
  custom:audio-encoder-webm-vorbis: bf7c407c2cedff20999df2af8eb42d56 -> 
  custom:scripting/precompiled-assembly-types:Assembly-CSharp: e55a2fa785e173be73e0b402f26eaafd -> 35608be151fe7e05c57e8ab9c9ef4787
========================================================================
Received Prepare
Caller must complete domain reload
Begin MonoManager ReloadAssembly
- Loaded All Assemblies, in  0.549 seconds
Native extension for WindowsStandalone target not found
Native extension for Android target not found
Native extension for WebGL target not found
Mono: successfully reloaded assembly
- Finished resetting the current domain, in  0.977 seconds
Domain Reload Profiling: 1521ms
	BeginReloadAssembly (166ms)
		ExecutionOrderSort (0ms)
		DisableScriptedObjects (5ms)
		BackupInstance (0ms)
		ReleaseScriptingObjects (0ms)
		CreateAndSetChildDomain (40ms)
	RebuildCommonClasses (30ms)
	RebuildNativeTypeToScriptingClass (8ms)
	initialDomainReloadingComplete (35ms)
	LoadAllAssembliesAndSetupDomain (303ms)
		LoadAssemblies (377ms)
		RebuildTransferFunctionScriptingTraits (0ms)
		AnalyzeDomain (13ms)
			TypeCache.Refresh (6ms)
				TypeCache.ScanAssembly (0ms)
			ScanForSourceGeneratedMonoScriptInfo (0ms)
			ResolveRequiredComponents (6ms)
	FinalizeReload (977ms)
		ReleaseScriptCaches (0ms)
		RebuildScriptCaches (0ms)
		SetupLoadedEditorAssemblies (439ms)
			LogAssemblyErrors (0ms)
			InitializePlatformSupportModulesInManaged (21ms)
			SetLoadedEditorAssemblies (4ms)
			RefreshPlugins (0ms)
			BeforeProcessingInitializeOnLoad (63ms)
			ProcessInitializeOnLoadAttributes (322ms)
			ProcessInitializeOnLoadMethodAttributes (21ms)
			AfterProcessingInitializeOnLoad (8ms)
			EditorAssembliesLoaded (0ms)
		ExecutionOrderSort2 (0ms)
		AwakeInstancesAfterBackupRestoration (8ms)
Refreshing native plugins compatible for Editor in 5.36 ms, found 3 plugins.
Preloading 0 native plugins for Editor in 0.00 ms.
Unloading 3316 Unused Serialized files (Serialized files now loaded: 0)
Unloading 15 unused Assets / (99.9 KB). Loaded Objects now: 4194.
Memory consumption went from 142.9 MB to 142.8 MB.
Total: 4.858200 ms (FindLiveObjects: 0.404900 ms CreateObjectMapping: 0.242200 ms MarkObjects: 3.777300 ms  DeleteObjects: 0.432600 ms)

Prepare: number of updated asset objects reloaded= 0
AssetImportParameters requested are different than current active one (requested -> active):
  custom:container-demuxer-ogg: 62fdf1f143b41e24485cea50d1cbac27 -> 
  custom:video-codec-MediaFoundation-h265: 746d11721c4dcdbdad8f713fa42b33f4 -> 
  custom:video-decoder-ogg-theora: a1e56fd34408186e4bbccfd4996cb3dc -> 
  custom:framework-win-MediaFoundation: 216162199b28c13a410421893ffa2e32 -> 
  custom:CustomObjectIndexerAttribute: 9a22284fe3817be447336de3de66b15e -> 
  custom:container-demuxer-webm: 4f35f7cbe854078d1ac9338744f61a02 -> 
  custom:container-muxer-webm: aa71ff27fc2769a1b78a27578f13a17b -> 
  custom:video-decoder-webm-vp8: 9c59270c3fd7afecdb556c50c9e8de78 -> 
  custom:SearchIndexIgnoredProperties: e643bd26f0fe6173181afceb89e7c659 -> 
  custom:AudioImporter_EditorPlatform: d09bf68614088b80899f8185d706f6e7 -> 
  custom:video-encoder-webm-vp8: eb34c28f22e8b96e1ab97ce403110664 -> 
  custom:audio-decoder-ogg-vorbis: bf7c407c2cedff20999df2af8eb42d56 -> 
  custom:audio-encoder-webm-vorbis: bf7c407c2cedff20999df2af8eb42d56 -> 
  custom:scripting/precompiled-assembly-types:Assembly-CSharp: e55a2fa785e173be73e0b402f26eaafd -> 35608be151fe7e05c57e8ab9c9ef4787
========================================================================
Received Prepare
Refreshing native plugins compatible for Editor in 5.72 ms, found 3 plugins.
Preloading 0 native plugins for Editor in 0.00 ms.
Unloading 2 Unused Serialized files (Serialized files now loaded: 0)
Unloading 2 unused Assets / (76.5 KB). Loaded Objects now: 4194.
Memory consumption went from 91.5 MB to 91.4 MB.
Total: 4.225400 ms (FindLiveObjects: 0.559600 ms CreateObjectMapping: 0.243400 ms MarkObjects: 3.366400 ms  DeleteObjects: 0.054500 ms)

Prepare: number of updated asset objects reloaded= 0
AssetImportParameters requested are different than current active one (requested -> active):
  custom:container-demuxer-ogg: 62fdf1f143b41e24485cea50d1cbac27 -> 
  custom:video-codec-MediaFoundation-h265: 746d11721c4dcdbdad8f713fa42b33f4 -> 
  custom:video-decoder-ogg-theora: a1e56fd34408186e4bbccfd4996cb3dc -> 
  custom:framework-win-MediaFoundation: 216162199b28c13a410421893ffa2e32 -> 
  custom:CustomObjectIndexerAttribute: 9a22284fe3817be447336de3de66b15e -> 
  custom:container-demuxer-webm: 4f35f7cbe854078d1ac9338744f61a02 -> 
  custom:container-muxer-webm: aa71ff27fc2769a1b78a27578f13a17b -> 
  custom:video-decoder-webm-vp8: 9c59270c3fd7afecdb556c50c9e8de78 -> 
  custom:SearchIndexIgnoredProperties: e643bd26f0fe6173181afceb89e7c659 -> 
  custom:AudioImporter_EditorPlatform: d09bf68614088b80899f8185d706f6e7 -> 
  custom:video-encoder-webm-vp8: eb34c28f22e8b96e1ab97ce403110664 -> 
  custom:audio-decoder-ogg-vorbis: bf7c407c2cedff20999df2af8eb42d56 -> 
  custom:audio-encoder-webm-vorbis: bf7c407c2cedff20999df2af8eb42d56 -> 
  custom:scripting/precompiled-assembly-types:Assembly-CSharp: e55a2fa785e173be73e0b402f26eaafd -> 35608be151fe7e05c57e8ab9c9ef4787
